<design name="lab6">
 <port name="RPB[0]" position="P151"/>
 <port name="RPB[1]" position="P148"/>
 <port name="RPB[2]" position="P150"/>
 <port name="RPB[3]" position="P152"/>
 <port name="RPB[4]" position="P160"/>
 <port name="RPB[5]" position="P161"/>
 <port name="RPB[6]" position="P162"/>
 <port name="RPB[7]" position="P163"/>
 <port name="RPB[8]" position="P164"/>
 <port name="RPB[9]" position="P165"/>
 <port name="RPB[10]" position="P166"/>
 <port name="LED1[0]" position="P7"/>
 <port name="LED1[1]" position="P6"/>
 <port name="LED1[2]" position="P5"/>
 <port name="LED1[3]" position="P4"/>
 <port name="LED1[4]" position="P9"/>
 <port name="LED1[5]" position="P8"/>
 <port name="LED1[6]" position="P16"/>
 <port name="LED1[7]" position="P15"/>
 <port name="LED0[0]" position="P11"/>
 <port name="LED0[1]" position="P10"/>
 <port name="LED0[2]" position="P20"/>
 <port name="LED0[3]" position="P18"/>
 <port name="LED0[4]" position="P17"/>
 <port name="LED0[5]" position="P22"/>
 <port name="LED0[6]" position="P21"/>
 <port name="LED0[7]" position="P23"/>
 <port name="clk" position="P77"/>

</design>