<design name="lab4">
 <port name="inputs[0]" position="P151"/>
 <port name="inputs[1]" position="P148"/>
 <port name="inputs[2]" position="P150"/>
 <port name="inputs[3]" position="P152"/>
 <port name="inputs[4]" position="P160"/>
 <port name="inputs[5]" position="P161"/>
 <port name="inputs[6]" position="P162"/>
 <port name="inputs[7]" position="P163"/>
 <port name="inputs[8]" position="P164"/>
 <port name="inputs[9]" position="P165"/>
 <port name="inputs[10]" position="P166"/>
 <port name="outputs[0]" position="P7"/>
 <port name="outputs[1]" position="P6"/>
 <port name="outputs[2]" position="P5"/>
 <port name="outputs[3]" position="P4"/>
 <port name="outputs[4]" position="P9"/>
 <port name="outputs[5]" position="P8"/>
 <port name="outputs[6]" position="P16"/>
 <port name="outputs[7]" position="P15"/>
 <port name="outputs[8]" position="P11"/>
 <port name="outputs[9]" position="P10"/>
 <port name="outputs[10]" position="P20"/>
 <port name="clk" position="P77"/>

</design>