<design name="lab7">
 <port name="row[0]" position="P7"/>
 <port name="row[1]" position="P6"/>
 <port name="row[2]" position="P5"/>
 <port name="row[3]" position="P4"/>
 <port name="row[4]" position="P9"/>
 <port name="row[5]" position="P8"/>
 <port name="row[6]" position="P16"/>
 <port name="row[7]" position="P15"/>
 <port name="row[8]" position="P11"/>
 <port name="row[9]" position="P10"/>
 <port name="row[10]" position="P20"/>
 <port name="row[11]" position="P18"/>
 <port name="row[12]" position="P17"/>
 <port name="row[13]" position="P22"/>
 <port name="row[14]" position="P21"/>
 <port name="row[15]" position="P23"/>
 <port name="col[0]" position="P44"/>
 <port name="col[1]" position="P45"/>
 <port name="col[2]" position="P46"/>
 <port name="col[3]" position="P43"/>
 <port name="col[4]" position="P40"/>
 <port name="col[5]" position="P41"/>
 <port name="col[6]" position="P42"/>
 <port name="col[7]" position="P33"/>
 <port name="col[8]" position="P34"/>
 <port name="col[9]" position="P35"/>
 <port name="col[10]" position="P36"/>
 <port name="col[11]" position="P30"/>
 <port name="col[12]" position="P31"/>
 <port name="col[13]" position="P24"/>
 <port name="col[14]" position="P27"/>
 <port name="col[15]" position="P29"/>
 <port name="clk" position="P77"/>
 <port name="reset" position="P151"/>

</design>