<design name="button_led">
	<external name="cell_lib">
		<module name="DFFHQ" type="FFLATCH">
			<property name="edge" value="rise"/>
			<port name="D" direction="input"/>
			<port name="CK" direction="input" type="clock"/>
			<port name="Q" direction="output"/>
		</module>
	</external>
	<library name="work_lib">
		<module name="button_led" type="GENERIC">
			<port name="clk" direction="input"/>
			<port name="button" direction="input"/>
			<port name="led" direction="output"/>
			<contents>
				<instance name="led_reg" moduleRef="DFFHQ" libraryRef="cell_lib"/>
				<net name="clk">
					<portRef name="clk"/>
					<portRef name="CK" instanceRef="led_reg"/>
				</net>
				<net name="button">
					<portRef name="button"/>
					<portRef name="D" instanceRef="led_reg"/>
				</net>
				<net name="led">
					<portRef name="Q" instanceRef="led_reg"/>
					<portRef name="led"/>
				</net>
			</contents>
		</module>
	</library>
	<topModule name="button_led" libraryRef="work_lib"/>
</design>

