<design name="button_led">
	<external name="cell_lib">
		<module name="IPAD" type="MACRO">
			<port name="PAD" direction="input"/>
		</module>
		<module name="LOGIC_1" type="MACRO">
			<property name="truthtable" value="|1"/>
			<port name="LOGIC_1_PIN" direction="output"/>
		</module>
		<module name="LOGIC_0" type="MACRO">
			<property name="truthtable" value="|0"/>
			<port name="LOGIC_0_PIN" direction="output"/>
		</module>
		<module name="CLKBUF" type="COMB">
			<property name="truthtable" value="1"/>
			<port name="I" direction="input"/>
			<port name="O" direction="output"/>
		</module>
		<module name="IBUF" type="COMB">
			<property name="truthtable" value="1"/>
			<port name="I" direction="input"/>
			<port name="O" direction="output"/>
		</module>
		<module name="OBUF" type="COMB">
			<property name="truthtable" value="1"/>
			<port name="I" direction="input"/>
			<port name="O" direction="output"/>
		</module>
		<module name="DFFHQ" type="FFLATCH">
			<property name="edge" value="rise"/>
			<port name="D" direction="input"/>
			<port name="CK" direction="input" type="clock"/>
			<port name="Q" direction="output"/>
		</module>
		<module name="OPAD" type="MACRO">
			<port name="PAD" direction="output"/>
		</module>
	</external>
	<library name="work_lib">
		<module name="button_led">
			<port name="clk" direction="input"/>
			<port name="button" direction="input"/>
			<port name="led" direction="output"/>
			<contents>
				<instance name="clk_ipad" moduleRef="IPAD" libraryRef="cell_lib"/>
				<instance name="button_ipad" moduleRef="IPAD" libraryRef="cell_lib"/>
				<instance name="VCC" moduleRef="LOGIC_1" libraryRef="cell_lib"/>
				<instance name="GND" moduleRef="LOGIC_0" libraryRef="cell_lib"/>
				<instance name="Buf-pad-clk" moduleRef="CLKBUF" libraryRef="cell_lib"/>
				<instance name="IBuf-clkpad-clk" moduleRef="CLKBUF" libraryRef="cell_lib"/>
				<instance name="Buf-pad-button" moduleRef="IBUF" libraryRef="cell_lib"/>
				<instance name="Buf-pad-led" moduleRef="OBUF" libraryRef="cell_lib"/>
				<instance name="led_reg" moduleRef="DFFHQ" libraryRef="cell_lib"/>
				<instance name="led_opad" moduleRef="OPAD" libraryRef="cell_lib"/>
				<net name="clk">
					<portRef name="clk"/>
					<portRef name="PAD" instanceRef="clk_ipad"/>
					<portRef name="I" instanceRef="Buf-pad-clk"/>
				</net>
				<net name="button">
					<portRef name="button"/>
					<portRef name="PAD" instanceRef="button_ipad"/>
					<portRef name="I" instanceRef="Buf-pad-button"/>
				</net>
				<net name="net_Buf-pad-clk">
					<portRef name="O" instanceRef="Buf-pad-clk"/>
					<portRef name="I" instanceRef="IBuf-clkpad-clk"/>
				</net>
				<net name="net_led_reg">
					<portRef name="Q" instanceRef="led_reg"/>
					<portRef name="I" instanceRef="Buf-pad-led"/>
				</net>
				<net name="net_Buf-pad-button">
					<portRef name="O" instanceRef="Buf-pad-button"/>
					<portRef name="D" instanceRef="led_reg"/>
				</net>
				<net name="net_IBuf-clkpad-clk" type="clock">
					<portRef name="O" instanceRef="IBuf-clkpad-clk"/>
					<portRef name="CK" instanceRef="led_reg"/>
				</net>
				<net name="led">
					<portRef name="PAD" instanceRef="led_opad"/>
					<portRef name="O" instanceRef="Buf-pad-led"/>
					<portRef name="led"/>
				</net>
			</contents>
		</module>
	</library>
	<topModule name="button_led" libraryRef="work_lib"/>
</design>

