<design name="lab4">
	<external name="template_work_lib">
		<module name="slice" type="SLICE">
			<port name="CIN" direction="input" capacitance="0.00000"/>
			<port name="SR" direction="input" capacitance="0.00000"/>
			<port name="CLK" direction="input" capacitance="0.00000"/>
			<port name="CE" direction="input" capacitance="0.00000"/>
			<port name="BX" direction="input" capacitance="0.00000"/>
			<port name="F1" direction="input" capacitance="0.00000"/>
			<port name="F2" direction="input" capacitance="0.00000"/>
			<port name="F3" direction="input" capacitance="0.00000"/>
			<port name="F4" direction="input" capacitance="0.00000"/>
			<port name="F5IN" direction="input" capacitance="0.00000"/>
			<port name="BY" direction="input" capacitance="0.00000"/>
			<port name="G1" direction="input" capacitance="0.00000"/>
			<port name="G2" direction="input" capacitance="0.00000"/>
			<port name="G3" direction="input" capacitance="0.00000"/>
			<port name="G4" direction="input" capacitance="0.00000"/>
			<port name="XQ" direction="output" capacitance="0.00000"/>
			<port name="X" direction="output" capacitance="0.00000"/>
			<port name="F5" direction="output" capacitance="0.00000"/>
			<port name="XB" direction="output" capacitance="0.00000"/>
			<port name="YQ" direction="output" capacitance="0.00000"/>
			<port name="Y" direction="output" capacitance="0.00000"/>
			<port name="YB" direction="output" capacitance="0.00000"/>
			<port name="COUT" direction="output" capacitance="0.00000"/>
		</module>
		<module name="iob" type="IOB">
			<port name="TRI" direction="input" capacitance="0.00000"/>
			<port name="TRICE" direction="input" capacitance="0.00000"/>
			<port name="OUT" direction="input" capacitance="0.00000"/>
			<port name="OUTCE" direction="input" capacitance="0.00000"/>
			<port name="INCE" direction="input" capacitance="0.00000"/>
			<port name="CLK" direction="input" capacitance="0.00000"/>
			<port name="SR" direction="input" capacitance="0.00000"/>
			<port name="IN" direction="output" capacitance="0.00000"/>
			<port name="IQ" direction="output" capacitance="0.00000"/>
			<port name="PAD" direction="inout" capacitance="0.00000"/>
		</module>
		<module name="gclk" type="GCLK">
			<port name="CE" direction="input" capacitance="0.00000"/>
			<port name="IN" direction="input" capacitance="0.00000"/>
			<port name="OUT" direction="output" capacitance="0.00000"/>
		</module>
		<module name="gclkiob" type="GCLKIOB">
			<port name="PAD" direction="inout" capacitance="0.00000"/>
			<port name="GCLKOUT" direction="output" capacitance="0.00000"/>
		</module>
	</external>
	<library name="work_lib">
		<module name="lab4">
			<port name="inputs" msb="10" lsb="0" direction="input" capacitance="0.00000"/>
			<port name="clk" direction="input" capacitance="0.00000"/>
			<port name="outputs" msb="10" lsb="0" direction="output" capacitance="0.00000"/>
			<contents>
				<instance name="iSlice__0__" moduleRef="slice" libraryRef="template_work_lib">
					<property name="position" type="point" value="7,42,0"/>
					<config name="BXMUX" value="BX"/>
					<config name="BYMUX" value="BY"/>
					<config name="CEMUX" value="#OFF"/>
					<config name="CKINV" value="1"/>
					<config name="COUTUSED" value="#OFF"/>
					<config name="CY0F" value="#OFF"/>
					<config name="CY0G" value="#OFF"/>
					<config name="CYINIT" value="#OFF"/>
					<config name="CYSELF" value="#OFF"/>
					<config name="CYSELG" value="#OFF"/>
					<config name="DXMUX" value="0"/>
					<config name="DYMUX" value="0"/>
					<config name="F" value="#OFF"/>
					<config name="F5USED" value="#OFF"/>
					<config name="FFX" value="#FF"/>
					<config name="FFY" value="#FF"/>
					<config name="FXMUX" value="#OFF"/>
					<config name="G" value="#OFF"/>
					<config name="GYMUX" value="#OFF"/>
					<config name="INITX" value="LOW"/>
					<config name="INITY" value="LOW"/>
					<config name="RAMCONFIG" value="#OFF"/>
					<config name="REVUSED" value="#OFF"/>
					<config name="SRFFMUX" value="#OFF"/>
					<config name="SRMUX" value="#OFF"/>
					<config name="SYNC_ATTR" value="ASYNC"/>
					<config name="XBUSED" value="#OFF"/>
					<config name="XUSED" value="#OFF"/>
					<config name="YBMUX" value="#OFF"/>
					<config name="YUSED" value="#OFF"/>
				</instance>
				<instance name="iSlice__1__" moduleRef="slice" libraryRef="template_work_lib">
					<property name="position" type="point" value="6,31,0"/>
					<config name="BXMUX" value="BX"/>
					<config name="BYMUX" value="BY"/>
					<config name="CEMUX" value="#OFF"/>
					<config name="CKINV" value="1"/>
					<config name="COUTUSED" value="#OFF"/>
					<config name="CY0F" value="#OFF"/>
					<config name="CY0G" value="#OFF"/>
					<config name="CYINIT" value="#OFF"/>
					<config name="CYSELF" value="#OFF"/>
					<config name="CYSELG" value="#OFF"/>
					<config name="DXMUX" value="0"/>
					<config name="DYMUX" value="0"/>
					<config name="F" value="#OFF"/>
					<config name="F5USED" value="#OFF"/>
					<config name="FFX" value="#FF"/>
					<config name="FFY" value="#FF"/>
					<config name="FXMUX" value="#OFF"/>
					<config name="G" value="#OFF"/>
					<config name="GYMUX" value="#OFF"/>
					<config name="INITX" value="LOW"/>
					<config name="INITY" value="LOW"/>
					<config name="RAMCONFIG" value="#OFF"/>
					<config name="REVUSED" value="#OFF"/>
					<config name="SRFFMUX" value="#OFF"/>
					<config name="SRMUX" value="#OFF"/>
					<config name="SYNC_ATTR" value="ASYNC"/>
					<config name="XBUSED" value="#OFF"/>
					<config name="XUSED" value="#OFF"/>
					<config name="YBMUX" value="#OFF"/>
					<config name="YUSED" value="#OFF"/>
				</instance>
				<instance name="iSlice__2__" moduleRef="slice" libraryRef="template_work_lib">
					<property name="position" type="point" value="2,9,0"/>
					<config name="BXMUX" value="BX"/>
					<config name="BYMUX" value="BY"/>
					<config name="CEMUX" value="#OFF"/>
					<config name="CKINV" value="1"/>
					<config name="COUTUSED" value="#OFF"/>
					<config name="CY0F" value="#OFF"/>
					<config name="CY0G" value="#OFF"/>
					<config name="CYINIT" value="#OFF"/>
					<config name="CYSELF" value="#OFF"/>
					<config name="CYSELG" value="#OFF"/>
					<config name="DXMUX" value="0"/>
					<config name="DYMUX" value="0"/>
					<config name="F" value="#OFF"/>
					<config name="F5USED" value="#OFF"/>
					<config name="FFX" value="#FF"/>
					<config name="FFY" value="#FF"/>
					<config name="FXMUX" value="#OFF"/>
					<config name="G" value="#OFF"/>
					<config name="GYMUX" value="#OFF"/>
					<config name="INITX" value="LOW"/>
					<config name="INITY" value="LOW"/>
					<config name="RAMCONFIG" value="#OFF"/>
					<config name="REVUSED" value="#OFF"/>
					<config name="SRFFMUX" value="#OFF"/>
					<config name="SRMUX" value="#OFF"/>
					<config name="SYNC_ATTR" value="ASYNC"/>
					<config name="XBUSED" value="#OFF"/>
					<config name="XUSED" value="#OFF"/>
					<config name="YBMUX" value="#OFF"/>
					<config name="YUSED" value="#OFF"/>
				</instance>
				<instance name="iSlice__3__" moduleRef="slice" libraryRef="template_work_lib">
					<property name="position" type="point" value="3,49,0"/>
					<config name="BXMUX" value="BX"/>
					<config name="BYMUX" value="BY"/>
					<config name="CEMUX" value="#OFF"/>
					<config name="CKINV" value="1"/>
					<config name="COUTUSED" value="#OFF"/>
					<config name="CY0F" value="#OFF"/>
					<config name="CY0G" value="#OFF"/>
					<config name="CYINIT" value="#OFF"/>
					<config name="CYSELF" value="#OFF"/>
					<config name="CYSELG" value="#OFF"/>
					<config name="DXMUX" value="0"/>
					<config name="DYMUX" value="0"/>
					<config name="F" value="#OFF"/>
					<config name="F5USED" value="#OFF"/>
					<config name="FFX" value="#FF"/>
					<config name="FFY" value="#FF"/>
					<config name="FXMUX" value="#OFF"/>
					<config name="G" value="#OFF"/>
					<config name="GYMUX" value="#OFF"/>
					<config name="INITX" value="LOW"/>
					<config name="INITY" value="LOW"/>
					<config name="RAMCONFIG" value="#OFF"/>
					<config name="REVUSED" value="#OFF"/>
					<config name="SRFFMUX" value="#OFF"/>
					<config name="SRMUX" value="#OFF"/>
					<config name="SYNC_ATTR" value="ASYNC"/>
					<config name="XBUSED" value="#OFF"/>
					<config name="XUSED" value="#OFF"/>
					<config name="YBMUX" value="#OFF"/>
					<config name="YUSED" value="#OFF"/>
				</instance>
				<instance name="iSlice__4__" moduleRef="slice" libraryRef="template_work_lib">
					<property name="position" type="point" value="5,15,0"/>
					<config name="BXMUX" value="BX"/>
					<config name="BYMUX" value="BY"/>
					<config name="CEMUX" value="#OFF"/>
					<config name="CKINV" value="1"/>
					<config name="COUTUSED" value="#OFF"/>
					<config name="CY0F" value="#OFF"/>
					<config name="CY0G" value="#OFF"/>
					<config name="CYINIT" value="#OFF"/>
					<config name="CYSELF" value="#OFF"/>
					<config name="CYSELG" value="#OFF"/>
					<config name="DXMUX" value="0"/>
					<config name="DYMUX" value="0"/>
					<config name="F" value="#OFF"/>
					<config name="F5USED" value="#OFF"/>
					<config name="FFX" value="#FF"/>
					<config name="FFY" value="#FF"/>
					<config name="FXMUX" value="#OFF"/>
					<config name="G" value="#OFF"/>
					<config name="GYMUX" value="#OFF"/>
					<config name="INITX" value="LOW"/>
					<config name="INITY" value="LOW"/>
					<config name="RAMCONFIG" value="#OFF"/>
					<config name="REVUSED" value="#OFF"/>
					<config name="SRFFMUX" value="#OFF"/>
					<config name="SRMUX" value="#OFF"/>
					<config name="SYNC_ATTR" value="ASYNC"/>
					<config name="XBUSED" value="#OFF"/>
					<config name="XUSED" value="#OFF"/>
					<config name="YBMUX" value="#OFF"/>
					<config name="YUSED" value="#OFF"/>
				</instance>
				<instance name="iSlice__5__" moduleRef="slice" libraryRef="template_work_lib">
					<property name="position" type="point" value="5,6,0"/>
					<config name="BXMUX" value="BX"/>
					<config name="BYMUX" value="#OFF"/>
					<config name="CEMUX" value="#OFF"/>
					<config name="CKINV" value="1"/>
					<config name="COUTUSED" value="#OFF"/>
					<config name="CY0F" value="#OFF"/>
					<config name="CY0G" value="#OFF"/>
					<config name="CYINIT" value="#OFF"/>
					<config name="CYSELF" value="#OFF"/>
					<config name="CYSELG" value="#OFF"/>
					<config name="DXMUX" value="0"/>
					<config name="DYMUX" value="#OFF"/>
					<config name="F" value="#OFF"/>
					<config name="F5USED" value="#OFF"/>
					<config name="FFX" value="#FF"/>
					<config name="FFY" value="#OFF"/>
					<config name="FXMUX" value="#OFF"/>
					<config name="G" value="#OFF"/>
					<config name="GYMUX" value="#OFF"/>
					<config name="INITX" value="LOW"/>
					<config name="INITY" value="#OFF"/>
					<config name="RAMCONFIG" value="#OFF"/>
					<config name="REVUSED" value="#OFF"/>
					<config name="SRFFMUX" value="#OFF"/>
					<config name="SRMUX" value="#OFF"/>
					<config name="SYNC_ATTR" value="ASYNC"/>
					<config name="XBUSED" value="#OFF"/>
					<config name="XUSED" value="#OFF"/>
					<config name="YBMUX" value="#OFF"/>
					<config name="YUSED" value="#OFF"/>
				</instance>
				<instance name="inputs[10]" moduleRef="iob" libraryRef="template_work_lib">
					<property name="position" type="point" value="0,43,1"/>
					<config name="DRIVEATTRBOX" value="#OFF"/>
					<config name="FFATTRBOX" value="#OFF"/>
					<config name="ICEMUX" value="#OFF"/>
					<config name="ICKINV" value="#OFF"/>
					<config name="IFF" value="#OFF"/>
					<config name="IFFINITATTR" value="#OFF"/>
					<config name="IFFMUX" value="#OFF"/>
					<config name="IINITMUX" value="#OFF"/>
					<config name="IMUX" value="1"/>
					<config name="IOATTRBOX" value="LVTTL"/>
					<config name="OCEMUX" value="#OFF"/>
					<config name="OCKINV" value="#OFF"/>
					<config name="OFF" value="#OFF"/>
					<config name="OFFATTRBOX" value="#OFF"/>
					<config name="OINITMUX" value="#OFF"/>
					<config name="OMUX" value="#OFF"/>
					<config name="OUTMUX" value="#OFF"/>
					<config name="PULL" value="#OFF"/>
					<config name="SLEW" value="#OFF"/>
					<config name="SRMUX" value="#OFF"/>
					<config name="TCEMUX" value="#OFF"/>
					<config name="TCKINV" value="#OFF"/>
					<config name="TFF" value="#OFF"/>
					<config name="TFFATTRBOX" value="#OFF"/>
					<config name="TINITMUX" value="#OFF"/>
					<config name="TRIMUX" value="#OFF"/>
					<config name="TSEL" value="#OFF"/>
				</instance>
				<instance name="inputs[9]" moduleRef="iob" libraryRef="template_work_lib">
					<property name="position" type="point" value="0,46,2"/>
					<config name="DRIVEATTRBOX" value="#OFF"/>
					<config name="FFATTRBOX" value="#OFF"/>
					<config name="ICEMUX" value="#OFF"/>
					<config name="ICKINV" value="#OFF"/>
					<config name="IFF" value="#OFF"/>
					<config name="IFFINITATTR" value="#OFF"/>
					<config name="IFFMUX" value="#OFF"/>
					<config name="IINITMUX" value="#OFF"/>
					<config name="IMUX" value="1"/>
					<config name="IOATTRBOX" value="LVTTL"/>
					<config name="OCEMUX" value="#OFF"/>
					<config name="OCKINV" value="#OFF"/>
					<config name="OFF" value="#OFF"/>
					<config name="OFFATTRBOX" value="#OFF"/>
					<config name="OINITMUX" value="#OFF"/>
					<config name="OMUX" value="#OFF"/>
					<config name="OUTMUX" value="#OFF"/>
					<config name="PULL" value="#OFF"/>
					<config name="SLEW" value="#OFF"/>
					<config name="SRMUX" value="#OFF"/>
					<config name="TCEMUX" value="#OFF"/>
					<config name="TCKINV" value="#OFF"/>
					<config name="TFF" value="#OFF"/>
					<config name="TFFATTRBOX" value="#OFF"/>
					<config name="TINITMUX" value="#OFF"/>
					<config name="TRIMUX" value="#OFF"/>
					<config name="TSEL" value="#OFF"/>
				</instance>
				<instance name="inputs[8]" moduleRef="iob" libraryRef="template_work_lib">
					<property name="position" type="point" value="0,46,1"/>
					<config name="DRIVEATTRBOX" value="#OFF"/>
					<config name="FFATTRBOX" value="#OFF"/>
					<config name="ICEMUX" value="#OFF"/>
					<config name="ICKINV" value="#OFF"/>
					<config name="IFF" value="#OFF"/>
					<config name="IFFINITATTR" value="#OFF"/>
					<config name="IFFMUX" value="#OFF"/>
					<config name="IINITMUX" value="#OFF"/>
					<config name="IMUX" value="1"/>
					<config name="IOATTRBOX" value="LVTTL"/>
					<config name="OCEMUX" value="#OFF"/>
					<config name="OCKINV" value="#OFF"/>
					<config name="OFF" value="#OFF"/>
					<config name="OFFATTRBOX" value="#OFF"/>
					<config name="OINITMUX" value="#OFF"/>
					<config name="OMUX" value="#OFF"/>
					<config name="OUTMUX" value="#OFF"/>
					<config name="PULL" value="#OFF"/>
					<config name="SLEW" value="#OFF"/>
					<config name="SRMUX" value="#OFF"/>
					<config name="TCEMUX" value="#OFF"/>
					<config name="TCKINV" value="#OFF"/>
					<config name="TFF" value="#OFF"/>
					<config name="TFFATTRBOX" value="#OFF"/>
					<config name="TINITMUX" value="#OFF"/>
					<config name="TRIMUX" value="#OFF"/>
					<config name="TSEL" value="#OFF"/>
				</instance>
				<instance name="inputs[7]" moduleRef="iob" libraryRef="template_work_lib">
					<property name="position" type="point" value="0,47,2"/>
					<config name="DRIVEATTRBOX" value="#OFF"/>
					<config name="FFATTRBOX" value="#OFF"/>
					<config name="ICEMUX" value="#OFF"/>
					<config name="ICKINV" value="#OFF"/>
					<config name="IFF" value="#OFF"/>
					<config name="IFFINITATTR" value="#OFF"/>
					<config name="IFFMUX" value="#OFF"/>
					<config name="IINITMUX" value="#OFF"/>
					<config name="IMUX" value="1"/>
					<config name="IOATTRBOX" value="LVTTL"/>
					<config name="OCEMUX" value="#OFF"/>
					<config name="OCKINV" value="#OFF"/>
					<config name="OFF" value="#OFF"/>
					<config name="OFFATTRBOX" value="#OFF"/>
					<config name="OINITMUX" value="#OFF"/>
					<config name="OMUX" value="#OFF"/>
					<config name="OUTMUX" value="#OFF"/>
					<config name="PULL" value="#OFF"/>
					<config name="SLEW" value="#OFF"/>
					<config name="SRMUX" value="#OFF"/>
					<config name="TCEMUX" value="#OFF"/>
					<config name="TCKINV" value="#OFF"/>
					<config name="TFF" value="#OFF"/>
					<config name="TFFATTRBOX" value="#OFF"/>
					<config name="TINITMUX" value="#OFF"/>
					<config name="TRIMUX" value="#OFF"/>
					<config name="TSEL" value="#OFF"/>
				</instance>
				<instance name="inputs[6]" moduleRef="iob" libraryRef="template_work_lib">
					<property name="position" type="point" value="0,49,1"/>
					<config name="DRIVEATTRBOX" value="#OFF"/>
					<config name="FFATTRBOX" value="#OFF"/>
					<config name="ICEMUX" value="#OFF"/>
					<config name="ICKINV" value="#OFF"/>
					<config name="IFF" value="#OFF"/>
					<config name="IFFINITATTR" value="#OFF"/>
					<config name="IFFMUX" value="#OFF"/>
					<config name="IINITMUX" value="#OFF"/>
					<config name="IMUX" value="1"/>
					<config name="IOATTRBOX" value="LVTTL"/>
					<config name="OCEMUX" value="#OFF"/>
					<config name="OCKINV" value="#OFF"/>
					<config name="OFF" value="#OFF"/>
					<config name="OFFATTRBOX" value="#OFF"/>
					<config name="OINITMUX" value="#OFF"/>
					<config name="OMUX" value="#OFF"/>
					<config name="OUTMUX" value="#OFF"/>
					<config name="PULL" value="#OFF"/>
					<config name="SLEW" value="#OFF"/>
					<config name="SRMUX" value="#OFF"/>
					<config name="TCEMUX" value="#OFF"/>
					<config name="TCKINV" value="#OFF"/>
					<config name="TFF" value="#OFF"/>
					<config name="TFFATTRBOX" value="#OFF"/>
					<config name="TINITMUX" value="#OFF"/>
					<config name="TRIMUX" value="#OFF"/>
					<config name="TSEL" value="#OFF"/>
				</instance>
				<instance name="inputs[5]" moduleRef="iob" libraryRef="template_work_lib">
					<property name="position" type="point" value="0,52,2"/>
					<config name="DRIVEATTRBOX" value="#OFF"/>
					<config name="FFATTRBOX" value="#OFF"/>
					<config name="ICEMUX" value="#OFF"/>
					<config name="ICKINV" value="#OFF"/>
					<config name="IFF" value="#OFF"/>
					<config name="IFFINITATTR" value="#OFF"/>
					<config name="IFFMUX" value="#OFF"/>
					<config name="IINITMUX" value="#OFF"/>
					<config name="IMUX" value="1"/>
					<config name="IOATTRBOX" value="LVTTL"/>
					<config name="OCEMUX" value="#OFF"/>
					<config name="OCKINV" value="#OFF"/>
					<config name="OFF" value="#OFF"/>
					<config name="OFFATTRBOX" value="#OFF"/>
					<config name="OINITMUX" value="#OFF"/>
					<config name="OMUX" value="#OFF"/>
					<config name="OUTMUX" value="#OFF"/>
					<config name="PULL" value="#OFF"/>
					<config name="SLEW" value="#OFF"/>
					<config name="SRMUX" value="#OFF"/>
					<config name="TCEMUX" value="#OFF"/>
					<config name="TCKINV" value="#OFF"/>
					<config name="TFF" value="#OFF"/>
					<config name="TFFATTRBOX" value="#OFF"/>
					<config name="TINITMUX" value="#OFF"/>
					<config name="TRIMUX" value="#OFF"/>
					<config name="TSEL" value="#OFF"/>
				</instance>
				<instance name="inputs[4]" moduleRef="iob" libraryRef="template_work_lib">
					<property name="position" type="point" value="0,52,1"/>
					<config name="DRIVEATTRBOX" value="#OFF"/>
					<config name="FFATTRBOX" value="#OFF"/>
					<config name="ICEMUX" value="#OFF"/>
					<config name="ICKINV" value="#OFF"/>
					<config name="IFF" value="#OFF"/>
					<config name="IFFINITATTR" value="#OFF"/>
					<config name="IFFMUX" value="#OFF"/>
					<config name="IINITMUX" value="#OFF"/>
					<config name="IMUX" value="1"/>
					<config name="IOATTRBOX" value="LVTTL"/>
					<config name="OCEMUX" value="#OFF"/>
					<config name="OCKINV" value="#OFF"/>
					<config name="OFF" value="#OFF"/>
					<config name="OFFATTRBOX" value="#OFF"/>
					<config name="OINITMUX" value="#OFF"/>
					<config name="OMUX" value="#OFF"/>
					<config name="OUTMUX" value="#OFF"/>
					<config name="PULL" value="#OFF"/>
					<config name="SLEW" value="#OFF"/>
					<config name="SRMUX" value="#OFF"/>
					<config name="TCEMUX" value="#OFF"/>
					<config name="TCKINV" value="#OFF"/>
					<config name="TFF" value="#OFF"/>
					<config name="TFFATTRBOX" value="#OFF"/>
					<config name="TINITMUX" value="#OFF"/>
					<config name="TRIMUX" value="#OFF"/>
					<config name="TSEL" value="#OFF"/>
				</instance>
				<instance name="inputs[3]" moduleRef="iob" libraryRef="template_work_lib">
					<property name="position" type="point" value="3,53,1"/>
					<config name="DRIVEATTRBOX" value="#OFF"/>
					<config name="FFATTRBOX" value="#OFF"/>
					<config name="ICEMUX" value="#OFF"/>
					<config name="ICKINV" value="#OFF"/>
					<config name="IFF" value="#OFF"/>
					<config name="IFFINITATTR" value="#OFF"/>
					<config name="IFFMUX" value="#OFF"/>
					<config name="IINITMUX" value="#OFF"/>
					<config name="IMUX" value="1"/>
					<config name="IOATTRBOX" value="LVTTL"/>
					<config name="OCEMUX" value="#OFF"/>
					<config name="OCKINV" value="#OFF"/>
					<config name="OFF" value="#OFF"/>
					<config name="OFFATTRBOX" value="#OFF"/>
					<config name="OINITMUX" value="#OFF"/>
					<config name="OMUX" value="#OFF"/>
					<config name="OUTMUX" value="#OFF"/>
					<config name="PULL" value="#OFF"/>
					<config name="SLEW" value="#OFF"/>
					<config name="SRMUX" value="#OFF"/>
					<config name="TCEMUX" value="#OFF"/>
					<config name="TCKINV" value="#OFF"/>
					<config name="TFF" value="#OFF"/>
					<config name="TFFATTRBOX" value="#OFF"/>
					<config name="TINITMUX" value="#OFF"/>
					<config name="TRIMUX" value="#OFF"/>
					<config name="TSEL" value="#OFF"/>
				</instance>
				<instance name="inputs[2]" moduleRef="iob" libraryRef="template_work_lib">
					<property name="position" type="point" value="5,53,1"/>
					<config name="DRIVEATTRBOX" value="#OFF"/>
					<config name="FFATTRBOX" value="#OFF"/>
					<config name="ICEMUX" value="#OFF"/>
					<config name="ICKINV" value="#OFF"/>
					<config name="IFF" value="#OFF"/>
					<config name="IFFINITATTR" value="#OFF"/>
					<config name="IFFMUX" value="#OFF"/>
					<config name="IINITMUX" value="#OFF"/>
					<config name="IMUX" value="1"/>
					<config name="IOATTRBOX" value="LVTTL"/>
					<config name="OCEMUX" value="#OFF"/>
					<config name="OCKINV" value="#OFF"/>
					<config name="OFF" value="#OFF"/>
					<config name="OFFATTRBOX" value="#OFF"/>
					<config name="OINITMUX" value="#OFF"/>
					<config name="OMUX" value="#OFF"/>
					<config name="OUTMUX" value="#OFF"/>
					<config name="PULL" value="#OFF"/>
					<config name="SLEW" value="#OFF"/>
					<config name="SRMUX" value="#OFF"/>
					<config name="TCEMUX" value="#OFF"/>
					<config name="TCKINV" value="#OFF"/>
					<config name="TFF" value="#OFF"/>
					<config name="TFFATTRBOX" value="#OFF"/>
					<config name="TINITMUX" value="#OFF"/>
					<config name="TRIMUX" value="#OFF"/>
					<config name="TSEL" value="#OFF"/>
				</instance>
				<instance name="inputs[1]" moduleRef="iob" libraryRef="template_work_lib">
					<property name="position" type="point" value="7,53,1"/>
					<config name="DRIVEATTRBOX" value="#OFF"/>
					<config name="FFATTRBOX" value="#OFF"/>
					<config name="ICEMUX" value="#OFF"/>
					<config name="ICKINV" value="#OFF"/>
					<config name="IFF" value="#OFF"/>
					<config name="IFFINITATTR" value="#OFF"/>
					<config name="IFFMUX" value="#OFF"/>
					<config name="IINITMUX" value="#OFF"/>
					<config name="IMUX" value="1"/>
					<config name="IOATTRBOX" value="LVTTL"/>
					<config name="OCEMUX" value="#OFF"/>
					<config name="OCKINV" value="#OFF"/>
					<config name="OFF" value="#OFF"/>
					<config name="OFFATTRBOX" value="#OFF"/>
					<config name="OINITMUX" value="#OFF"/>
					<config name="OMUX" value="#OFF"/>
					<config name="OUTMUX" value="#OFF"/>
					<config name="PULL" value="#OFF"/>
					<config name="SLEW" value="#OFF"/>
					<config name="SRMUX" value="#OFF"/>
					<config name="TCEMUX" value="#OFF"/>
					<config name="TCKINV" value="#OFF"/>
					<config name="TFF" value="#OFF"/>
					<config name="TFFATTRBOX" value="#OFF"/>
					<config name="TINITMUX" value="#OFF"/>
					<config name="TRIMUX" value="#OFF"/>
					<config name="TSEL" value="#OFF"/>
				</instance>
				<instance name="inputs[0]" moduleRef="iob" libraryRef="template_work_lib">
					<property name="position" type="point" value="4,53,3"/>
					<config name="DRIVEATTRBOX" value="#OFF"/>
					<config name="FFATTRBOX" value="#OFF"/>
					<config name="ICEMUX" value="#OFF"/>
					<config name="ICKINV" value="#OFF"/>
					<config name="IFF" value="#OFF"/>
					<config name="IFFINITATTR" value="#OFF"/>
					<config name="IFFMUX" value="#OFF"/>
					<config name="IINITMUX" value="#OFF"/>
					<config name="IMUX" value="1"/>
					<config name="IOATTRBOX" value="LVTTL"/>
					<config name="OCEMUX" value="#OFF"/>
					<config name="OCKINV" value="#OFF"/>
					<config name="OFF" value="#OFF"/>
					<config name="OFFATTRBOX" value="#OFF"/>
					<config name="OINITMUX" value="#OFF"/>
					<config name="OMUX" value="#OFF"/>
					<config name="OUTMUX" value="#OFF"/>
					<config name="PULL" value="#OFF"/>
					<config name="SLEW" value="#OFF"/>
					<config name="SRMUX" value="#OFF"/>
					<config name="TCEMUX" value="#OFF"/>
					<config name="TCKINV" value="#OFF"/>
					<config name="TFF" value="#OFF"/>
					<config name="TFFATTRBOX" value="#OFF"/>
					<config name="TINITMUX" value="#OFF"/>
					<config name="TRIMUX" value="#OFF"/>
					<config name="TSEL" value="#OFF"/>
				</instance>
				<instance name="outputs[10]" moduleRef="iob" libraryRef="template_work_lib">
					<property name="position" type="point" value="13,1,1"/>
					<config name="DRIVEATTRBOX" value="12"/>
					<config name="FFATTRBOX" value="#OFF"/>
					<config name="ICEMUX" value="#OFF"/>
					<config name="ICKINV" value="#OFF"/>
					<config name="IFF" value="#OFF"/>
					<config name="IFFINITATTR" value="#OFF"/>
					<config name="IFFMUX" value="#OFF"/>
					<config name="IINITMUX" value="#OFF"/>
					<config name="IMUX" value="#OFF"/>
					<config name="IOATTRBOX" value="LVTTL"/>
					<config name="OCEMUX" value="#OFF"/>
					<config name="OCKINV" value="#OFF"/>
					<config name="OFF" value="#OFF"/>
					<config name="OFFATTRBOX" value="#OFF"/>
					<config name="OINITMUX" value="#OFF"/>
					<config name="OMUX" value="O"/>
					<config name="OUTMUX" value="1"/>
					<config name="PULL" value="#OFF"/>
					<config name="SLEW" value="SLOW"/>
					<config name="SRMUX" value="#OFF"/>
					<config name="TCEMUX" value="#OFF"/>
					<config name="TCKINV" value="#OFF"/>
					<config name="TFF" value="#OFF"/>
					<config name="TFFATTRBOX" value="#OFF"/>
					<config name="TINITMUX" value="#OFF"/>
					<config name="TRIMUX" value="#OFF"/>
					<config name="TSEL" value="#OFF"/>
				</instance>
				<instance name="outputs[9]" moduleRef="iob" libraryRef="template_work_lib">
					<property name="position" type="point" value="8,1,2"/>
					<config name="DRIVEATTRBOX" value="12"/>
					<config name="FFATTRBOX" value="#OFF"/>
					<config name="ICEMUX" value="#OFF"/>
					<config name="ICKINV" value="#OFF"/>
					<config name="IFF" value="#OFF"/>
					<config name="IFFINITATTR" value="#OFF"/>
					<config name="IFFMUX" value="#OFF"/>
					<config name="IINITMUX" value="#OFF"/>
					<config name="IMUX" value="#OFF"/>
					<config name="IOATTRBOX" value="LVTTL"/>
					<config name="OCEMUX" value="#OFF"/>
					<config name="OCKINV" value="#OFF"/>
					<config name="OFF" value="#OFF"/>
					<config name="OFFATTRBOX" value="#OFF"/>
					<config name="OINITMUX" value="#OFF"/>
					<config name="OMUX" value="O"/>
					<config name="OUTMUX" value="1"/>
					<config name="PULL" value="#OFF"/>
					<config name="SLEW" value="SLOW"/>
					<config name="SRMUX" value="#OFF"/>
					<config name="TCEMUX" value="#OFF"/>
					<config name="TCKINV" value="#OFF"/>
					<config name="TFF" value="#OFF"/>
					<config name="TFFATTRBOX" value="#OFF"/>
					<config name="TINITMUX" value="#OFF"/>
					<config name="TRIMUX" value="#OFF"/>
					<config name="TSEL" value="#OFF"/>
				</instance>
				<instance name="outputs[8]" moduleRef="iob" libraryRef="template_work_lib">
					<property name="position" type="point" value="8,1,3"/>
					<config name="DRIVEATTRBOX" value="12"/>
					<config name="FFATTRBOX" value="#OFF"/>
					<config name="ICEMUX" value="#OFF"/>
					<config name="ICKINV" value="#OFF"/>
					<config name="IFF" value="#OFF"/>
					<config name="IFFINITATTR" value="#OFF"/>
					<config name="IFFMUX" value="#OFF"/>
					<config name="IINITMUX" value="#OFF"/>
					<config name="IMUX" value="#OFF"/>
					<config name="IOATTRBOX" value="LVTTL"/>
					<config name="OCEMUX" value="#OFF"/>
					<config name="OCKINV" value="#OFF"/>
					<config name="OFF" value="#OFF"/>
					<config name="OFFATTRBOX" value="#OFF"/>
					<config name="OINITMUX" value="#OFF"/>
					<config name="OMUX" value="O"/>
					<config name="OUTMUX" value="1"/>
					<config name="PULL" value="#OFF"/>
					<config name="SLEW" value="SLOW"/>
					<config name="SRMUX" value="#OFF"/>
					<config name="TCEMUX" value="#OFF"/>
					<config name="TCKINV" value="#OFF"/>
					<config name="TFF" value="#OFF"/>
					<config name="TFFATTRBOX" value="#OFF"/>
					<config name="TINITMUX" value="#OFF"/>
					<config name="TRIMUX" value="#OFF"/>
					<config name="TSEL" value="#OFF"/>
				</instance>
				<instance name="outputs[7]" moduleRef="iob" libraryRef="template_work_lib">
					<property name="position" type="point" value="9,1,1"/>
					<config name="DRIVEATTRBOX" value="12"/>
					<config name="FFATTRBOX" value="#OFF"/>
					<config name="ICEMUX" value="#OFF"/>
					<config name="ICKINV" value="#OFF"/>
					<config name="IFF" value="#OFF"/>
					<config name="IFFINITATTR" value="#OFF"/>
					<config name="IFFMUX" value="#OFF"/>
					<config name="IINITMUX" value="#OFF"/>
					<config name="IMUX" value="#OFF"/>
					<config name="IOATTRBOX" value="LVTTL"/>
					<config name="OCEMUX" value="#OFF"/>
					<config name="OCKINV" value="#OFF"/>
					<config name="OFF" value="#OFF"/>
					<config name="OFFATTRBOX" value="#OFF"/>
					<config name="OINITMUX" value="#OFF"/>
					<config name="OMUX" value="O"/>
					<config name="OUTMUX" value="1"/>
					<config name="PULL" value="#OFF"/>
					<config name="SLEW" value="SLOW"/>
					<config name="SRMUX" value="#OFF"/>
					<config name="TCEMUX" value="#OFF"/>
					<config name="TCKINV" value="#OFF"/>
					<config name="TFF" value="#OFF"/>
					<config name="TFFATTRBOX" value="#OFF"/>
					<config name="TINITMUX" value="#OFF"/>
					<config name="TRIMUX" value="#OFF"/>
					<config name="TSEL" value="#OFF"/>
				</instance>
				<instance name="outputs[6]" moduleRef="iob" libraryRef="template_work_lib">
					<property name="position" type="point" value="9,1,2"/>
					<config name="DRIVEATTRBOX" value="12"/>
					<config name="FFATTRBOX" value="#OFF"/>
					<config name="ICEMUX" value="#OFF"/>
					<config name="ICKINV" value="#OFF"/>
					<config name="IFF" value="#OFF"/>
					<config name="IFFINITATTR" value="#OFF"/>
					<config name="IFFMUX" value="#OFF"/>
					<config name="IINITMUX" value="#OFF"/>
					<config name="IMUX" value="#OFF"/>
					<config name="IOATTRBOX" value="LVTTL"/>
					<config name="OCEMUX" value="#OFF"/>
					<config name="OCKINV" value="#OFF"/>
					<config name="OFF" value="#OFF"/>
					<config name="OFFATTRBOX" value="#OFF"/>
					<config name="OINITMUX" value="#OFF"/>
					<config name="OMUX" value="O"/>
					<config name="OUTMUX" value="1"/>
					<config name="PULL" value="#OFF"/>
					<config name="SLEW" value="SLOW"/>
					<config name="SRMUX" value="#OFF"/>
					<config name="TCEMUX" value="#OFF"/>
					<config name="TCKINV" value="#OFF"/>
					<config name="TFF" value="#OFF"/>
					<config name="TFFATTRBOX" value="#OFF"/>
					<config name="TINITMUX" value="#OFF"/>
					<config name="TRIMUX" value="#OFF"/>
					<config name="TSEL" value="#OFF"/>
				</instance>
				<instance name="outputs[5]" moduleRef="iob" libraryRef="template_work_lib">
					<property name="position" type="point" value="7,1,1"/>
					<config name="DRIVEATTRBOX" value="12"/>
					<config name="FFATTRBOX" value="#OFF"/>
					<config name="ICEMUX" value="#OFF"/>
					<config name="ICKINV" value="#OFF"/>
					<config name="IFF" value="#OFF"/>
					<config name="IFFINITATTR" value="#OFF"/>
					<config name="IFFMUX" value="#OFF"/>
					<config name="IINITMUX" value="#OFF"/>
					<config name="IMUX" value="#OFF"/>
					<config name="IOATTRBOX" value="LVTTL"/>
					<config name="OCEMUX" value="#OFF"/>
					<config name="OCKINV" value="#OFF"/>
					<config name="OFF" value="#OFF"/>
					<config name="OFFATTRBOX" value="#OFF"/>
					<config name="OINITMUX" value="#OFF"/>
					<config name="OMUX" value="O"/>
					<config name="OUTMUX" value="1"/>
					<config name="PULL" value="#OFF"/>
					<config name="SLEW" value="SLOW"/>
					<config name="SRMUX" value="#OFF"/>
					<config name="TCEMUX" value="#OFF"/>
					<config name="TCKINV" value="#OFF"/>
					<config name="TFF" value="#OFF"/>
					<config name="TFFATTRBOX" value="#OFF"/>
					<config name="TINITMUX" value="#OFF"/>
					<config name="TRIMUX" value="#OFF"/>
					<config name="TSEL" value="#OFF"/>
				</instance>
				<instance name="outputs[4]" moduleRef="iob" libraryRef="template_work_lib">
					<property name="position" type="point" value="8,1,1"/>
					<config name="DRIVEATTRBOX" value="12"/>
					<config name="FFATTRBOX" value="#OFF"/>
					<config name="ICEMUX" value="#OFF"/>
					<config name="ICKINV" value="#OFF"/>
					<config name="IFF" value="#OFF"/>
					<config name="IFFINITATTR" value="#OFF"/>
					<config name="IFFMUX" value="#OFF"/>
					<config name="IINITMUX" value="#OFF"/>
					<config name="IMUX" value="#OFF"/>
					<config name="IOATTRBOX" value="LVTTL"/>
					<config name="OCEMUX" value="#OFF"/>
					<config name="OCKINV" value="#OFF"/>
					<config name="OFF" value="#OFF"/>
					<config name="OFFATTRBOX" value="#OFF"/>
					<config name="OINITMUX" value="#OFF"/>
					<config name="OMUX" value="O"/>
					<config name="OUTMUX" value="1"/>
					<config name="PULL" value="#OFF"/>
					<config name="SLEW" value="SLOW"/>
					<config name="SRMUX" value="#OFF"/>
					<config name="TCEMUX" value="#OFF"/>
					<config name="TCKINV" value="#OFF"/>
					<config name="TFF" value="#OFF"/>
					<config name="TFFATTRBOX" value="#OFF"/>
					<config name="TINITMUX" value="#OFF"/>
					<config name="TRIMUX" value="#OFF"/>
					<config name="TSEL" value="#OFF"/>
				</instance>
				<instance name="outputs[3]" moduleRef="iob" libraryRef="template_work_lib">
					<property name="position" type="point" value="3,1,1"/>
					<config name="DRIVEATTRBOX" value="12"/>
					<config name="FFATTRBOX" value="#OFF"/>
					<config name="ICEMUX" value="#OFF"/>
					<config name="ICKINV" value="#OFF"/>
					<config name="IFF" value="#OFF"/>
					<config name="IFFINITATTR" value="#OFF"/>
					<config name="IFFMUX" value="#OFF"/>
					<config name="IINITMUX" value="#OFF"/>
					<config name="IMUX" value="#OFF"/>
					<config name="IOATTRBOX" value="LVTTL"/>
					<config name="OCEMUX" value="#OFF"/>
					<config name="OCKINV" value="#OFF"/>
					<config name="OFF" value="#OFF"/>
					<config name="OFFATTRBOX" value="#OFF"/>
					<config name="OINITMUX" value="#OFF"/>
					<config name="OMUX" value="O"/>
					<config name="OUTMUX" value="1"/>
					<config name="PULL" value="#OFF"/>
					<config name="SLEW" value="SLOW"/>
					<config name="SRMUX" value="#OFF"/>
					<config name="TCEMUX" value="#OFF"/>
					<config name="TCKINV" value="#OFF"/>
					<config name="TFF" value="#OFF"/>
					<config name="TFFATTRBOX" value="#OFF"/>
					<config name="TINITMUX" value="#OFF"/>
					<config name="TRIMUX" value="#OFF"/>
					<config name="TSEL" value="#OFF"/>
				</instance>
				<instance name="outputs[2]" moduleRef="iob" libraryRef="template_work_lib">
					<property name="position" type="point" value="4,1,3"/>
					<config name="DRIVEATTRBOX" value="12"/>
					<config name="FFATTRBOX" value="#OFF"/>
					<config name="ICEMUX" value="#OFF"/>
					<config name="ICKINV" value="#OFF"/>
					<config name="IFF" value="#OFF"/>
					<config name="IFFINITATTR" value="#OFF"/>
					<config name="IFFMUX" value="#OFF"/>
					<config name="IINITMUX" value="#OFF"/>
					<config name="IMUX" value="#OFF"/>
					<config name="IOATTRBOX" value="LVTTL"/>
					<config name="OCEMUX" value="#OFF"/>
					<config name="OCKINV" value="#OFF"/>
					<config name="OFF" value="#OFF"/>
					<config name="OFFATTRBOX" value="#OFF"/>
					<config name="OINITMUX" value="#OFF"/>
					<config name="OMUX" value="O"/>
					<config name="OUTMUX" value="1"/>
					<config name="PULL" value="#OFF"/>
					<config name="SLEW" value="SLOW"/>
					<config name="SRMUX" value="#OFF"/>
					<config name="TCEMUX" value="#OFF"/>
					<config name="TCKINV" value="#OFF"/>
					<config name="TFF" value="#OFF"/>
					<config name="TFFATTRBOX" value="#OFF"/>
					<config name="TINITMUX" value="#OFF"/>
					<config name="TRIMUX" value="#OFF"/>
					<config name="TSEL" value="#OFF"/>
				</instance>
				<instance name="outputs[1]" moduleRef="iob" libraryRef="template_work_lib">
					<property name="position" type="point" value="5,1,1"/>
					<config name="DRIVEATTRBOX" value="12"/>
					<config name="FFATTRBOX" value="#OFF"/>
					<config name="ICEMUX" value="#OFF"/>
					<config name="ICKINV" value="#OFF"/>
					<config name="IFF" value="#OFF"/>
					<config name="IFFINITATTR" value="#OFF"/>
					<config name="IFFMUX" value="#OFF"/>
					<config name="IINITMUX" value="#OFF"/>
					<config name="IMUX" value="#OFF"/>
					<config name="IOATTRBOX" value="LVTTL"/>
					<config name="OCEMUX" value="#OFF"/>
					<config name="OCKINV" value="#OFF"/>
					<config name="OFF" value="#OFF"/>
					<config name="OFFATTRBOX" value="#OFF"/>
					<config name="OINITMUX" value="#OFF"/>
					<config name="OMUX" value="O"/>
					<config name="OUTMUX" value="1"/>
					<config name="PULL" value="#OFF"/>
					<config name="SLEW" value="SLOW"/>
					<config name="SRMUX" value="#OFF"/>
					<config name="TCEMUX" value="#OFF"/>
					<config name="TCKINV" value="#OFF"/>
					<config name="TFF" value="#OFF"/>
					<config name="TFFATTRBOX" value="#OFF"/>
					<config name="TINITMUX" value="#OFF"/>
					<config name="TRIMUX" value="#OFF"/>
					<config name="TSEL" value="#OFF"/>
				</instance>
				<instance name="outputs[0]" moduleRef="iob" libraryRef="template_work_lib">
					<property name="position" type="point" value="5,1,2"/>
					<config name="DRIVEATTRBOX" value="12"/>
					<config name="FFATTRBOX" value="#OFF"/>
					<config name="ICEMUX" value="#OFF"/>
					<config name="ICKINV" value="#OFF"/>
					<config name="IFF" value="#OFF"/>
					<config name="IFFINITATTR" value="#OFF"/>
					<config name="IFFMUX" value="#OFF"/>
					<config name="IINITMUX" value="#OFF"/>
					<config name="IMUX" value="#OFF"/>
					<config name="IOATTRBOX" value="LVTTL"/>
					<config name="OCEMUX" value="#OFF"/>
					<config name="OCKINV" value="#OFF"/>
					<config name="OFF" value="#OFF"/>
					<config name="OFFATTRBOX" value="#OFF"/>
					<config name="OINITMUX" value="#OFF"/>
					<config name="OMUX" value="O"/>
					<config name="OUTMUX" value="1"/>
					<config name="PULL" value="#OFF"/>
					<config name="SLEW" value="SLOW"/>
					<config name="SRMUX" value="#OFF"/>
					<config name="TCEMUX" value="#OFF"/>
					<config name="TCKINV" value="#OFF"/>
					<config name="TFF" value="#OFF"/>
					<config name="TFFATTRBOX" value="#OFF"/>
					<config name="TINITMUX" value="#OFF"/>
					<config name="TRIMUX" value="#OFF"/>
					<config name="TSEL" value="#OFF"/>
				</instance>
				<instance name="iGclk_buf__0__" moduleRef="gclk" libraryRef="template_work_lib">
					<property name="position" type="point" value="34,27,1"/>
					<config name="CEMUX" value="1"/>
					<config name="DISABLE_ATTR" value="LOW"/>
					<config name="CE_POWER" value="#OFF"/>
					<config name="GCLK_BUFFER" value="#OFF"/>
				</instance>
				<instance name="clk" moduleRef="gclkiob" libraryRef="template_work_lib">
					<property name="position" type="point" value="34,27,1"/>
					<config name="IOATTRBOX" value="LVTTL"/>
					<config name="GCLK_BUF" value="#OFF"/>
					<config name="PAD" value="#OFF"/>
				</instance>
				<net name="inputs[10]">
					<portRef name="inputs[10]"/>
					<portRef name="PAD" instanceRef="inputs[10]"/>
				</net>
				<net name="inputs[9]">
					<portRef name="inputs[9]"/>
					<portRef name="PAD" instanceRef="inputs[9]"/>
				</net>
				<net name="inputs[8]">
					<portRef name="inputs[8]"/>
					<portRef name="PAD" instanceRef="inputs[8]"/>
				</net>
				<net name="inputs[7]">
					<portRef name="inputs[7]"/>
					<portRef name="PAD" instanceRef="inputs[7]"/>
				</net>
				<net name="inputs[6]">
					<portRef name="inputs[6]"/>
					<portRef name="PAD" instanceRef="inputs[6]"/>
				</net>
				<net name="inputs[5]">
					<portRef name="inputs[5]"/>
					<portRef name="PAD" instanceRef="inputs[5]"/>
				</net>
				<net name="inputs[4]">
					<portRef name="inputs[4]"/>
					<portRef name="PAD" instanceRef="inputs[4]"/>
				</net>
				<net name="inputs[3]">
					<portRef name="inputs[3]"/>
					<portRef name="PAD" instanceRef="inputs[3]"/>
				</net>
				<net name="inputs[2]">
					<portRef name="inputs[2]"/>
					<portRef name="PAD" instanceRef="inputs[2]"/>
				</net>
				<net name="inputs[1]">
					<portRef name="inputs[1]"/>
					<portRef name="PAD" instanceRef="inputs[1]"/>
				</net>
				<net name="inputs[0]">
					<portRef name="inputs[0]"/>
					<portRef name="PAD" instanceRef="inputs[0]"/>
				</net>
				<net name="clk">
					<portRef name="clk"/>
					<portRef name="PAD" instanceRef="clk"/>
				</net>
				<net name="net_Buf-pad-clk" type="clock">
					<portRef name="GCLKOUT" instanceRef="clk"/>
					<portRef name="IN" instanceRef="iGclk_buf__0__"/>
					<pip from="CLKB_CLKPAD1" to="CLKB_GCLKBUF1_IN" position="34,27" dir="-&gt;"/>
				</net>
				<net name="net_outputs_reg[10]">
					<portRef name="XQ" instanceRef="iSlice__0__"/>
					<portRef name="OUT" instanceRef="outputs[10]"/>
					<pip from="S0_XQ" to="OUT5" position="7,42" dir="-&gt;"/>
					<pip from="OUT5" to="LLH6" position="7,42" dir="-&gt;"/>
					<pip from="LLH0" to="H6W1" position="7,9" dir="-&gt;"/>
					<pip from="H6M1" to="V6S1" position="7,6" dir="-&gt;"/>
					<pip from="V6N1" to="H6W1" position="13,6" dir="-&gt;"/>
					<pip from="LEFT_H6A1" to="LEFT_H6A_BUF1" position="13,1" dir="-&gt;"/>
					<pip from="LEFT_H6A_BUF1" to="LEFT_O1" position="13,1" dir="-&gt;"/>
				</net>
				<net name="net_outputs_reg[9]">
					<portRef name="YQ" instanceRef="iSlice__0__"/>
					<portRef name="OUT" instanceRef="outputs[9]"/>
					<pip from="S0_YQ" to="OUT3" position="7,42" dir="-&gt;"/>
					<pip from="OUT3" to="LLH0" position="7,42" dir="-&gt;"/>
					<pip from="LLH0" to="H6W1" position="7,3" dir="-&gt;"/>
					<pip from="H6W1" to="S8" position="7,3" dir="-&gt;"/>
					<pip from="N8" to="W13" position="8,3" dir="-&gt;"/>
					<pip from="E13" to="W13" position="8,2" dir="-&gt;"/>
					<pip from="LEFT_E13" to="LEFT_E_BUF13" position="8,1" dir="-&gt;"/>
					<pip from="LEFT_E_BUF13" to="LEFT_O2" position="8,1" dir="-&gt;"/>
				</net>
				<net name="net_outputs_reg[8]">
					<portRef name="XQ" instanceRef="iSlice__1__"/>
					<portRef name="OUT" instanceRef="outputs[8]"/>
					<pip from="S0_XQ" to="OUT3" position="6,31" dir="-&gt;"/>
					<pip from="OUT3" to="LLH0" position="6,31" dir="-&gt;"/>
					<pip from="LEFT_LLH4" to="LEFT_H6B3" position="6,1" dir="-&gt;"/>
					<pip from="H6M3" to="S21" position="6,2" dir="-&gt;"/>
					<pip from="N21" to="S21" position="7,2" dir="-&gt;"/>
					<pip from="N21" to="W22" position="8,2" dir="-&gt;"/>
					<pip from="LEFT_E22" to="LEFT_E_BUF22" position="8,1" dir="-&gt;"/>
					<pip from="LEFT_E_BUF22" to="LEFT_O3" position="8,1" dir="-&gt;"/>
				</net>
				<net name="net_outputs_reg[7]">
					<portRef name="YQ" instanceRef="iSlice__1__"/>
					<portRef name="OUT" instanceRef="outputs[7]"/>
					<pip from="S0_YQ" to="OUT5" position="6,31" dir="-&gt;"/>
					<pip from="OUT5" to="LLH6" position="6,31" dir="-&gt;"/>
					<pip from="LEFT_LLH10" to="LEFT_H6B1" position="6,1" dir="-&gt;"/>
					<pip from="H6W1" to="V6S1" position="6,5" dir="-&gt;"/>
					<pip from="V6M1" to="H6W1" position="9,5" dir="-&gt;"/>
					<pip from="LEFT_H6B1" to="LEFT_H6B_BUF1" position="9,1" dir="-&gt;"/>
					<pip from="LEFT_H6B_BUF1" to="LEFT_O1" position="9,1" dir="-&gt;"/>
				</net>
				<net name="net_outputs_reg[6]">
					<portRef name="XQ" instanceRef="iSlice__2__"/>
					<portRef name="OUT" instanceRef="outputs[6]"/>
					<pip from="S0_XQ" to="OUT2" position="2,9" dir="-&gt;"/>
					<pip from="OUT2" to="V6S1" position="2,9" dir="-&gt;"/>
					<pip from="V6N1" to="H6W1" position="8,9" dir="-&gt;"/>
					<pip from="H6E1" to="W6" position="8,3" dir="-&gt;"/>
					<pip from="E6" to="S8" position="8,2" dir="-&gt;"/>
					<pip from="N8" to="W13" position="9,2" dir="-&gt;"/>
					<pip from="LEFT_E13" to="LEFT_E_BUF13" position="9,1" dir="-&gt;"/>
					<pip from="LEFT_E_BUF13" to="LEFT_O2" position="9,1" dir="-&gt;"/>
				</net>
				<net name="net_outputs_reg[5]">
					<portRef name="YQ" instanceRef="iSlice__2__"/>
					<portRef name="OUT" instanceRef="outputs[5]"/>
					<pip from="S0_YQ" to="OUT7" position="2,9" dir="-&gt;"/>
					<pip from="OUT7" to="H6W3" position="2,9" dir="-&gt;"/>
					<pip from="H6E3" to="V6S0" position="2,3" dir="-&gt;"/>
					<pip from="V6N0" to="W4" position="8,3" dir="-&gt;"/>
					<pip from="E4" to="N8" position="8,2" dir="-&gt;"/>
					<pip from="S8" to="W10" position="7,2" dir="-&gt;"/>
					<pip from="LEFT_E10" to="LEFT_E_BUF10" position="7,1" dir="-&gt;"/>
					<pip from="LEFT_E_BUF10" to="LEFT_O1" position="7,1" dir="-&gt;"/>
				</net>
				<net name="net_outputs_reg[4]">
					<portRef name="XQ" instanceRef="iSlice__3__"/>
					<portRef name="OUT" instanceRef="outputs[4]"/>
					<pip from="S0_XQ" to="OUT3" position="3,49" dir="-&gt;"/>
					<pip from="OUT3" to="LLH0" position="3,49" dir="-&gt;"/>
					<pip from="LLH6" to="H6W3" position="3,4" dir="-&gt;"/>
					<pip from="LEFT_H6M3" to="LEFT_V6S1" position="3,1" dir="-&gt;"/>
					<pip from="LEFT_V6N1" to="LEFT_E8" position="9,1" dir="-&gt;"/>
					<pip from="W8" to="N7" position="9,2" dir="-&gt;"/>
					<pip from="S7" to="W9" position="8,2" dir="-&gt;"/>
					<pip from="LEFT_E9" to="LEFT_E_BUF9" position="8,1" dir="-&gt;"/>
					<pip from="LEFT_E_BUF9" to="LEFT_O1" position="8,1" dir="-&gt;"/>
				</net>
				<net name="net_outputs_reg[3]">
					<portRef name="YQ" instanceRef="iSlice__3__"/>
					<portRef name="OUT" instanceRef="outputs[3]"/>
					<pip from="S0_YQ" to="OUT5" position="3,49" dir="-&gt;"/>
					<pip from="OUT5" to="LLH6" position="3,49" dir="-&gt;"/>
					<pip from="LLH0" to="H6W1" position="3,4" dir="-&gt;"/>
					<pip from="LEFT_H6M1" to="LEFT_H6M_BUF1" position="3,1" dir="-&gt;"/>
					<pip from="LEFT_H6M_BUF1" to="LEFT_O1" position="3,1" dir="-&gt;"/>
				</net>
				<net name="net_outputs_reg[2]">
					<portRef name="XQ" instanceRef="iSlice__4__"/>
					<portRef name="OUT" instanceRef="outputs[2]"/>
					<pip from="S0_XQ" to="OUT4" position="5,15" dir="-&gt;"/>
					<pip from="OUT4" to="LLH6" position="5,15" dir="-&gt;"/>
					<pip from="LLH6" to="H6E3" position="5,2" dir="-&gt;"/>
					<pip from="H6E3" to="N18" position="5,2" dir="-&gt;"/>
					<pip from="S18" to="W16" position="4,2" dir="-&gt;"/>
					<pip from="LEFT_E16" to="LEFT_E_BUF16" position="4,1" dir="-&gt;"/>
					<pip from="LEFT_E_BUF16" to="LEFT_O3" position="4,1" dir="-&gt;"/>
				</net>
				<net name="net_outputs_reg[1]">
					<portRef name="YQ" instanceRef="iSlice__4__"/>
					<portRef name="OUT" instanceRef="outputs[1]"/>
					<pip from="S0_YQ" to="OUT3" position="5,15" dir="-&gt;"/>
					<pip from="OUT3" to="LLH0" position="5,15" dir="-&gt;"/>
					<pip from="LLH0" to="H6E1" position="5,2" dir="-&gt;"/>
					<pip from="H6E1" to="W6" position="5,2" dir="-&gt;"/>
					<pip from="LEFT_E6" to="LEFT_E_BUF6" position="5,1" dir="-&gt;"/>
					<pip from="LEFT_E_BUF6" to="LEFT_O1" position="5,1" dir="-&gt;"/>
				</net>
				<net name="net_outputs_reg[0]">
					<portRef name="XQ" instanceRef="iSlice__5__"/>
					<portRef name="OUT" instanceRef="outputs[0]"/>
					<pip from="S0_XQ" to="OUT5" position="5,6" dir="-&gt;"/>
					<pip from="OUT5" to="H6W2" position="5,6" dir="-&gt;"/>
					<pip from="LEFT_H6A2" to="LEFT_H6A_BUF2" position="5,1" dir="-&gt;"/>
					<pip from="LEFT_H6A_BUF2" to="LEFT_O2" position="5,1" dir="-&gt;"/>
				</net>
				<net name="net_Buf-pad-inputs[10]">
					<portRef name="IN" instanceRef="inputs[10]"/>
					<portRef name="BX" instanceRef="iSlice__0__"/>
					<pip from="TOP_I1" to="TOP_V6S0" position="0,43" dir="-&gt;"/>
					<pip from="V6N0" to="S2" position="6,43" dir="-&gt;"/>
					<pip from="N2" to="W7" position="7,43" dir="-&gt;"/>
					<pip from="E7" to="E_P7" position="7,42" dir="-&gt;"/>
					<pip from="E_P7" to="S0_BX_B" position="7,42" dir="-&gt;"/>
				</net>
				<net name="net_IBuf-clkpad-clk" type="clock">
					<portRef name="OUT" instanceRef="iGclk_buf__0__"/>
					<portRef name="CLK" instanceRef="iSlice__0__"/>
					<portRef name="CLK" instanceRef="iSlice__1__"/>
					<portRef name="CLK" instanceRef="iSlice__2__"/>
					<portRef name="CLK" instanceRef="iSlice__3__"/>
					<portRef name="CLK" instanceRef="iSlice__4__"/>
					<portRef name="CLK" instanceRef="iSlice__5__"/>
					<pip from="CLKB_GCLK1_PW" to="CLKB_GCLK1" position="34,27" dir="-&gt;"/>
					<pip from="CLKC_GCLK1" to="CLKC_HGCLK1" position="17,27" dir="-&gt;"/>
					<pip from="BRAM_CLKH_GCLK1" to="BRAM_CLKH_VGCLK1" position="17,54" dir="-&gt;"/>
					<pip from="BRAM_GCLKIN1" to="RBRAM_GCLK_CLBC1" position="7,54" dir="-&gt;"/>
					<pip from="GCLK1" to="S0_CLK_B" position="7,42" dir="-&gt;"/>
					<pip from="CLKC_HGCLK1" to="CLKC_VGCLK1" position="17,27" dir="-&gt;"/>
					<pip from="CLKV_VGCLK1" to="CLKV_GCLK_BUFR1" position="6,27" dir="-&gt;"/>
					<pip from="GCLK1" to="S0_CLK_B" position="6,31" dir="-&gt;"/>
					<pip from="BRAM_CLKH_GCLK1" to="BRAM_CLKH_VGCLK1" position="17,0" dir="-&gt;"/>
					<pip from="BRAM_GCLKIN1" to="LBRAM_GCLK_CLBB1" position="2,0" dir="-&gt;"/>
					<pip from="GCLK1" to="S0_CLK_B" position="2,9" dir="-&gt;"/>
					<pip from="BRAM_GCLKIN1" to="RBRAM_GCLK_CLBC1" position="3,54" dir="-&gt;"/>
					<pip from="GCLK1" to="S0_CLK_B" position="3,49" dir="-&gt;"/>
					<pip from="CLKV_VGCLK1" to="CLKV_GCLK_BUFL1" position="5,27" dir="-&gt;"/>
					<pip from="GCLK1" to="S0_CLK_B" position="5,15" dir="-&gt;"/>
					<pip from="BRAM_GCLKIN1" to="LBRAM_GCLK_CLBA1" position="5,0" dir="-&gt;"/>
					<pip from="GCLK1" to="S0_CLK_B" position="5,6" dir="-&gt;"/>
				</net>
				<net name="net_Buf-pad-inputs[9]">
					<portRef name="IN" instanceRef="inputs[9]"/>
					<portRef name="BY" instanceRef="iSlice__0__"/>
					<pip from="TOP_I2" to="TOP_V6S8" position="0,46" dir="-&gt;"/>
					<pip from="V6N8" to="H6W6" position="6,46" dir="-&gt;"/>
					<pip from="H6M6" to="S14" position="6,43" dir="-&gt;"/>
					<pip from="N14" to="W19" position="7,43" dir="-&gt;"/>
					<pip from="E19" to="E_P19" position="7,42" dir="-&gt;"/>
					<pip from="E_P19" to="S0_BY_B" position="7,42" dir="-&gt;"/>
				</net>
				<net name="net_Buf-pad-inputs[8]">
					<portRef name="IN" instanceRef="inputs[8]"/>
					<portRef name="BX" instanceRef="iSlice__1__"/>
					<pip from="TOP_I1" to="TOP_H6W3" position="0,46" dir="-&gt;"/>
					<pip from="TOP_H6E3" to="TOP_V6S10" position="0,39" dir="-&gt;"/>
					<pip from="V6N10" to="H6W4" position="6,39" dir="-&gt;"/>
					<pip from="H6E4" to="W3" position="6,33" dir="-&gt;"/>
					<pip from="E3" to="W3" position="6,32" dir="-&gt;"/>
					<pip from="E3" to="E_P3" position="6,31" dir="-&gt;"/>
					<pip from="E_P3" to="S0_BX_B" position="6,31" dir="-&gt;"/>
				</net>
				<net name="net_Buf-pad-inputs[7]">
					<portRef name="IN" instanceRef="inputs[7]"/>
					<portRef name="BY" instanceRef="iSlice__1__"/>
					<pip from="TOP_I2" to="TOP_H6W0" position="0,47" dir="-&gt;"/>
					<pip from="TOP_H6E0" to="TOP_H6W0" position="0,41" dir="-&gt;"/>
					<pip from="TOP_H6M0" to="TOP_V6S1" position="0,37" dir="-&gt;"/>
					<pip from="V6N1" to="H6W1" position="6,37" dir="-&gt;"/>
					<pip from="H6E1" to="N6" position="6,31" dir="-&gt;"/>
					<pip from="N6" to="N_P6" position="6,31" dir="-&gt;"/>
					<pip from="N_P6" to="S0_BY_B" position="6,31" dir="-&gt;"/>
				</net>
				<net name="net_Buf-pad-inputs[6]">
					<portRef name="IN" instanceRef="inputs[6]"/>
					<portRef name="BX" instanceRef="iSlice__2__"/>
					<pip from="TOP_I1" to="TOP_LLH6" position="0,49" dir="-&gt;"/>
					<pip from="TOP_LLH6" to="TOP_FAKE_LLH6" position="0,10" dir="-&gt;"/>
					<pip from="TOP_FAKE_LLH6" to="TOP_H6E3" position="0,10" dir="-&gt;"/>
					<pip from="TOP_H6E3" to="TOP_V6D10" position="0,10" dir="-&gt;"/>
					<pip from="V6M10" to="W1" position="2,10" dir="-&gt;"/>
					<pip from="E1" to="E_P1" position="2,9" dir="-&gt;"/>
					<pip from="E_P1" to="S0_BX_B" position="2,9" dir="-&gt;"/>
				</net>
				<net name="net_Buf-pad-inputs[5]">
					<portRef name="IN" instanceRef="inputs[5]"/>
					<portRef name="BY" instanceRef="iSlice__2__"/>
					<pip from="TOP_I2" to="TOP_LLH0" position="0,52" dir="-&gt;"/>
					<pip from="TOP_LLH6" to="TOP_FAKE_LLH6" position="0,7" dir="-&gt;"/>
					<pip from="TOP_FAKE_LLH6" to="TOP_H6E4" position="0,7" dir="-&gt;"/>
					<pip from="TOP_H6B4" to="TOP_LLV10" position="0,9" dir="-&gt;"/>
					<pip from="LLV0" to="V6N0" position="2,9" dir="-&gt;"/>
					<pip from="V6N0" to="W4" position="2,9" dir="-&gt;"/>
					<pip from="W4" to="W_P4" position="2,9" dir="-&gt;"/>
					<pip from="W_P4" to="S0_BY_B" position="2,9" dir="-&gt;"/>
				</net>
				<net name="net_Buf-pad-inputs[4]">
					<portRef name="IN" instanceRef="inputs[4]"/>
					<portRef name="BX" instanceRef="iSlice__3__"/>
					<pip from="TOP_I1" to="TOP_V6M1" position="0,52" dir="-&gt;"/>
					<pip from="V6N1" to="H6W1" position="3,52" dir="-&gt;"/>
					<pip from="H6M1" to="S9" position="3,49" dir="-&gt;"/>
					<pip from="S9" to="S_P9" position="3,49" dir="-&gt;"/>
					<pip from="S_P9" to="S0_BX_B" position="3,49" dir="-&gt;"/>
				</net>
				<net name="net_Buf-pad-inputs[3]">
					<portRef name="IN" instanceRef="inputs[3]"/>
					<portRef name="BY" instanceRef="iSlice__3__"/>
					<pip from="RIGHT_I1" to="RIGHT_H6C1" position="3,53" dir="-&gt;"/>
					<pip from="H6E1" to="N6" position="3,49" dir="-&gt;"/>
					<pip from="N6" to="N_P6" position="3,49" dir="-&gt;"/>
					<pip from="N_P6" to="S0_BY_B" position="3,49" dir="-&gt;"/>
				</net>
				<net name="net_Buf-pad-inputs[2]">
					<portRef name="IN" instanceRef="inputs[2]"/>
					<portRef name="BX" instanceRef="iSlice__4__"/>
					<pip from="RIGHT_I1" to="RIGHT_LLH7" position="5,53" dir="-&gt;"/>
					<pip from="LLH0" to="H6W1" position="5,22" dir="-&gt;"/>
					<pip from="H6E1" to="W6" position="5,16" dir="-&gt;"/>
					<pip from="E6" to="S8" position="5,15" dir="-&gt;"/>
					<pip from="S8" to="S_P8" position="5,15" dir="-&gt;"/>
					<pip from="S_P8" to="S0_BX_B" position="5,15" dir="-&gt;"/>
				</net>
				<net name="net_Buf-pad-inputs[1]">
					<portRef name="IN" instanceRef="inputs[1]"/>
					<portRef name="BY" instanceRef="iSlice__4__"/>
					<pip from="RIGHT_I1" to="RIGHT_LLH4" position="7,53" dir="-&gt;"/>
					<pip from="LLH6" to="H6E3" position="7,12" dir="-&gt;"/>
					<pip from="H6M3" to="V6N3" position="7,16" dir="-&gt;"/>
					<pip from="V6M3" to="W20" position="4,16" dir="-&gt;"/>
					<pip from="E20" to="S2" position="4,15" dir="-&gt;"/>
					<pip from="N2" to="N_P2" position="5,15" dir="-&gt;"/>
					<pip from="N_P2" to="S0_BY_B" position="5,15" dir="-&gt;"/>
				</net>
				<net name="net_Buf-pad-inputs[0]">
					<portRef name="IN" instanceRef="inputs[0]"/>
					<portRef name="BX" instanceRef="iSlice__5__"/>
					<pip from="RIGHT_I3" to="RIGHT_LLH3" position="4,53" dir="-&gt;"/>
					<pip from="LLH0" to="H6E0" position="4,5" dir="-&gt;"/>
					<pip from="H6E0" to="S4" position="4,5" dir="-&gt;"/>
					<pip from="N4" to="E0" position="5,5" dir="-&gt;"/>
					<pip from="W0" to="W_P0" position="5,6" dir="-&gt;"/>
					<pip from="W_P0" to="S0_BX_B" position="5,6" dir="-&gt;"/>
				</net>
				<net name="outputs[10]">
					<portRef name="PAD" instanceRef="outputs[10]"/>
					<portRef name="outputs[10]"/>
				</net>
				<net name="outputs[9]">
					<portRef name="PAD" instanceRef="outputs[9]"/>
					<portRef name="outputs[9]"/>
				</net>
				<net name="outputs[8]">
					<portRef name="PAD" instanceRef="outputs[8]"/>
					<portRef name="outputs[8]"/>
				</net>
				<net name="outputs[7]">
					<portRef name="PAD" instanceRef="outputs[7]"/>
					<portRef name="outputs[7]"/>
				</net>
				<net name="outputs[6]">
					<portRef name="PAD" instanceRef="outputs[6]"/>
					<portRef name="outputs[6]"/>
				</net>
				<net name="outputs[5]">
					<portRef name="PAD" instanceRef="outputs[5]"/>
					<portRef name="outputs[5]"/>
				</net>
				<net name="outputs[4]">
					<portRef name="PAD" instanceRef="outputs[4]"/>
					<portRef name="outputs[4]"/>
				</net>
				<net name="outputs[3]">
					<portRef name="PAD" instanceRef="outputs[3]"/>
					<portRef name="outputs[3]"/>
				</net>
				<net name="outputs[2]">
					<portRef name="PAD" instanceRef="outputs[2]"/>
					<portRef name="outputs[2]"/>
				</net>
				<net name="outputs[1]">
					<portRef name="PAD" instanceRef="outputs[1]"/>
					<portRef name="outputs[1]"/>
				</net>
				<net name="outputs[0]">
					<portRef name="PAD" instanceRef="outputs[0]"/>
					<portRef name="outputs[0]"/>
				</net>
			</contents>
		</module>
	</library>
	<topModule name="lab4" libraryRef="work_lib"/>
</design>

