<design name="lab4">
	<external name="cell_lib">
		<module name="DFFHQ" type="FFLATCH">
			<property name="edge" value="rise"/>
			<port name="D" direction="input"/>
			<port name="CK" direction="input" type="clock"/>
			<port name="Q" direction="output"/>
		</module>
	</external>
	<library name="work_lib">
		<module name="lab4" type="GENERIC">
			<port name="inputs" msb="10" lsb="0" direction="input"/>
			<port name="outputs" msb="10" lsb="0" direction="output"/>
			<port name="clk" direction="input"/>
			<contents>
				<instance name="outputs_reg[10]" moduleRef="DFFHQ" libraryRef="cell_lib"/>
				<instance name="outputs_reg[9]" moduleRef="DFFHQ" libraryRef="cell_lib"/>
				<instance name="outputs_reg[8]" moduleRef="DFFHQ" libraryRef="cell_lib"/>
				<instance name="outputs_reg[7]" moduleRef="DFFHQ" libraryRef="cell_lib"/>
				<instance name="outputs_reg[6]" moduleRef="DFFHQ" libraryRef="cell_lib"/>
				<instance name="outputs_reg[5]" moduleRef="DFFHQ" libraryRef="cell_lib"/>
				<instance name="outputs_reg[4]" moduleRef="DFFHQ" libraryRef="cell_lib"/>
				<instance name="outputs_reg[3]" moduleRef="DFFHQ" libraryRef="cell_lib"/>
				<instance name="outputs_reg[2]" moduleRef="DFFHQ" libraryRef="cell_lib"/>
				<instance name="outputs_reg[1]" moduleRef="DFFHQ" libraryRef="cell_lib"/>
				<instance name="outputs_reg[0]" moduleRef="DFFHQ" libraryRef="cell_lib"/>
				<net name="inputs[10]">
					<portRef name="inputs[10]"/>
					<portRef name="D" instanceRef="outputs_reg[10]"/>
				</net>
				<net name="inputs[9]">
					<portRef name="inputs[9]"/>
					<portRef name="D" instanceRef="outputs_reg[9]"/>
				</net>
				<net name="inputs[8]">
					<portRef name="inputs[8]"/>
					<portRef name="D" instanceRef="outputs_reg[8]"/>
				</net>
				<net name="inputs[7]">
					<portRef name="inputs[7]"/>
					<portRef name="D" instanceRef="outputs_reg[7]"/>
				</net>
				<net name="inputs[6]">
					<portRef name="inputs[6]"/>
					<portRef name="D" instanceRef="outputs_reg[6]"/>
				</net>
				<net name="inputs[5]">
					<portRef name="inputs[5]"/>
					<portRef name="D" instanceRef="outputs_reg[5]"/>
				</net>
				<net name="inputs[4]">
					<portRef name="inputs[4]"/>
					<portRef name="D" instanceRef="outputs_reg[4]"/>
				</net>
				<net name="inputs[3]">
					<portRef name="inputs[3]"/>
					<portRef name="D" instanceRef="outputs_reg[3]"/>
				</net>
				<net name="inputs[2]">
					<portRef name="inputs[2]"/>
					<portRef name="D" instanceRef="outputs_reg[2]"/>
				</net>
				<net name="inputs[1]">
					<portRef name="inputs[1]"/>
					<portRef name="D" instanceRef="outputs_reg[1]"/>
				</net>
				<net name="inputs[0]">
					<portRef name="inputs[0]"/>
					<portRef name="D" instanceRef="outputs_reg[0]"/>
				</net>
				<net name="outputs[10]">
					<portRef name="Q" instanceRef="outputs_reg[10]"/>
					<portRef name="outputs[10]"/>
				</net>
				<net name="outputs[9]">
					<portRef name="Q" instanceRef="outputs_reg[9]"/>
					<portRef name="outputs[9]"/>
				</net>
				<net name="outputs[8]">
					<portRef name="Q" instanceRef="outputs_reg[8]"/>
					<portRef name="outputs[8]"/>
				</net>
				<net name="outputs[7]">
					<portRef name="Q" instanceRef="outputs_reg[7]"/>
					<portRef name="outputs[7]"/>
				</net>
				<net name="outputs[6]">
					<portRef name="Q" instanceRef="outputs_reg[6]"/>
					<portRef name="outputs[6]"/>
				</net>
				<net name="outputs[5]">
					<portRef name="Q" instanceRef="outputs_reg[5]"/>
					<portRef name="outputs[5]"/>
				</net>
				<net name="outputs[4]">
					<portRef name="Q" instanceRef="outputs_reg[4]"/>
					<portRef name="outputs[4]"/>
				</net>
				<net name="outputs[3]">
					<portRef name="Q" instanceRef="outputs_reg[3]"/>
					<portRef name="outputs[3]"/>
				</net>
				<net name="outputs[2]">
					<portRef name="Q" instanceRef="outputs_reg[2]"/>
					<portRef name="outputs[2]"/>
				</net>
				<net name="outputs[1]">
					<portRef name="Q" instanceRef="outputs_reg[1]"/>
					<portRef name="outputs[1]"/>
				</net>
				<net name="outputs[0]">
					<portRef name="Q" instanceRef="outputs_reg[0]"/>
					<portRef name="outputs[0]"/>
				</net>
				<net name="clk">
					<portRef name="clk"/>
					<portRef name="CK" instanceRef="outputs_reg[10]"/>
					<portRef name="CK" instanceRef="outputs_reg[9]"/>
					<portRef name="CK" instanceRef="outputs_reg[8]"/>
					<portRef name="CK" instanceRef="outputs_reg[7]"/>
					<portRef name="CK" instanceRef="outputs_reg[6]"/>
					<portRef name="CK" instanceRef="outputs_reg[5]"/>
					<portRef name="CK" instanceRef="outputs_reg[4]"/>
					<portRef name="CK" instanceRef="outputs_reg[3]"/>
					<portRef name="CK" instanceRef="outputs_reg[2]"/>
					<portRef name="CK" instanceRef="outputs_reg[1]"/>
					<portRef name="CK" instanceRef="outputs_reg[0]"/>
				</net>
			</contents>
		</module>
	</library>
	<topModule name="lab4" libraryRef="work_lib"/>
</design>

