<design name="lab4">
	<external name="template_work_lib">
		<module name="slice" type="SLICE">
			<port name="CIN" direction="input" capacitance="0.00000"/>
			<port name="SR" direction="input" capacitance="0.00000"/>
			<port name="CLK" direction="input" capacitance="0.00000"/>
			<port name="CE" direction="input" capacitance="0.00000"/>
			<port name="BX" direction="input" capacitance="0.00000"/>
			<port name="F1" direction="input" capacitance="0.00000"/>
			<port name="F2" direction="input" capacitance="0.00000"/>
			<port name="F3" direction="input" capacitance="0.00000"/>
			<port name="F4" direction="input" capacitance="0.00000"/>
			<port name="F5IN" direction="input" capacitance="0.00000"/>
			<port name="BY" direction="input" capacitance="0.00000"/>
			<port name="G1" direction="input" capacitance="0.00000"/>
			<port name="G2" direction="input" capacitance="0.00000"/>
			<port name="G3" direction="input" capacitance="0.00000"/>
			<port name="G4" direction="input" capacitance="0.00000"/>
			<port name="XQ" direction="output" capacitance="0.00000"/>
			<port name="X" direction="output" capacitance="0.00000"/>
			<port name="F5" direction="output" capacitance="0.00000"/>
			<port name="XB" direction="output" capacitance="0.00000"/>
			<port name="YQ" direction="output" capacitance="0.00000"/>
			<port name="Y" direction="output" capacitance="0.00000"/>
			<port name="YB" direction="output" capacitance="0.00000"/>
			<port name="COUT" direction="output" capacitance="0.00000"/>
		</module>
		<module name="iob" type="IOB">
			<port name="TRI" direction="input" capacitance="0.00000"/>
			<port name="TRICE" direction="input" capacitance="0.00000"/>
			<port name="OUT" direction="input" capacitance="0.00000"/>
			<port name="OUTCE" direction="input" capacitance="0.00000"/>
			<port name="INCE" direction="input" capacitance="0.00000"/>
			<port name="CLK" direction="input" capacitance="0.00000"/>
			<port name="SR" direction="input" capacitance="0.00000"/>
			<port name="IN" direction="output" capacitance="0.00000"/>
			<port name="IQ" direction="output" capacitance="0.00000"/>
			<port name="PAD" direction="inout" capacitance="0.00000"/>
		</module>
		<module name="gclk" type="GCLK">
			<port name="CE" direction="input" capacitance="0.00000"/>
			<port name="IN" direction="input" capacitance="0.00000"/>
			<port name="OUT" direction="output" capacitance="0.00000"/>
		</module>
		<module name="gclkiob" type="GCLKIOB">
			<port name="PAD" direction="inout" capacitance="0.00000"/>
			<port name="GCLKOUT" direction="output" capacitance="0.00000"/>
		</module>
	</external>
	<library name="work_lib">
		<module name="lab4">
			<port name="inputs" msb="10" lsb="0" direction="input" capacitance="0.00000"/>
			<port name="clk" direction="input" capacitance="0.00000"/>
			<port name="outputs" msb="10" lsb="0" direction="output" capacitance="0.00000"/>
			<contents>
				<instance name="iSlice__0__" moduleRef="slice" libraryRef="template_work_lib">
					<property name="position" type="point" value="7,42,0"/>
					<config name="BXMUX" value="BX"/>
					<config name="BYMUX" value="BY"/>
					<config name="CEMUX" value="#OFF"/>
					<config name="CKINV" value="1"/>
					<config name="COUTUSED" value="#OFF"/>
					<config name="CY0F" value="#OFF"/>
					<config name="CY0G" value="#OFF"/>
					<config name="CYINIT" value="#OFF"/>
					<config name="CYSELF" value="#OFF"/>
					<config name="CYSELG" value="#OFF"/>
					<config name="DXMUX" value="0"/>
					<config name="DYMUX" value="0"/>
					<config name="F" value="#OFF"/>
					<config name="F5USED" value="#OFF"/>
					<config name="FFX" value="#FF"/>
					<config name="FFY" value="#FF"/>
					<config name="FXMUX" value="#OFF"/>
					<config name="G" value="#OFF"/>
					<config name="GYMUX" value="#OFF"/>
					<config name="INITX" value="LOW"/>
					<config name="INITY" value="LOW"/>
					<config name="RAMCONFIG" value="#OFF"/>
					<config name="REVUSED" value="#OFF"/>
					<config name="SRFFMUX" value="#OFF"/>
					<config name="SRMUX" value="#OFF"/>
					<config name="SYNC_ATTR" value="ASYNC"/>
					<config name="XBUSED" value="#OFF"/>
					<config name="XUSED" value="#OFF"/>
					<config name="YBMUX" value="#OFF"/>
					<config name="YUSED" value="#OFF"/>
				</instance>
				<instance name="iSlice__1__" moduleRef="slice" libraryRef="template_work_lib">
					<property name="position" type="point" value="6,31,0"/>
					<config name="BXMUX" value="BX"/>
					<config name="BYMUX" value="BY"/>
					<config name="CEMUX" value="#OFF"/>
					<config name="CKINV" value="1"/>
					<config name="COUTUSED" value="#OFF"/>
					<config name="CY0F" value="#OFF"/>
					<config name="CY0G" value="#OFF"/>
					<config name="CYINIT" value="#OFF"/>
					<config name="CYSELF" value="#OFF"/>
					<config name="CYSELG" value="#OFF"/>
					<config name="DXMUX" value="0"/>
					<config name="DYMUX" value="0"/>
					<config name="F" value="#OFF"/>
					<config name="F5USED" value="#OFF"/>
					<config name="FFX" value="#FF"/>
					<config name="FFY" value="#FF"/>
					<config name="FXMUX" value="#OFF"/>
					<config name="G" value="#OFF"/>
					<config name="GYMUX" value="#OFF"/>
					<config name="INITX" value="LOW"/>
					<config name="INITY" value="LOW"/>
					<config name="RAMCONFIG" value="#OFF"/>
					<config name="REVUSED" value="#OFF"/>
					<config name="SRFFMUX" value="#OFF"/>
					<config name="SRMUX" value="#OFF"/>
					<config name="SYNC_ATTR" value="ASYNC"/>
					<config name="XBUSED" value="#OFF"/>
					<config name="XUSED" value="#OFF"/>
					<config name="YBMUX" value="#OFF"/>
					<config name="YUSED" value="#OFF"/>
				</instance>
				<instance name="iSlice__2__" moduleRef="slice" libraryRef="template_work_lib">
					<property name="position" type="point" value="2,9,0"/>
					<config name="BXMUX" value="BX"/>
					<config name="BYMUX" value="BY"/>
					<config name="CEMUX" value="#OFF"/>
					<config name="CKINV" value="1"/>
					<config name="COUTUSED" value="#OFF"/>
					<config name="CY0F" value="#OFF"/>
					<config name="CY0G" value="#OFF"/>
					<config name="CYINIT" value="#OFF"/>
					<config name="CYSELF" value="#OFF"/>
					<config name="CYSELG" value="#OFF"/>
					<config name="DXMUX" value="0"/>
					<config name="DYMUX" value="0"/>
					<config name="F" value="#OFF"/>
					<config name="F5USED" value="#OFF"/>
					<config name="FFX" value="#FF"/>
					<config name="FFY" value="#FF"/>
					<config name="FXMUX" value="#OFF"/>
					<config name="G" value="#OFF"/>
					<config name="GYMUX" value="#OFF"/>
					<config name="INITX" value="LOW"/>
					<config name="INITY" value="LOW"/>
					<config name="RAMCONFIG" value="#OFF"/>
					<config name="REVUSED" value="#OFF"/>
					<config name="SRFFMUX" value="#OFF"/>
					<config name="SRMUX" value="#OFF"/>
					<config name="SYNC_ATTR" value="ASYNC"/>
					<config name="XBUSED" value="#OFF"/>
					<config name="XUSED" value="#OFF"/>
					<config name="YBMUX" value="#OFF"/>
					<config name="YUSED" value="#OFF"/>
				</instance>
				<instance name="iSlice__3__" moduleRef="slice" libraryRef="template_work_lib">
					<property name="position" type="point" value="3,49,0"/>
					<config name="BXMUX" value="BX"/>
					<config name="BYMUX" value="BY"/>
					<config name="CEMUX" value="#OFF"/>
					<config name="CKINV" value="1"/>
					<config name="COUTUSED" value="#OFF"/>
					<config name="CY0F" value="#OFF"/>
					<config name="CY0G" value="#OFF"/>
					<config name="CYINIT" value="#OFF"/>
					<config name="CYSELF" value="#OFF"/>
					<config name="CYSELG" value="#OFF"/>
					<config name="DXMUX" value="0"/>
					<config name="DYMUX" value="0"/>
					<config name="F" value="#OFF"/>
					<config name="F5USED" value="#OFF"/>
					<config name="FFX" value="#FF"/>
					<config name="FFY" value="#FF"/>
					<config name="FXMUX" value="#OFF"/>
					<config name="G" value="#OFF"/>
					<config name="GYMUX" value="#OFF"/>
					<config name="INITX" value="LOW"/>
					<config name="INITY" value="LOW"/>
					<config name="RAMCONFIG" value="#OFF"/>
					<config name="REVUSED" value="#OFF"/>
					<config name="SRFFMUX" value="#OFF"/>
					<config name="SRMUX" value="#OFF"/>
					<config name="SYNC_ATTR" value="ASYNC"/>
					<config name="XBUSED" value="#OFF"/>
					<config name="XUSED" value="#OFF"/>
					<config name="YBMUX" value="#OFF"/>
					<config name="YUSED" value="#OFF"/>
				</instance>
				<instance name="iSlice__4__" moduleRef="slice" libraryRef="template_work_lib">
					<property name="position" type="point" value="5,15,0"/>
					<config name="BXMUX" value="BX"/>
					<config name="BYMUX" value="BY"/>
					<config name="CEMUX" value="#OFF"/>
					<config name="CKINV" value="1"/>
					<config name="COUTUSED" value="#OFF"/>
					<config name="CY0F" value="#OFF"/>
					<config name="CY0G" value="#OFF"/>
					<config name="CYINIT" value="#OFF"/>
					<config name="CYSELF" value="#OFF"/>
					<config name="CYSELG" value="#OFF"/>
					<config name="DXMUX" value="0"/>
					<config name="DYMUX" value="0"/>
					<config name="F" value="#OFF"/>
					<config name="F5USED" value="#OFF"/>
					<config name="FFX" value="#FF"/>
					<config name="FFY" value="#FF"/>
					<config name="FXMUX" value="#OFF"/>
					<config name="G" value="#OFF"/>
					<config name="GYMUX" value="#OFF"/>
					<config name="INITX" value="LOW"/>
					<config name="INITY" value="LOW"/>
					<config name="RAMCONFIG" value="#OFF"/>
					<config name="REVUSED" value="#OFF"/>
					<config name="SRFFMUX" value="#OFF"/>
					<config name="SRMUX" value="#OFF"/>
					<config name="SYNC_ATTR" value="ASYNC"/>
					<config name="XBUSED" value="#OFF"/>
					<config name="XUSED" value="#OFF"/>
					<config name="YBMUX" value="#OFF"/>
					<config name="YUSED" value="#OFF"/>
				</instance>
				<instance name="iSlice__5__" moduleRef="slice" libraryRef="template_work_lib">
					<property name="position" type="point" value="5,6,0"/>
					<config name="BXMUX" value="BX"/>
					<config name="BYMUX" value="#OFF"/>
					<config name="CEMUX" value="#OFF"/>
					<config name="CKINV" value="1"/>
					<config name="COUTUSED" value="#OFF"/>
					<config name="CY0F" value="#OFF"/>
					<config name="CY0G" value="#OFF"/>
					<config name="CYINIT" value="#OFF"/>
					<config name="CYSELF" value="#OFF"/>
					<config name="CYSELG" value="#OFF"/>
					<config name="DXMUX" value="0"/>
					<config name="DYMUX" value="#OFF"/>
					<config name="F" value="#OFF"/>
					<config name="F5USED" value="#OFF"/>
					<config name="FFX" value="#FF"/>
					<config name="FFY" value="#OFF"/>
					<config name="FXMUX" value="#OFF"/>
					<config name="G" value="#OFF"/>
					<config name="GYMUX" value="#OFF"/>
					<config name="INITX" value="LOW"/>
					<config name="INITY" value="#OFF"/>
					<config name="RAMCONFIG" value="#OFF"/>
					<config name="REVUSED" value="#OFF"/>
					<config name="SRFFMUX" value="#OFF"/>
					<config name="SRMUX" value="#OFF"/>
					<config name="SYNC_ATTR" value="ASYNC"/>
					<config name="XBUSED" value="#OFF"/>
					<config name="XUSED" value="#OFF"/>
					<config name="YBMUX" value="#OFF"/>
					<config name="YUSED" value="#OFF"/>
				</instance>
				<instance name="inputs[10]" moduleRef="iob" libraryRef="template_work_lib">
					<property name="position" type="point" value="0,43,1"/>
					<config name="DRIVEATTRBOX" value="#OFF"/>
					<config name="FFATTRBOX" value="#OFF"/>
					<config name="ICEMUX" value="#OFF"/>
					<config name="ICKINV" value="#OFF"/>
					<config name="IFF" value="#OFF"/>
					<config name="IFFINITATTR" value="#OFF"/>
					<config name="IFFMUX" value="#OFF"/>
					<config name="IINITMUX" value="#OFF"/>
					<config name="IMUX" value="1"/>
					<config name="IOATTRBOX" value="LVTTL"/>
					<config name="OCEMUX" value="#OFF"/>
					<config name="OCKINV" value="#OFF"/>
					<config name="OFF" value="#OFF"/>
					<config name="OFFATTRBOX" value="#OFF"/>
					<config name="OINITMUX" value="#OFF"/>
					<config name="OMUX" value="#OFF"/>
					<config name="OUTMUX" value="#OFF"/>
					<config name="PULL" value="#OFF"/>
					<config name="SLEW" value="#OFF"/>
					<config name="SRMUX" value="#OFF"/>
					<config name="TCEMUX" value="#OFF"/>
					<config name="TCKINV" value="#OFF"/>
					<config name="TFF" value="#OFF"/>
					<config name="TFFATTRBOX" value="#OFF"/>
					<config name="TINITMUX" value="#OFF"/>
					<config name="TRIMUX" value="#OFF"/>
					<config name="TSEL" value="#OFF"/>
				</instance>
				<instance name="inputs[9]" moduleRef="iob" libraryRef="template_work_lib">
					<property name="position" type="point" value="0,46,2"/>
					<config name="DRIVEATTRBOX" value="#OFF"/>
					<config name="FFATTRBOX" value="#OFF"/>
					<config name="ICEMUX" value="#OFF"/>
					<config name="ICKINV" value="#OFF"/>
					<config name="IFF" value="#OFF"/>
					<config name="IFFINITATTR" value="#OFF"/>
					<config name="IFFMUX" value="#OFF"/>
					<config name="IINITMUX" value="#OFF"/>
					<config name="IMUX" value="1"/>
					<config name="IOATTRBOX" value="LVTTL"/>
					<config name="OCEMUX" value="#OFF"/>
					<config name="OCKINV" value="#OFF"/>
					<config name="OFF" value="#OFF"/>
					<config name="OFFATTRBOX" value="#OFF"/>
					<config name="OINITMUX" value="#OFF"/>
					<config name="OMUX" value="#OFF"/>
					<config name="OUTMUX" value="#OFF"/>
					<config name="PULL" value="#OFF"/>
					<config name="SLEW" value="#OFF"/>
					<config name="SRMUX" value="#OFF"/>
					<config name="TCEMUX" value="#OFF"/>
					<config name="TCKINV" value="#OFF"/>
					<config name="TFF" value="#OFF"/>
					<config name="TFFATTRBOX" value="#OFF"/>
					<config name="TINITMUX" value="#OFF"/>
					<config name="TRIMUX" value="#OFF"/>
					<config name="TSEL" value="#OFF"/>
				</instance>
				<instance name="inputs[8]" moduleRef="iob" libraryRef="template_work_lib">
					<property name="position" type="point" value="0,46,1"/>
					<config name="DRIVEATTRBOX" value="#OFF"/>
					<config name="FFATTRBOX" value="#OFF"/>
					<config name="ICEMUX" value="#OFF"/>
					<config name="ICKINV" value="#OFF"/>
					<config name="IFF" value="#OFF"/>
					<config name="IFFINITATTR" value="#OFF"/>
					<config name="IFFMUX" value="#OFF"/>
					<config name="IINITMUX" value="#OFF"/>
					<config name="IMUX" value="1"/>
					<config name="IOATTRBOX" value="LVTTL"/>
					<config name="OCEMUX" value="#OFF"/>
					<config name="OCKINV" value="#OFF"/>
					<config name="OFF" value="#OFF"/>
					<config name="OFFATTRBOX" value="#OFF"/>
					<config name="OINITMUX" value="#OFF"/>
					<config name="OMUX" value="#OFF"/>
					<config name="OUTMUX" value="#OFF"/>
					<config name="PULL" value="#OFF"/>
					<config name="SLEW" value="#OFF"/>
					<config name="SRMUX" value="#OFF"/>
					<config name="TCEMUX" value="#OFF"/>
					<config name="TCKINV" value="#OFF"/>
					<config name="TFF" value="#OFF"/>
					<config name="TFFATTRBOX" value="#OFF"/>
					<config name="TINITMUX" value="#OFF"/>
					<config name="TRIMUX" value="#OFF"/>
					<config name="TSEL" value="#OFF"/>
				</instance>
				<instance name="inputs[7]" moduleRef="iob" libraryRef="template_work_lib">
					<property name="position" type="point" value="0,47,2"/>
					<config name="DRIVEATTRBOX" value="#OFF"/>
					<config name="FFATTRBOX" value="#OFF"/>
					<config name="ICEMUX" value="#OFF"/>
					<config name="ICKINV" value="#OFF"/>
					<config name="IFF" value="#OFF"/>
					<config name="IFFINITATTR" value="#OFF"/>
					<config name="IFFMUX" value="#OFF"/>
					<config name="IINITMUX" value="#OFF"/>
					<config name="IMUX" value="1"/>
					<config name="IOATTRBOX" value="LVTTL"/>
					<config name="OCEMUX" value="#OFF"/>
					<config name="OCKINV" value="#OFF"/>
					<config name="OFF" value="#OFF"/>
					<config name="OFFATTRBOX" value="#OFF"/>
					<config name="OINITMUX" value="#OFF"/>
					<config name="OMUX" value="#OFF"/>
					<config name="OUTMUX" value="#OFF"/>
					<config name="PULL" value="#OFF"/>
					<config name="SLEW" value="#OFF"/>
					<config name="SRMUX" value="#OFF"/>
					<config name="TCEMUX" value="#OFF"/>
					<config name="TCKINV" value="#OFF"/>
					<config name="TFF" value="#OFF"/>
					<config name="TFFATTRBOX" value="#OFF"/>
					<config name="TINITMUX" value="#OFF"/>
					<config name="TRIMUX" value="#OFF"/>
					<config name="TSEL" value="#OFF"/>
				</instance>
				<instance name="inputs[6]" moduleRef="iob" libraryRef="template_work_lib">
					<property name="position" type="point" value="0,49,1"/>
					<config name="DRIVEATTRBOX" value="#OFF"/>
					<config name="FFATTRBOX" value="#OFF"/>
					<config name="ICEMUX" value="#OFF"/>
					<config name="ICKINV" value="#OFF"/>
					<config name="IFF" value="#OFF"/>
					<config name="IFFINITATTR" value="#OFF"/>
					<config name="IFFMUX" value="#OFF"/>
					<config name="IINITMUX" value="#OFF"/>
					<config name="IMUX" value="1"/>
					<config name="IOATTRBOX" value="LVTTL"/>
					<config name="OCEMUX" value="#OFF"/>
					<config name="OCKINV" value="#OFF"/>
					<config name="OFF" value="#OFF"/>
					<config name="OFFATTRBOX" value="#OFF"/>
					<config name="OINITMUX" value="#OFF"/>
					<config name="OMUX" value="#OFF"/>
					<config name="OUTMUX" value="#OFF"/>
					<config name="PULL" value="#OFF"/>
					<config name="SLEW" value="#OFF"/>
					<config name="SRMUX" value="#OFF"/>
					<config name="TCEMUX" value="#OFF"/>
					<config name="TCKINV" value="#OFF"/>
					<config name="TFF" value="#OFF"/>
					<config name="TFFATTRBOX" value="#OFF"/>
					<config name="TINITMUX" value="#OFF"/>
					<config name="TRIMUX" value="#OFF"/>
					<config name="TSEL" value="#OFF"/>
				</instance>
				<instance name="inputs[5]" moduleRef="iob" libraryRef="template_work_lib">
					<property name="position" type="point" value="0,52,2"/>
					<config name="DRIVEATTRBOX" value="#OFF"/>
					<config name="FFATTRBOX" value="#OFF"/>
					<config name="ICEMUX" value="#OFF"/>
					<config name="ICKINV" value="#OFF"/>
					<config name="IFF" value="#OFF"/>
					<config name="IFFINITATTR" value="#OFF"/>
					<config name="IFFMUX" value="#OFF"/>
					<config name="IINITMUX" value="#OFF"/>
					<config name="IMUX" value="1"/>
					<config name="IOATTRBOX" value="LVTTL"/>
					<config name="OCEMUX" value="#OFF"/>
					<config name="OCKINV" value="#OFF"/>
					<config name="OFF" value="#OFF"/>
					<config name="OFFATTRBOX" value="#OFF"/>
					<config name="OINITMUX" value="#OFF"/>
					<config name="OMUX" value="#OFF"/>
					<config name="OUTMUX" value="#OFF"/>
					<config name="PULL" value="#OFF"/>
					<config name="SLEW" value="#OFF"/>
					<config name="SRMUX" value="#OFF"/>
					<config name="TCEMUX" value="#OFF"/>
					<config name="TCKINV" value="#OFF"/>
					<config name="TFF" value="#OFF"/>
					<config name="TFFATTRBOX" value="#OFF"/>
					<config name="TINITMUX" value="#OFF"/>
					<config name="TRIMUX" value="#OFF"/>
					<config name="TSEL" value="#OFF"/>
				</instance>
				<instance name="inputs[4]" moduleRef="iob" libraryRef="template_work_lib">
					<property name="position" type="point" value="0,52,1"/>
					<config name="DRIVEATTRBOX" value="#OFF"/>
					<config name="FFATTRBOX" value="#OFF"/>
					<config name="ICEMUX" value="#OFF"/>
					<config name="ICKINV" value="#OFF"/>
					<config name="IFF" value="#OFF"/>
					<config name="IFFINITATTR" value="#OFF"/>
					<config name="IFFMUX" value="#OFF"/>
					<config name="IINITMUX" value="#OFF"/>
					<config name="IMUX" value="1"/>
					<config name="IOATTRBOX" value="LVTTL"/>
					<config name="OCEMUX" value="#OFF"/>
					<config name="OCKINV" value="#OFF"/>
					<config name="OFF" value="#OFF"/>
					<config name="OFFATTRBOX" value="#OFF"/>
					<config name="OINITMUX" value="#OFF"/>
					<config name="OMUX" value="#OFF"/>
					<config name="OUTMUX" value="#OFF"/>
					<config name="PULL" value="#OFF"/>
					<config name="SLEW" value="#OFF"/>
					<config name="SRMUX" value="#OFF"/>
					<config name="TCEMUX" value="#OFF"/>
					<config name="TCKINV" value="#OFF"/>
					<config name="TFF" value="#OFF"/>
					<config name="TFFATTRBOX" value="#OFF"/>
					<config name="TINITMUX" value="#OFF"/>
					<config name="TRIMUX" value="#OFF"/>
					<config name="TSEL" value="#OFF"/>
				</instance>
				<instance name="inputs[3]" moduleRef="iob" libraryRef="template_work_lib">
					<property name="position" type="point" value="3,53,1"/>
					<config name="DRIVEATTRBOX" value="#OFF"/>
					<config name="FFATTRBOX" value="#OFF"/>
					<config name="ICEMUX" value="#OFF"/>
					<config name="ICKINV" value="#OFF"/>
					<config name="IFF" value="#OFF"/>
					<config name="IFFINITATTR" value="#OFF"/>
					<config name="IFFMUX" value="#OFF"/>
					<config name="IINITMUX" value="#OFF"/>
					<config name="IMUX" value="1"/>
					<config name="IOATTRBOX" value="LVTTL"/>
					<config name="OCEMUX" value="#OFF"/>
					<config name="OCKINV" value="#OFF"/>
					<config name="OFF" value="#OFF"/>
					<config name="OFFATTRBOX" value="#OFF"/>
					<config name="OINITMUX" value="#OFF"/>
					<config name="OMUX" value="#OFF"/>
					<config name="OUTMUX" value="#OFF"/>
					<config name="PULL" value="#OFF"/>
					<config name="SLEW" value="#OFF"/>
					<config name="SRMUX" value="#OFF"/>
					<config name="TCEMUX" value="#OFF"/>
					<config name="TCKINV" value="#OFF"/>
					<config name="TFF" value="#OFF"/>
					<config name="TFFATTRBOX" value="#OFF"/>
					<config name="TINITMUX" value="#OFF"/>
					<config name="TRIMUX" value="#OFF"/>
					<config name="TSEL" value="#OFF"/>
				</instance>
				<instance name="inputs[2]" moduleRef="iob" libraryRef="template_work_lib">
					<property name="position" type="point" value="5,53,1"/>
					<config name="DRIVEATTRBOX" value="#OFF"/>
					<config name="FFATTRBOX" value="#OFF"/>
					<config name="ICEMUX" value="#OFF"/>
					<config name="ICKINV" value="#OFF"/>
					<config name="IFF" value="#OFF"/>
					<config name="IFFINITATTR" value="#OFF"/>
					<config name="IFFMUX" value="#OFF"/>
					<config name="IINITMUX" value="#OFF"/>
					<config name="IMUX" value="1"/>
					<config name="IOATTRBOX" value="LVTTL"/>
					<config name="OCEMUX" value="#OFF"/>
					<config name="OCKINV" value="#OFF"/>
					<config name="OFF" value="#OFF"/>
					<config name="OFFATTRBOX" value="#OFF"/>
					<config name="OINITMUX" value="#OFF"/>
					<config name="OMUX" value="#OFF"/>
					<config name="OUTMUX" value="#OFF"/>
					<config name="PULL" value="#OFF"/>
					<config name="SLEW" value="#OFF"/>
					<config name="SRMUX" value="#OFF"/>
					<config name="TCEMUX" value="#OFF"/>
					<config name="TCKINV" value="#OFF"/>
					<config name="TFF" value="#OFF"/>
					<config name="TFFATTRBOX" value="#OFF"/>
					<config name="TINITMUX" value="#OFF"/>
					<config name="TRIMUX" value="#OFF"/>
					<config name="TSEL" value="#OFF"/>
				</instance>
				<instance name="inputs[1]" moduleRef="iob" libraryRef="template_work_lib">
					<property name="position" type="point" value="7,53,1"/>
					<config name="DRIVEATTRBOX" value="#OFF"/>
					<config name="FFATTRBOX" value="#OFF"/>
					<config name="ICEMUX" value="#OFF"/>
					<config name="ICKINV" value="#OFF"/>
					<config name="IFF" value="#OFF"/>
					<config name="IFFINITATTR" value="#OFF"/>
					<config name="IFFMUX" value="#OFF"/>
					<config name="IINITMUX" value="#OFF"/>
					<config name="IMUX" value="1"/>
					<config name="IOATTRBOX" value="LVTTL"/>
					<config name="OCEMUX" value="#OFF"/>
					<config name="OCKINV" value="#OFF"/>
					<config name="OFF" value="#OFF"/>
					<config name="OFFATTRBOX" value="#OFF"/>
					<config name="OINITMUX" value="#OFF"/>
					<config name="OMUX" value="#OFF"/>
					<config name="OUTMUX" value="#OFF"/>
					<config name="PULL" value="#OFF"/>
					<config name="SLEW" value="#OFF"/>
					<config name="SRMUX" value="#OFF"/>
					<config name="TCEMUX" value="#OFF"/>
					<config name="TCKINV" value="#OFF"/>
					<config name="TFF" value="#OFF"/>
					<config name="TFFATTRBOX" value="#OFF"/>
					<config name="TINITMUX" value="#OFF"/>
					<config name="TRIMUX" value="#OFF"/>
					<config name="TSEL" value="#OFF"/>
				</instance>
				<instance name="inputs[0]" moduleRef="iob" libraryRef="template_work_lib">
					<property name="position" type="point" value="4,53,3"/>
					<config name="DRIVEATTRBOX" value="#OFF"/>
					<config name="FFATTRBOX" value="#OFF"/>
					<config name="ICEMUX" value="#OFF"/>
					<config name="ICKINV" value="#OFF"/>
					<config name="IFF" value="#OFF"/>
					<config name="IFFINITATTR" value="#OFF"/>
					<config name="IFFMUX" value="#OFF"/>
					<config name="IINITMUX" value="#OFF"/>
					<config name="IMUX" value="1"/>
					<config name="IOATTRBOX" value="LVTTL"/>
					<config name="OCEMUX" value="#OFF"/>
					<config name="OCKINV" value="#OFF"/>
					<config name="OFF" value="#OFF"/>
					<config name="OFFATTRBOX" value="#OFF"/>
					<config name="OINITMUX" value="#OFF"/>
					<config name="OMUX" value="#OFF"/>
					<config name="OUTMUX" value="#OFF"/>
					<config name="PULL" value="#OFF"/>
					<config name="SLEW" value="#OFF"/>
					<config name="SRMUX" value="#OFF"/>
					<config name="TCEMUX" value="#OFF"/>
					<config name="TCKINV" value="#OFF"/>
					<config name="TFF" value="#OFF"/>
					<config name="TFFATTRBOX" value="#OFF"/>
					<config name="TINITMUX" value="#OFF"/>
					<config name="TRIMUX" value="#OFF"/>
					<config name="TSEL" value="#OFF"/>
				</instance>
				<instance name="outputs[10]" moduleRef="iob" libraryRef="template_work_lib">
					<property name="position" type="point" value="13,1,1"/>
					<config name="DRIVEATTRBOX" value="12"/>
					<config name="FFATTRBOX" value="#OFF"/>
					<config name="ICEMUX" value="#OFF"/>
					<config name="ICKINV" value="#OFF"/>
					<config name="IFF" value="#OFF"/>
					<config name="IFFINITATTR" value="#OFF"/>
					<config name="IFFMUX" value="#OFF"/>
					<config name="IINITMUX" value="#OFF"/>
					<config name="IMUX" value="#OFF"/>
					<config name="IOATTRBOX" value="LVTTL"/>
					<config name="OCEMUX" value="#OFF"/>
					<config name="OCKINV" value="#OFF"/>
					<config name="OFF" value="#OFF"/>
					<config name="OFFATTRBOX" value="#OFF"/>
					<config name="OINITMUX" value="#OFF"/>
					<config name="OMUX" value="O"/>
					<config name="OUTMUX" value="1"/>
					<config name="PULL" value="#OFF"/>
					<config name="SLEW" value="SLOW"/>
					<config name="SRMUX" value="#OFF"/>
					<config name="TCEMUX" value="#OFF"/>
					<config name="TCKINV" value="#OFF"/>
					<config name="TFF" value="#OFF"/>
					<config name="TFFATTRBOX" value="#OFF"/>
					<config name="TINITMUX" value="#OFF"/>
					<config name="TRIMUX" value="#OFF"/>
					<config name="TSEL" value="#OFF"/>
				</instance>
				<instance name="outputs[9]" moduleRef="iob" libraryRef="template_work_lib">
					<property name="position" type="point" value="8,1,2"/>
					<config name="DRIVEATTRBOX" value="12"/>
					<config name="FFATTRBOX" value="#OFF"/>
					<config name="ICEMUX" value="#OFF"/>
					<config name="ICKINV" value="#OFF"/>
					<config name="IFF" value="#OFF"/>
					<config name="IFFINITATTR" value="#OFF"/>
					<config name="IFFMUX" value="#OFF"/>
					<config name="IINITMUX" value="#OFF"/>
					<config name="IMUX" value="#OFF"/>
					<config name="IOATTRBOX" value="LVTTL"/>
					<config name="OCEMUX" value="#OFF"/>
					<config name="OCKINV" value="#OFF"/>
					<config name="OFF" value="#OFF"/>
					<config name="OFFATTRBOX" value="#OFF"/>
					<config name="OINITMUX" value="#OFF"/>
					<config name="OMUX" value="O"/>
					<config name="OUTMUX" value="1"/>
					<config name="PULL" value="#OFF"/>
					<config name="SLEW" value="SLOW"/>
					<config name="SRMUX" value="#OFF"/>
					<config name="TCEMUX" value="#OFF"/>
					<config name="TCKINV" value="#OFF"/>
					<config name="TFF" value="#OFF"/>
					<config name="TFFATTRBOX" value="#OFF"/>
					<config name="TINITMUX" value="#OFF"/>
					<config name="TRIMUX" value="#OFF"/>
					<config name="TSEL" value="#OFF"/>
				</instance>
				<instance name="outputs[8]" moduleRef="iob" libraryRef="template_work_lib">
					<property name="position" type="point" value="8,1,3"/>
					<config name="DRIVEATTRBOX" value="12"/>
					<config name="FFATTRBOX" value="#OFF"/>
					<config name="ICEMUX" value="#OFF"/>
					<config name="ICKINV" value="#OFF"/>
					<config name="IFF" value="#OFF"/>
					<config name="IFFINITATTR" value="#OFF"/>
					<config name="IFFMUX" value="#OFF"/>
					<config name="IINITMUX" value="#OFF"/>
					<config name="IMUX" value="#OFF"/>
					<config name="IOATTRBOX" value="LVTTL"/>
					<config name="OCEMUX" value="#OFF"/>
					<config name="OCKINV" value="#OFF"/>
					<config name="OFF" value="#OFF"/>
					<config name="OFFATTRBOX" value="#OFF"/>
					<config name="OINITMUX" value="#OFF"/>
					<config name="OMUX" value="O"/>
					<config name="OUTMUX" value="1"/>
					<config name="PULL" value="#OFF"/>
					<config name="SLEW" value="SLOW"/>
					<config name="SRMUX" value="#OFF"/>
					<config name="TCEMUX" value="#OFF"/>
					<config name="TCKINV" value="#OFF"/>
					<config name="TFF" value="#OFF"/>
					<config name="TFFATTRBOX" value="#OFF"/>
					<config name="TINITMUX" value="#OFF"/>
					<config name="TRIMUX" value="#OFF"/>
					<config name="TSEL" value="#OFF"/>
				</instance>
				<instance name="outputs[7]" moduleRef="iob" libraryRef="template_work_lib">
					<property name="position" type="point" value="9,1,1"/>
					<config name="DRIVEATTRBOX" value="12"/>
					<config name="FFATTRBOX" value="#OFF"/>
					<config name="ICEMUX" value="#OFF"/>
					<config name="ICKINV" value="#OFF"/>
					<config name="IFF" value="#OFF"/>
					<config name="IFFINITATTR" value="#OFF"/>
					<config name="IFFMUX" value="#OFF"/>
					<config name="IINITMUX" value="#OFF"/>
					<config name="IMUX" value="#OFF"/>
					<config name="IOATTRBOX" value="LVTTL"/>
					<config name="OCEMUX" value="#OFF"/>
					<config name="OCKINV" value="#OFF"/>
					<config name="OFF" value="#OFF"/>
					<config name="OFFATTRBOX" value="#OFF"/>
					<config name="OINITMUX" value="#OFF"/>
					<config name="OMUX" value="O"/>
					<config name="OUTMUX" value="1"/>
					<config name="PULL" value="#OFF"/>
					<config name="SLEW" value="SLOW"/>
					<config name="SRMUX" value="#OFF"/>
					<config name="TCEMUX" value="#OFF"/>
					<config name="TCKINV" value="#OFF"/>
					<config name="TFF" value="#OFF"/>
					<config name="TFFATTRBOX" value="#OFF"/>
					<config name="TINITMUX" value="#OFF"/>
					<config name="TRIMUX" value="#OFF"/>
					<config name="TSEL" value="#OFF"/>
				</instance>
				<instance name="outputs[6]" moduleRef="iob" libraryRef="template_work_lib">
					<property name="position" type="point" value="9,1,2"/>
					<config name="DRIVEATTRBOX" value="12"/>
					<config name="FFATTRBOX" value="#OFF"/>
					<config name="ICEMUX" value="#OFF"/>
					<config name="ICKINV" value="#OFF"/>
					<config name="IFF" value="#OFF"/>
					<config name="IFFINITATTR" value="#OFF"/>
					<config name="IFFMUX" value="#OFF"/>
					<config name="IINITMUX" value="#OFF"/>
					<config name="IMUX" value="#OFF"/>
					<config name="IOATTRBOX" value="LVTTL"/>
					<config name="OCEMUX" value="#OFF"/>
					<config name="OCKINV" value="#OFF"/>
					<config name="OFF" value="#OFF"/>
					<config name="OFFATTRBOX" value="#OFF"/>
					<config name="OINITMUX" value="#OFF"/>
					<config name="OMUX" value="O"/>
					<config name="OUTMUX" value="1"/>
					<config name="PULL" value="#OFF"/>
					<config name="SLEW" value="SLOW"/>
					<config name="SRMUX" value="#OFF"/>
					<config name="TCEMUX" value="#OFF"/>
					<config name="TCKINV" value="#OFF"/>
					<config name="TFF" value="#OFF"/>
					<config name="TFFATTRBOX" value="#OFF"/>
					<config name="TINITMUX" value="#OFF"/>
					<config name="TRIMUX" value="#OFF"/>
					<config name="TSEL" value="#OFF"/>
				</instance>
				<instance name="outputs[5]" moduleRef="iob" libraryRef="template_work_lib">
					<property name="position" type="point" value="7,1,1"/>
					<config name="DRIVEATTRBOX" value="12"/>
					<config name="FFATTRBOX" value="#OFF"/>
					<config name="ICEMUX" value="#OFF"/>
					<config name="ICKINV" value="#OFF"/>
					<config name="IFF" value="#OFF"/>
					<config name="IFFINITATTR" value="#OFF"/>
					<config name="IFFMUX" value="#OFF"/>
					<config name="IINITMUX" value="#OFF"/>
					<config name="IMUX" value="#OFF"/>
					<config name="IOATTRBOX" value="LVTTL"/>
					<config name="OCEMUX" value="#OFF"/>
					<config name="OCKINV" value="#OFF"/>
					<config name="OFF" value="#OFF"/>
					<config name="OFFATTRBOX" value="#OFF"/>
					<config name="OINITMUX" value="#OFF"/>
					<config name="OMUX" value="O"/>
					<config name="OUTMUX" value="1"/>
					<config name="PULL" value="#OFF"/>
					<config name="SLEW" value="SLOW"/>
					<config name="SRMUX" value="#OFF"/>
					<config name="TCEMUX" value="#OFF"/>
					<config name="TCKINV" value="#OFF"/>
					<config name="TFF" value="#OFF"/>
					<config name="TFFATTRBOX" value="#OFF"/>
					<config name="TINITMUX" value="#OFF"/>
					<config name="TRIMUX" value="#OFF"/>
					<config name="TSEL" value="#OFF"/>
				</instance>
				<instance name="outputs[4]" moduleRef="iob" libraryRef="template_work_lib">
					<property name="position" type="point" value="8,1,1"/>
					<config name="DRIVEATTRBOX" value="12"/>
					<config name="FFATTRBOX" value="#OFF"/>
					<config name="ICEMUX" value="#OFF"/>
					<config name="ICKINV" value="#OFF"/>
					<config name="IFF" value="#OFF"/>
					<config name="IFFINITATTR" value="#OFF"/>
					<config name="IFFMUX" value="#OFF"/>
					<config name="IINITMUX" value="#OFF"/>
					<config name="IMUX" value="#OFF"/>
					<config name="IOATTRBOX" value="LVTTL"/>
					<config name="OCEMUX" value="#OFF"/>
					<config name="OCKINV" value="#OFF"/>
					<config name="OFF" value="#OFF"/>
					<config name="OFFATTRBOX" value="#OFF"/>
					<config name="OINITMUX" value="#OFF"/>
					<config name="OMUX" value="O"/>
					<config name="OUTMUX" value="1"/>
					<config name="PULL" value="#OFF"/>
					<config name="SLEW" value="SLOW"/>
					<config name="SRMUX" value="#OFF"/>
					<config name="TCEMUX" value="#OFF"/>
					<config name="TCKINV" value="#OFF"/>
					<config name="TFF" value="#OFF"/>
					<config name="TFFATTRBOX" value="#OFF"/>
					<config name="TINITMUX" value="#OFF"/>
					<config name="TRIMUX" value="#OFF"/>
					<config name="TSEL" value="#OFF"/>
				</instance>
				<instance name="outputs[3]" moduleRef="iob" libraryRef="template_work_lib">
					<property name="position" type="point" value="3,1,1"/>
					<config name="DRIVEATTRBOX" value="12"/>
					<config name="FFATTRBOX" value="#OFF"/>
					<config name="ICEMUX" value="#OFF"/>
					<config name="ICKINV" value="#OFF"/>
					<config name="IFF" value="#OFF"/>
					<config name="IFFINITATTR" value="#OFF"/>
					<config name="IFFMUX" value="#OFF"/>
					<config name="IINITMUX" value="#OFF"/>
					<config name="IMUX" value="#OFF"/>
					<config name="IOATTRBOX" value="LVTTL"/>
					<config name="OCEMUX" value="#OFF"/>
					<config name="OCKINV" value="#OFF"/>
					<config name="OFF" value="#OFF"/>
					<config name="OFFATTRBOX" value="#OFF"/>
					<config name="OINITMUX" value="#OFF"/>
					<config name="OMUX" value="O"/>
					<config name="OUTMUX" value="1"/>
					<config name="PULL" value="#OFF"/>
					<config name="SLEW" value="SLOW"/>
					<config name="SRMUX" value="#OFF"/>
					<config name="TCEMUX" value="#OFF"/>
					<config name="TCKINV" value="#OFF"/>
					<config name="TFF" value="#OFF"/>
					<config name="TFFATTRBOX" value="#OFF"/>
					<config name="TINITMUX" value="#OFF"/>
					<config name="TRIMUX" value="#OFF"/>
					<config name="TSEL" value="#OFF"/>
				</instance>
				<instance name="outputs[2]" moduleRef="iob" libraryRef="template_work_lib">
					<property name="position" type="point" value="4,1,3"/>
					<config name="DRIVEATTRBOX" value="12"/>
					<config name="FFATTRBOX" value="#OFF"/>
					<config name="ICEMUX" value="#OFF"/>
					<config name="ICKINV" value="#OFF"/>
					<config name="IFF" value="#OFF"/>
					<config name="IFFINITATTR" value="#OFF"/>
					<config name="IFFMUX" value="#OFF"/>
					<config name="IINITMUX" value="#OFF"/>
					<config name="IMUX" value="#OFF"/>
					<config name="IOATTRBOX" value="LVTTL"/>
					<config name="OCEMUX" value="#OFF"/>
					<config name="OCKINV" value="#OFF"/>
					<config name="OFF" value="#OFF"/>
					<config name="OFFATTRBOX" value="#OFF"/>
					<config name="OINITMUX" value="#OFF"/>
					<config name="OMUX" value="O"/>
					<config name="OUTMUX" value="1"/>
					<config name="PULL" value="#OFF"/>
					<config name="SLEW" value="SLOW"/>
					<config name="SRMUX" value="#OFF"/>
					<config name="TCEMUX" value="#OFF"/>
					<config name="TCKINV" value="#OFF"/>
					<config name="TFF" value="#OFF"/>
					<config name="TFFATTRBOX" value="#OFF"/>
					<config name="TINITMUX" value="#OFF"/>
					<config name="TRIMUX" value="#OFF"/>
					<config name="TSEL" value="#OFF"/>
				</instance>
				<instance name="outputs[1]" moduleRef="iob" libraryRef="template_work_lib">
					<property name="position" type="point" value="5,1,1"/>
					<config name="DRIVEATTRBOX" value="12"/>
					<config name="FFATTRBOX" value="#OFF"/>
					<config name="ICEMUX" value="#OFF"/>
					<config name="ICKINV" value="#OFF"/>
					<config name="IFF" value="#OFF"/>
					<config name="IFFINITATTR" value="#OFF"/>
					<config name="IFFMUX" value="#OFF"/>
					<config name="IINITMUX" value="#OFF"/>
					<config name="IMUX" value="#OFF"/>
					<config name="IOATTRBOX" value="LVTTL"/>
					<config name="OCEMUX" value="#OFF"/>
					<config name="OCKINV" value="#OFF"/>
					<config name="OFF" value="#OFF"/>
					<config name="OFFATTRBOX" value="#OFF"/>
					<config name="OINITMUX" value="#OFF"/>
					<config name="OMUX" value="O"/>
					<config name="OUTMUX" value="1"/>
					<config name="PULL" value="#OFF"/>
					<config name="SLEW" value="SLOW"/>
					<config name="SRMUX" value="#OFF"/>
					<config name="TCEMUX" value="#OFF"/>
					<config name="TCKINV" value="#OFF"/>
					<config name="TFF" value="#OFF"/>
					<config name="TFFATTRBOX" value="#OFF"/>
					<config name="TINITMUX" value="#OFF"/>
					<config name="TRIMUX" value="#OFF"/>
					<config name="TSEL" value="#OFF"/>
				</instance>
				<instance name="outputs[0]" moduleRef="iob" libraryRef="template_work_lib">
					<property name="position" type="point" value="5,1,2"/>
					<config name="DRIVEATTRBOX" value="12"/>
					<config name="FFATTRBOX" value="#OFF"/>
					<config name="ICEMUX" value="#OFF"/>
					<config name="ICKINV" value="#OFF"/>
					<config name="IFF" value="#OFF"/>
					<config name="IFFINITATTR" value="#OFF"/>
					<config name="IFFMUX" value="#OFF"/>
					<config name="IINITMUX" value="#OFF"/>
					<config name="IMUX" value="#OFF"/>
					<config name="IOATTRBOX" value="LVTTL"/>
					<config name="OCEMUX" value="#OFF"/>
					<config name="OCKINV" value="#OFF"/>
					<config name="OFF" value="#OFF"/>
					<config name="OFFATTRBOX" value="#OFF"/>
					<config name="OINITMUX" value="#OFF"/>
					<config name="OMUX" value="O"/>
					<config name="OUTMUX" value="1"/>
					<config name="PULL" value="#OFF"/>
					<config name="SLEW" value="SLOW"/>
					<config name="SRMUX" value="#OFF"/>
					<config name="TCEMUX" value="#OFF"/>
					<config name="TCKINV" value="#OFF"/>
					<config name="TFF" value="#OFF"/>
					<config name="TFFATTRBOX" value="#OFF"/>
					<config name="TINITMUX" value="#OFF"/>
					<config name="TRIMUX" value="#OFF"/>
					<config name="TSEL" value="#OFF"/>
				</instance>
				<instance name="iGclk_buf__0__" moduleRef="gclk" libraryRef="template_work_lib">
					<property name="position" type="point" value="34,27,1"/>
					<config name="CEMUX" value="1"/>
					<config name="DISABLE_ATTR" value="LOW"/>
					<config name="CE_POWER" value="#OFF"/>
					<config name="GCLK_BUFFER" value="#OFF"/>
				</instance>
				<instance name="clk" moduleRef="gclkiob" libraryRef="template_work_lib">
					<property name="position" type="point" value="34,27,1"/>
					<config name="IOATTRBOX" value="LVTTL"/>
					<config name="GCLK_BUF" value="#OFF"/>
					<config name="PAD" value="#OFF"/>
				</instance>
				<net name="inputs[10]">
					<portRef name="inputs[10]"/>
					<portRef name="PAD" instanceRef="inputs[10]"/>
				</net>
				<net name="inputs[9]">
					<portRef name="inputs[9]"/>
					<portRef name="PAD" instanceRef="inputs[9]"/>
				</net>
				<net name="inputs[8]">
					<portRef name="inputs[8]"/>
					<portRef name="PAD" instanceRef="inputs[8]"/>
				</net>
				<net name="inputs[7]">
					<portRef name="inputs[7]"/>
					<portRef name="PAD" instanceRef="inputs[7]"/>
				</net>
				<net name="inputs[6]">
					<portRef name="inputs[6]"/>
					<portRef name="PAD" instanceRef="inputs[6]"/>
				</net>
				<net name="inputs[5]">
					<portRef name="inputs[5]"/>
					<portRef name="PAD" instanceRef="inputs[5]"/>
				</net>
				<net name="inputs[4]">
					<portRef name="inputs[4]"/>
					<portRef name="PAD" instanceRef="inputs[4]"/>
				</net>
				<net name="inputs[3]">
					<portRef name="inputs[3]"/>
					<portRef name="PAD" instanceRef="inputs[3]"/>
				</net>
				<net name="inputs[2]">
					<portRef name="inputs[2]"/>
					<portRef name="PAD" instanceRef="inputs[2]"/>
				</net>
				<net name="inputs[1]">
					<portRef name="inputs[1]"/>
					<portRef name="PAD" instanceRef="inputs[1]"/>
				</net>
				<net name="inputs[0]">
					<portRef name="inputs[0]"/>
					<portRef name="PAD" instanceRef="inputs[0]"/>
				</net>
				<net name="clk">
					<portRef name="clk"/>
					<portRef name="PAD" instanceRef="clk"/>
				</net>
				<net name="net_Buf-pad-clk">
					<portRef name="GCLKOUT" instanceRef="clk"/>
					<portRef name="IN" instanceRef="iGclk_buf__0__"/>
				</net>
				<net name="net_outputs_reg[10]">
					<portRef name="XQ" instanceRef="iSlice__0__"/>
					<portRef name="OUT" instanceRef="outputs[10]"/>
				</net>
				<net name="net_outputs_reg[9]">
					<portRef name="YQ" instanceRef="iSlice__0__"/>
					<portRef name="OUT" instanceRef="outputs[9]"/>
				</net>
				<net name="net_outputs_reg[8]">
					<portRef name="XQ" instanceRef="iSlice__1__"/>
					<portRef name="OUT" instanceRef="outputs[8]"/>
				</net>
				<net name="net_outputs_reg[7]">
					<portRef name="YQ" instanceRef="iSlice__1__"/>
					<portRef name="OUT" instanceRef="outputs[7]"/>
				</net>
				<net name="net_outputs_reg[6]">
					<portRef name="XQ" instanceRef="iSlice__2__"/>
					<portRef name="OUT" instanceRef="outputs[6]"/>
				</net>
				<net name="net_outputs_reg[5]">
					<portRef name="YQ" instanceRef="iSlice__2__"/>
					<portRef name="OUT" instanceRef="outputs[5]"/>
				</net>
				<net name="net_outputs_reg[4]">
					<portRef name="XQ" instanceRef="iSlice__3__"/>
					<portRef name="OUT" instanceRef="outputs[4]"/>
				</net>
				<net name="net_outputs_reg[3]">
					<portRef name="YQ" instanceRef="iSlice__3__"/>
					<portRef name="OUT" instanceRef="outputs[3]"/>
				</net>
				<net name="net_outputs_reg[2]">
					<portRef name="XQ" instanceRef="iSlice__4__"/>
					<portRef name="OUT" instanceRef="outputs[2]"/>
				</net>
				<net name="net_outputs_reg[1]">
					<portRef name="YQ" instanceRef="iSlice__4__"/>
					<portRef name="OUT" instanceRef="outputs[1]"/>
				</net>
				<net name="net_outputs_reg[0]">
					<portRef name="XQ" instanceRef="iSlice__5__"/>
					<portRef name="OUT" instanceRef="outputs[0]"/>
				</net>
				<net name="net_Buf-pad-inputs[10]">
					<portRef name="IN" instanceRef="inputs[10]"/>
					<portRef name="BX" instanceRef="iSlice__0__"/>
				</net>
				<net name="net_IBuf-clkpad-clk" type="clock">
					<portRef name="OUT" instanceRef="iGclk_buf__0__"/>
					<portRef name="CLK" instanceRef="iSlice__0__"/>
					<portRef name="CLK" instanceRef="iSlice__1__"/>
					<portRef name="CLK" instanceRef="iSlice__2__"/>
					<portRef name="CLK" instanceRef="iSlice__3__"/>
					<portRef name="CLK" instanceRef="iSlice__4__"/>
					<portRef name="CLK" instanceRef="iSlice__5__"/>
				</net>
				<net name="net_Buf-pad-inputs[9]">
					<portRef name="IN" instanceRef="inputs[9]"/>
					<portRef name="BY" instanceRef="iSlice__0__"/>
				</net>
				<net name="net_Buf-pad-inputs[8]">
					<portRef name="IN" instanceRef="inputs[8]"/>
					<portRef name="BX" instanceRef="iSlice__1__"/>
				</net>
				<net name="net_Buf-pad-inputs[7]">
					<portRef name="IN" instanceRef="inputs[7]"/>
					<portRef name="BY" instanceRef="iSlice__1__"/>
				</net>
				<net name="net_Buf-pad-inputs[6]">
					<portRef name="IN" instanceRef="inputs[6]"/>
					<portRef name="BX" instanceRef="iSlice__2__"/>
				</net>
				<net name="net_Buf-pad-inputs[5]">
					<portRef name="IN" instanceRef="inputs[5]"/>
					<portRef name="BY" instanceRef="iSlice__2__"/>
				</net>
				<net name="net_Buf-pad-inputs[4]">
					<portRef name="IN" instanceRef="inputs[4]"/>
					<portRef name="BX" instanceRef="iSlice__3__"/>
				</net>
				<net name="net_Buf-pad-inputs[3]">
					<portRef name="IN" instanceRef="inputs[3]"/>
					<portRef name="BY" instanceRef="iSlice__3__"/>
				</net>
				<net name="net_Buf-pad-inputs[2]">
					<portRef name="IN" instanceRef="inputs[2]"/>
					<portRef name="BX" instanceRef="iSlice__4__"/>
				</net>
				<net name="net_Buf-pad-inputs[1]">
					<portRef name="IN" instanceRef="inputs[1]"/>
					<portRef name="BY" instanceRef="iSlice__4__"/>
				</net>
				<net name="net_Buf-pad-inputs[0]">
					<portRef name="IN" instanceRef="inputs[0]"/>
					<portRef name="BX" instanceRef="iSlice__5__"/>
				</net>
				<net name="outputs[10]">
					<portRef name="PAD" instanceRef="outputs[10]"/>
					<portRef name="outputs[10]"/>
				</net>
				<net name="outputs[9]">
					<portRef name="PAD" instanceRef="outputs[9]"/>
					<portRef name="outputs[9]"/>
				</net>
				<net name="outputs[8]">
					<portRef name="PAD" instanceRef="outputs[8]"/>
					<portRef name="outputs[8]"/>
				</net>
				<net name="outputs[7]">
					<portRef name="PAD" instanceRef="outputs[7]"/>
					<portRef name="outputs[7]"/>
				</net>
				<net name="outputs[6]">
					<portRef name="PAD" instanceRef="outputs[6]"/>
					<portRef name="outputs[6]"/>
				</net>
				<net name="outputs[5]">
					<portRef name="PAD" instanceRef="outputs[5]"/>
					<portRef name="outputs[5]"/>
				</net>
				<net name="outputs[4]">
					<portRef name="PAD" instanceRef="outputs[4]"/>
					<portRef name="outputs[4]"/>
				</net>
				<net name="outputs[3]">
					<portRef name="PAD" instanceRef="outputs[3]"/>
					<portRef name="outputs[3]"/>
				</net>
				<net name="outputs[2]">
					<portRef name="PAD" instanceRef="outputs[2]"/>
					<portRef name="outputs[2]"/>
				</net>
				<net name="outputs[1]">
					<portRef name="PAD" instanceRef="outputs[1]"/>
					<portRef name="outputs[1]"/>
				</net>
				<net name="outputs[0]">
					<portRef name="PAD" instanceRef="outputs[0]"/>
					<portRef name="outputs[0]"/>
				</net>
			</contents>
		</module>
	</library>
	<topModule name="lab4" libraryRef="work_lib"/>
</design>

