<design name="lab4">
	<external name="cell_lib">
		<module name="IPAD" type="MACRO">
			<port name="PAD" direction="input"/>
		</module>
		<module name="LOGIC_1" type="MACRO">
			<property name="truthtable" value="|1"/>
			<port name="LOGIC_1_PIN" direction="output"/>
		</module>
		<module name="LOGIC_0" type="MACRO">
			<property name="truthtable" value="|0"/>
			<port name="LOGIC_0_PIN" direction="output"/>
		</module>
		<module name="IBUF" type="COMB">
			<property name="truthtable" value="1"/>
			<port name="I" direction="input"/>
			<port name="O" direction="output"/>
		</module>
		<module name="CLKBUF" type="COMB">
			<property name="truthtable" value="1"/>
			<port name="I" direction="input"/>
			<port name="O" direction="output"/>
		</module>
		<module name="OBUF" type="COMB">
			<property name="truthtable" value="1"/>
			<port name="I" direction="input"/>
			<port name="O" direction="output"/>
		</module>
		<module name="DFFHQ" type="FFLATCH">
			<property name="edge" value="rise"/>
			<port name="D" direction="input"/>
			<port name="CK" direction="input" type="clock"/>
			<port name="Q" direction="output"/>
		</module>
		<module name="OPAD" type="MACRO">
			<port name="PAD" direction="output"/>
		</module>
	</external>
	<library name="work_lib">
		<module name="lab4">
			<port name="inputs" msb="10" lsb="0" direction="input"/>
			<port name="clk" direction="input"/>
			<port name="outputs" msb="10" lsb="0" direction="output"/>
			<contents>
				<instance name="inputs[10]_ipad" moduleRef="IPAD" libraryRef="cell_lib"/>
				<instance name="inputs[9]_ipad" moduleRef="IPAD" libraryRef="cell_lib"/>
				<instance name="inputs[8]_ipad" moduleRef="IPAD" libraryRef="cell_lib"/>
				<instance name="inputs[7]_ipad" moduleRef="IPAD" libraryRef="cell_lib"/>
				<instance name="inputs[6]_ipad" moduleRef="IPAD" libraryRef="cell_lib"/>
				<instance name="inputs[5]_ipad" moduleRef="IPAD" libraryRef="cell_lib"/>
				<instance name="inputs[4]_ipad" moduleRef="IPAD" libraryRef="cell_lib"/>
				<instance name="inputs[3]_ipad" moduleRef="IPAD" libraryRef="cell_lib"/>
				<instance name="inputs[2]_ipad" moduleRef="IPAD" libraryRef="cell_lib"/>
				<instance name="inputs[1]_ipad" moduleRef="IPAD" libraryRef="cell_lib"/>
				<instance name="inputs[0]_ipad" moduleRef="IPAD" libraryRef="cell_lib"/>
				<instance name="clk_ipad" moduleRef="IPAD" libraryRef="cell_lib"/>
				<instance name="VCC" moduleRef="LOGIC_1" libraryRef="cell_lib"/>
				<instance name="GND" moduleRef="LOGIC_0" libraryRef="cell_lib"/>
				<instance name="Buf-pad-inputs[10]" moduleRef="IBUF" libraryRef="cell_lib"/>
				<instance name="Buf-pad-inputs[9]" moduleRef="IBUF" libraryRef="cell_lib"/>
				<instance name="Buf-pad-inputs[8]" moduleRef="IBUF" libraryRef="cell_lib"/>
				<instance name="Buf-pad-inputs[7]" moduleRef="IBUF" libraryRef="cell_lib"/>
				<instance name="Buf-pad-inputs[6]" moduleRef="IBUF" libraryRef="cell_lib"/>
				<instance name="Buf-pad-inputs[5]" moduleRef="IBUF" libraryRef="cell_lib"/>
				<instance name="Buf-pad-inputs[4]" moduleRef="IBUF" libraryRef="cell_lib"/>
				<instance name="Buf-pad-inputs[3]" moduleRef="IBUF" libraryRef="cell_lib"/>
				<instance name="Buf-pad-inputs[2]" moduleRef="IBUF" libraryRef="cell_lib"/>
				<instance name="Buf-pad-inputs[1]" moduleRef="IBUF" libraryRef="cell_lib"/>
				<instance name="Buf-pad-inputs[0]" moduleRef="IBUF" libraryRef="cell_lib"/>
				<instance name="Buf-pad-clk" moduleRef="CLKBUF" libraryRef="cell_lib"/>
				<instance name="IBuf-clkpad-clk" moduleRef="CLKBUF" libraryRef="cell_lib"/>
				<instance name="Buf-pad-outputs[10]" moduleRef="OBUF" libraryRef="cell_lib"/>
				<instance name="Buf-pad-outputs[9]" moduleRef="OBUF" libraryRef="cell_lib"/>
				<instance name="Buf-pad-outputs[8]" moduleRef="OBUF" libraryRef="cell_lib"/>
				<instance name="Buf-pad-outputs[7]" moduleRef="OBUF" libraryRef="cell_lib"/>
				<instance name="Buf-pad-outputs[6]" moduleRef="OBUF" libraryRef="cell_lib"/>
				<instance name="Buf-pad-outputs[5]" moduleRef="OBUF" libraryRef="cell_lib"/>
				<instance name="Buf-pad-outputs[4]" moduleRef="OBUF" libraryRef="cell_lib"/>
				<instance name="Buf-pad-outputs[3]" moduleRef="OBUF" libraryRef="cell_lib"/>
				<instance name="Buf-pad-outputs[2]" moduleRef="OBUF" libraryRef="cell_lib"/>
				<instance name="Buf-pad-outputs[1]" moduleRef="OBUF" libraryRef="cell_lib"/>
				<instance name="Buf-pad-outputs[0]" moduleRef="OBUF" libraryRef="cell_lib"/>
				<instance name="outputs_reg[10]" moduleRef="DFFHQ" libraryRef="cell_lib"/>
				<instance name="outputs_reg[9]" moduleRef="DFFHQ" libraryRef="cell_lib"/>
				<instance name="outputs_reg[8]" moduleRef="DFFHQ" libraryRef="cell_lib"/>
				<instance name="outputs_reg[7]" moduleRef="DFFHQ" libraryRef="cell_lib"/>
				<instance name="outputs_reg[6]" moduleRef="DFFHQ" libraryRef="cell_lib"/>
				<instance name="outputs_reg[5]" moduleRef="DFFHQ" libraryRef="cell_lib"/>
				<instance name="outputs_reg[4]" moduleRef="DFFHQ" libraryRef="cell_lib"/>
				<instance name="outputs_reg[3]" moduleRef="DFFHQ" libraryRef="cell_lib"/>
				<instance name="outputs_reg[2]" moduleRef="DFFHQ" libraryRef="cell_lib"/>
				<instance name="outputs_reg[1]" moduleRef="DFFHQ" libraryRef="cell_lib"/>
				<instance name="outputs_reg[0]" moduleRef="DFFHQ" libraryRef="cell_lib"/>
				<instance name="outputs[10]_opad" moduleRef="OPAD" libraryRef="cell_lib"/>
				<instance name="outputs[9]_opad" moduleRef="OPAD" libraryRef="cell_lib"/>
				<instance name="outputs[8]_opad" moduleRef="OPAD" libraryRef="cell_lib"/>
				<instance name="outputs[7]_opad" moduleRef="OPAD" libraryRef="cell_lib"/>
				<instance name="outputs[6]_opad" moduleRef="OPAD" libraryRef="cell_lib"/>
				<instance name="outputs[5]_opad" moduleRef="OPAD" libraryRef="cell_lib"/>
				<instance name="outputs[4]_opad" moduleRef="OPAD" libraryRef="cell_lib"/>
				<instance name="outputs[3]_opad" moduleRef="OPAD" libraryRef="cell_lib"/>
				<instance name="outputs[2]_opad" moduleRef="OPAD" libraryRef="cell_lib"/>
				<instance name="outputs[1]_opad" moduleRef="OPAD" libraryRef="cell_lib"/>
				<instance name="outputs[0]_opad" moduleRef="OPAD" libraryRef="cell_lib"/>
				<net name="inputs[10]">
					<portRef name="inputs[10]"/>
					<portRef name="PAD" instanceRef="inputs[10]_ipad"/>
					<portRef name="I" instanceRef="Buf-pad-inputs[10]"/>
				</net>
				<net name="inputs[9]">
					<portRef name="inputs[9]"/>
					<portRef name="PAD" instanceRef="inputs[9]_ipad"/>
					<portRef name="I" instanceRef="Buf-pad-inputs[9]"/>
				</net>
				<net name="inputs[8]">
					<portRef name="inputs[8]"/>
					<portRef name="PAD" instanceRef="inputs[8]_ipad"/>
					<portRef name="I" instanceRef="Buf-pad-inputs[8]"/>
				</net>
				<net name="inputs[7]">
					<portRef name="inputs[7]"/>
					<portRef name="PAD" instanceRef="inputs[7]_ipad"/>
					<portRef name="I" instanceRef="Buf-pad-inputs[7]"/>
				</net>
				<net name="inputs[6]">
					<portRef name="inputs[6]"/>
					<portRef name="PAD" instanceRef="inputs[6]_ipad"/>
					<portRef name="I" instanceRef="Buf-pad-inputs[6]"/>
				</net>
				<net name="inputs[5]">
					<portRef name="inputs[5]"/>
					<portRef name="PAD" instanceRef="inputs[5]_ipad"/>
					<portRef name="I" instanceRef="Buf-pad-inputs[5]"/>
				</net>
				<net name="inputs[4]">
					<portRef name="inputs[4]"/>
					<portRef name="PAD" instanceRef="inputs[4]_ipad"/>
					<portRef name="I" instanceRef="Buf-pad-inputs[4]"/>
				</net>
				<net name="inputs[3]">
					<portRef name="inputs[3]"/>
					<portRef name="PAD" instanceRef="inputs[3]_ipad"/>
					<portRef name="I" instanceRef="Buf-pad-inputs[3]"/>
				</net>
				<net name="inputs[2]">
					<portRef name="inputs[2]"/>
					<portRef name="PAD" instanceRef="inputs[2]_ipad"/>
					<portRef name="I" instanceRef="Buf-pad-inputs[2]"/>
				</net>
				<net name="inputs[1]">
					<portRef name="inputs[1]"/>
					<portRef name="PAD" instanceRef="inputs[1]_ipad"/>
					<portRef name="I" instanceRef="Buf-pad-inputs[1]"/>
				</net>
				<net name="inputs[0]">
					<portRef name="inputs[0]"/>
					<portRef name="PAD" instanceRef="inputs[0]_ipad"/>
					<portRef name="I" instanceRef="Buf-pad-inputs[0]"/>
				</net>
				<net name="clk">
					<portRef name="clk"/>
					<portRef name="PAD" instanceRef="clk_ipad"/>
					<portRef name="I" instanceRef="Buf-pad-clk"/>
				</net>
				<net name="net_Buf-pad-clk">
					<portRef name="O" instanceRef="Buf-pad-clk"/>
					<portRef name="I" instanceRef="IBuf-clkpad-clk"/>
				</net>
				<net name="net_outputs_reg[10]">
					<portRef name="Q" instanceRef="outputs_reg[10]"/>
					<portRef name="I" instanceRef="Buf-pad-outputs[10]"/>
				</net>
				<net name="net_outputs_reg[9]">
					<portRef name="Q" instanceRef="outputs_reg[9]"/>
					<portRef name="I" instanceRef="Buf-pad-outputs[9]"/>
				</net>
				<net name="net_outputs_reg[8]">
					<portRef name="Q" instanceRef="outputs_reg[8]"/>
					<portRef name="I" instanceRef="Buf-pad-outputs[8]"/>
				</net>
				<net name="net_outputs_reg[7]">
					<portRef name="Q" instanceRef="outputs_reg[7]"/>
					<portRef name="I" instanceRef="Buf-pad-outputs[7]"/>
				</net>
				<net name="net_outputs_reg[6]">
					<portRef name="Q" instanceRef="outputs_reg[6]"/>
					<portRef name="I" instanceRef="Buf-pad-outputs[6]"/>
				</net>
				<net name="net_outputs_reg[5]">
					<portRef name="Q" instanceRef="outputs_reg[5]"/>
					<portRef name="I" instanceRef="Buf-pad-outputs[5]"/>
				</net>
				<net name="net_outputs_reg[4]">
					<portRef name="Q" instanceRef="outputs_reg[4]"/>
					<portRef name="I" instanceRef="Buf-pad-outputs[4]"/>
				</net>
				<net name="net_outputs_reg[3]">
					<portRef name="Q" instanceRef="outputs_reg[3]"/>
					<portRef name="I" instanceRef="Buf-pad-outputs[3]"/>
				</net>
				<net name="net_outputs_reg[2]">
					<portRef name="Q" instanceRef="outputs_reg[2]"/>
					<portRef name="I" instanceRef="Buf-pad-outputs[2]"/>
				</net>
				<net name="net_outputs_reg[1]">
					<portRef name="Q" instanceRef="outputs_reg[1]"/>
					<portRef name="I" instanceRef="Buf-pad-outputs[1]"/>
				</net>
				<net name="net_outputs_reg[0]">
					<portRef name="Q" instanceRef="outputs_reg[0]"/>
					<portRef name="I" instanceRef="Buf-pad-outputs[0]"/>
				</net>
				<net name="net_Buf-pad-inputs[10]">
					<portRef name="O" instanceRef="Buf-pad-inputs[10]"/>
					<portRef name="D" instanceRef="outputs_reg[10]"/>
				</net>
				<net name="net_IBuf-clkpad-clk" type="clock">
					<portRef name="O" instanceRef="IBuf-clkpad-clk"/>
					<portRef name="CK" instanceRef="outputs_reg[10]"/>
					<portRef name="CK" instanceRef="outputs_reg[9]"/>
					<portRef name="CK" instanceRef="outputs_reg[8]"/>
					<portRef name="CK" instanceRef="outputs_reg[7]"/>
					<portRef name="CK" instanceRef="outputs_reg[6]"/>
					<portRef name="CK" instanceRef="outputs_reg[5]"/>
					<portRef name="CK" instanceRef="outputs_reg[4]"/>
					<portRef name="CK" instanceRef="outputs_reg[3]"/>
					<portRef name="CK" instanceRef="outputs_reg[2]"/>
					<portRef name="CK" instanceRef="outputs_reg[1]"/>
					<portRef name="CK" instanceRef="outputs_reg[0]"/>
				</net>
				<net name="net_Buf-pad-inputs[9]">
					<portRef name="O" instanceRef="Buf-pad-inputs[9]"/>
					<portRef name="D" instanceRef="outputs_reg[9]"/>
				</net>
				<net name="net_Buf-pad-inputs[8]">
					<portRef name="O" instanceRef="Buf-pad-inputs[8]"/>
					<portRef name="D" instanceRef="outputs_reg[8]"/>
				</net>
				<net name="net_Buf-pad-inputs[7]">
					<portRef name="O" instanceRef="Buf-pad-inputs[7]"/>
					<portRef name="D" instanceRef="outputs_reg[7]"/>
				</net>
				<net name="net_Buf-pad-inputs[6]">
					<portRef name="O" instanceRef="Buf-pad-inputs[6]"/>
					<portRef name="D" instanceRef="outputs_reg[6]"/>
				</net>
				<net name="net_Buf-pad-inputs[5]">
					<portRef name="O" instanceRef="Buf-pad-inputs[5]"/>
					<portRef name="D" instanceRef="outputs_reg[5]"/>
				</net>
				<net name="net_Buf-pad-inputs[4]">
					<portRef name="O" instanceRef="Buf-pad-inputs[4]"/>
					<portRef name="D" instanceRef="outputs_reg[4]"/>
				</net>
				<net name="net_Buf-pad-inputs[3]">
					<portRef name="O" instanceRef="Buf-pad-inputs[3]"/>
					<portRef name="D" instanceRef="outputs_reg[3]"/>
				</net>
				<net name="net_Buf-pad-inputs[2]">
					<portRef name="O" instanceRef="Buf-pad-inputs[2]"/>
					<portRef name="D" instanceRef="outputs_reg[2]"/>
				</net>
				<net name="net_Buf-pad-inputs[1]">
					<portRef name="O" instanceRef="Buf-pad-inputs[1]"/>
					<portRef name="D" instanceRef="outputs_reg[1]"/>
				</net>
				<net name="net_Buf-pad-inputs[0]">
					<portRef name="O" instanceRef="Buf-pad-inputs[0]"/>
					<portRef name="D" instanceRef="outputs_reg[0]"/>
				</net>
				<net name="outputs[10]">
					<portRef name="PAD" instanceRef="outputs[10]_opad"/>
					<portRef name="O" instanceRef="Buf-pad-outputs[10]"/>
					<portRef name="outputs[10]"/>
				</net>
				<net name="outputs[9]">
					<portRef name="PAD" instanceRef="outputs[9]_opad"/>
					<portRef name="O" instanceRef="Buf-pad-outputs[9]"/>
					<portRef name="outputs[9]"/>
				</net>
				<net name="outputs[8]">
					<portRef name="PAD" instanceRef="outputs[8]_opad"/>
					<portRef name="O" instanceRef="Buf-pad-outputs[8]"/>
					<portRef name="outputs[8]"/>
				</net>
				<net name="outputs[7]">
					<portRef name="PAD" instanceRef="outputs[7]_opad"/>
					<portRef name="O" instanceRef="Buf-pad-outputs[7]"/>
					<portRef name="outputs[7]"/>
				</net>
				<net name="outputs[6]">
					<portRef name="PAD" instanceRef="outputs[6]_opad"/>
					<portRef name="O" instanceRef="Buf-pad-outputs[6]"/>
					<portRef name="outputs[6]"/>
				</net>
				<net name="outputs[5]">
					<portRef name="PAD" instanceRef="outputs[5]_opad"/>
					<portRef name="O" instanceRef="Buf-pad-outputs[5]"/>
					<portRef name="outputs[5]"/>
				</net>
				<net name="outputs[4]">
					<portRef name="PAD" instanceRef="outputs[4]_opad"/>
					<portRef name="O" instanceRef="Buf-pad-outputs[4]"/>
					<portRef name="outputs[4]"/>
				</net>
				<net name="outputs[3]">
					<portRef name="PAD" instanceRef="outputs[3]_opad"/>
					<portRef name="O" instanceRef="Buf-pad-outputs[3]"/>
					<portRef name="outputs[3]"/>
				</net>
				<net name="outputs[2]">
					<portRef name="PAD" instanceRef="outputs[2]_opad"/>
					<portRef name="O" instanceRef="Buf-pad-outputs[2]"/>
					<portRef name="outputs[2]"/>
				</net>
				<net name="outputs[1]">
					<portRef name="PAD" instanceRef="outputs[1]_opad"/>
					<portRef name="O" instanceRef="Buf-pad-outputs[1]"/>
					<portRef name="outputs[1]"/>
				</net>
				<net name="outputs[0]">
					<portRef name="PAD" instanceRef="outputs[0]_opad"/>
					<portRef name="O" instanceRef="Buf-pad-outputs[0]"/>
					<portRef name="outputs[0]"/>
				</net>
			</contents>
		</module>
	</library>
	<topModule name="lab4" libraryRef="work_lib"/>
</design>

