<design name="lab7">
	<external name="cell_lib">
		<module name="DFFHQ" type="FFLATCH">
			<property name="edge" value="rise"/>
			<port name="D" direction="input"/>
			<port name="CK" direction="input" type="clock"/>
			<port name="Q" direction="output"/>
		</module>
		<module name="DFFNHQ" type="FFLATCH">
			<property name="edge" value="fall"/>
			<port name="D" direction="input"/>
			<port name="CKN" direction="input" type="clock"/>
			<port name="Q" direction="output"/>
		</module>
		<module name="LOGIC_0" type="MACRO">
			<property name="truthtable" value="|0"/>
			<port name="LOGIC_0_PIN" direction="output"/>
		</module>
		<module name="OAI2BB1" type="COMB">
			<property name="truthtable" value="11-|--0"/>
			<port name="A0N" direction="input"/>
			<port name="A1N" direction="input"/>
			<port name="B0" direction="input"/>
			<port name="Y" direction="output"/>
		</module>
		<module name="INV" type="COMB">
			<property name="truthtable" value="0"/>
			<port name="A" direction="input"/>
			<port name="Y" direction="output"/>
		</module>
		<module name="NOR2" type="COMB">
			<property name="truthtable" value="00"/>
			<port name="A" direction="input"/>
			<port name="B" direction="input"/>
			<port name="Y" direction="output"/>
		</module>
		<module name="OAI211" type="COMB">
			<property name="truthtable" value="00--|--0-|---0"/>
			<port name="A0" direction="input"/>
			<port name="A1" direction="input"/>
			<port name="B0" direction="input"/>
			<port name="C0" direction="input"/>
			<port name="Y" direction="output"/>
		</module>
		<module name="NOR2B" type="COMB">
			<property name="truthtable" value="10"/>
			<port name="AN" direction="input"/>
			<port name="B" direction="input"/>
			<port name="Y" direction="output"/>
		</module>
		<module name="NOR3B" type="COMB">
			<property name="truthtable" value="100"/>
			<port name="AN" direction="input"/>
			<port name="B" direction="input"/>
			<port name="C" direction="input"/>
			<port name="Y" direction="output"/>
		</module>
		<module name="AOI211" type="COMB">
			<property name="truthtable" value="0-00|-000"/>
			<port name="A0" direction="input"/>
			<port name="A1" direction="input"/>
			<port name="B0" direction="input"/>
			<port name="C0" direction="input"/>
			<port name="Y" direction="output"/>
		</module>
		<module name="NOR3" type="COMB">
			<property name="truthtable" value="000"/>
			<port name="A" direction="input"/>
			<port name="B" direction="input"/>
			<port name="C" direction="input"/>
			<port name="Y" direction="output"/>
		</module>
		<module name="NAND2B" type="COMB">
			<property name="truthtable" value="1-|-0"/>
			<port name="AN" direction="input"/>
			<port name="B" direction="input"/>
			<port name="Y" direction="output"/>
		</module>
		<module name="NAND3B" type="COMB">
			<property name="truthtable" value="1--|-0-|--0"/>
			<port name="AN" direction="input"/>
			<port name="B" direction="input"/>
			<port name="C" direction="input"/>
			<port name="Y" direction="output"/>
		</module>
		<module name="AOI31" type="COMB">
			<property name="truthtable" value="0--0|-0-0|--00"/>
			<port name="A0" direction="input"/>
			<port name="A1" direction="input"/>
			<port name="A2" direction="input"/>
			<port name="B0" direction="input"/>
			<port name="Y" direction="output"/>
		</module>
		<module name="NOR4BB" type="COMB">
			<property name="truthtable" value="1100"/>
			<port name="AN" direction="input"/>
			<port name="BN" direction="input"/>
			<port name="C" direction="input"/>
			<port name="D" direction="input"/>
			<port name="Y" direction="output"/>
		</module>
		<module name="OAI31" type="COMB">
			<property name="truthtable" value="000-|---0"/>
			<port name="A0" direction="input"/>
			<port name="A1" direction="input"/>
			<port name="A2" direction="input"/>
			<port name="B0" direction="input"/>
			<port name="Y" direction="output"/>
		</module>
		<module name="OR4" type="COMB">
			<property name="truthtable" value="1---|-1--|--1-|---1"/>
			<port name="A" direction="input"/>
			<port name="B" direction="input"/>
			<port name="C" direction="input"/>
			<port name="D" direction="input"/>
			<port name="Y" direction="output"/>
		</module>
	</external>
	<library name="work_lib">
		<module name="lab7" type="GENERIC">
			<port name="row" msb="15" lsb="0" direction="output"/>
			<port name="col" msb="15" lsb="0" direction="output"/>
			<port name="clk" direction="input"/>
			<port name="reset" direction="input"/>
			<contents>
				<instance name="row_reg[0]" moduleRef="DFFHQ" libraryRef="cell_lib"/>
				<instance name="row_reg[1]" moduleRef="DFFHQ" libraryRef="cell_lib"/>
				<instance name="row_reg[2]" moduleRef="DFFHQ" libraryRef="cell_lib"/>
				<instance name="row_reg[3]" moduleRef="DFFHQ" libraryRef="cell_lib"/>
				<instance name="row_reg[4]" moduleRef="DFFHQ" libraryRef="cell_lib"/>
				<instance name="row_reg[5]" moduleRef="DFFHQ" libraryRef="cell_lib"/>
				<instance name="row_reg[6]" moduleRef="DFFHQ" libraryRef="cell_lib"/>
				<instance name="row_reg[7]" moduleRef="DFFHQ" libraryRef="cell_lib"/>
				<instance name="row_reg[8]" moduleRef="DFFHQ" libraryRef="cell_lib"/>
				<instance name="row_reg[9]" moduleRef="DFFHQ" libraryRef="cell_lib"/>
				<instance name="row_reg[10]" moduleRef="DFFHQ" libraryRef="cell_lib"/>
				<instance name="row_reg[11]" moduleRef="DFFHQ" libraryRef="cell_lib"/>
				<instance name="row_reg[12]" moduleRef="DFFHQ" libraryRef="cell_lib"/>
				<instance name="row_reg[13]" moduleRef="DFFHQ" libraryRef="cell_lib"/>
				<instance name="row_reg[14]" moduleRef="DFFHQ" libraryRef="cell_lib"/>
				<instance name="row_reg[15]" moduleRef="DFFHQ" libraryRef="cell_lib"/>
				<instance name="col_reg[14]" moduleRef="DFFNHQ" libraryRef="cell_lib"/>
				<instance name="col_reg[13]" moduleRef="DFFNHQ" libraryRef="cell_lib"/>
				<instance name="col_reg[12]" moduleRef="DFFNHQ" libraryRef="cell_lib"/>
				<instance name="col_reg[11]" moduleRef="DFFNHQ" libraryRef="cell_lib"/>
				<instance name="col_reg[10]" moduleRef="DFFNHQ" libraryRef="cell_lib"/>
				<instance name="col_reg[9]" moduleRef="DFFNHQ" libraryRef="cell_lib"/>
				<instance name="col_reg[8]" moduleRef="DFFNHQ" libraryRef="cell_lib"/>
				<instance name="col_reg[7]" moduleRef="DFFNHQ" libraryRef="cell_lib"/>
				<instance name="col_reg[6]" moduleRef="DFFNHQ" libraryRef="cell_lib"/>
				<instance name="col_reg[5]" moduleRef="DFFNHQ" libraryRef="cell_lib"/>
				<instance name="col_reg[4]" moduleRef="DFFNHQ" libraryRef="cell_lib"/>
				<instance name="col_reg[3]" moduleRef="DFFNHQ" libraryRef="cell_lib"/>
				<instance name="col_reg[2]" moduleRef="DFFNHQ" libraryRef="cell_lib"/>
				<instance name="col_reg[1]" moduleRef="DFFNHQ" libraryRef="cell_lib"/>
				<instance name="col_reg[0]" moduleRef="DFFNHQ" libraryRef="cell_lib"/>
				<instance name="U111" moduleRef="LOGIC_0" libraryRef="cell_lib"/>
				<instance name="U112" moduleRef="OAI2BB1" libraryRef="cell_lib"/>
				<instance name="U113" moduleRef="INV" libraryRef="cell_lib"/>
				<instance name="U114" moduleRef="OAI2BB1" libraryRef="cell_lib"/>
				<instance name="U115" moduleRef="OAI2BB1" libraryRef="cell_lib"/>
				<instance name="U116" moduleRef="NOR2" libraryRef="cell_lib"/>
				<instance name="U117" moduleRef="OAI211" libraryRef="cell_lib"/>
				<instance name="U118" moduleRef="INV" libraryRef="cell_lib"/>
				<instance name="U119" moduleRef="OAI2BB1" libraryRef="cell_lib"/>
				<instance name="U120" moduleRef="OAI2BB1" libraryRef="cell_lib"/>
				<instance name="U121" moduleRef="NOR2B" libraryRef="cell_lib"/>
				<instance name="U122" moduleRef="OAI2BB1" libraryRef="cell_lib"/>
				<instance name="U123" moduleRef="OAI2BB1" libraryRef="cell_lib"/>
				<instance name="U124" moduleRef="OAI2BB1" libraryRef="cell_lib"/>
				<instance name="U125" moduleRef="INV" libraryRef="cell_lib"/>
				<instance name="U126" moduleRef="OAI2BB1" libraryRef="cell_lib"/>
				<instance name="U127" moduleRef="NOR3B" libraryRef="cell_lib"/>
				<instance name="U128" moduleRef="OAI2BB1" libraryRef="cell_lib"/>
				<instance name="U129" moduleRef="NOR2B" libraryRef="cell_lib"/>
				<instance name="U130" moduleRef="NOR2B" libraryRef="cell_lib"/>
				<instance name="U131" moduleRef="INV" libraryRef="cell_lib"/>
				<instance name="U132" moduleRef="AOI211" libraryRef="cell_lib"/>
				<instance name="U133" moduleRef="OAI2BB1" libraryRef="cell_lib"/>
				<instance name="U134" moduleRef="OAI2BB1" libraryRef="cell_lib"/>
				<instance name="U135" moduleRef="NOR3" libraryRef="cell_lib"/>
				<instance name="U136" moduleRef="INV" libraryRef="cell_lib"/>
				<instance name="U137" moduleRef="AOI211" libraryRef="cell_lib"/>
				<instance name="U138" moduleRef="INV" libraryRef="cell_lib"/>
				<instance name="U139" moduleRef="NAND2B" libraryRef="cell_lib"/>
				<instance name="U140" moduleRef="NOR3B" libraryRef="cell_lib"/>
				<instance name="U141" moduleRef="NAND3B" libraryRef="cell_lib"/>
				<instance name="U142" moduleRef="AOI31" libraryRef="cell_lib"/>
				<instance name="U143" moduleRef="NOR3B" libraryRef="cell_lib"/>
				<instance name="U144" moduleRef="INV" libraryRef="cell_lib"/>
				<instance name="U145" moduleRef="INV" libraryRef="cell_lib"/>
				<instance name="U146" moduleRef="NOR3" libraryRef="cell_lib"/>
				<instance name="U147" moduleRef="NOR4BB" libraryRef="cell_lib"/>
				<instance name="U148" moduleRef="NOR4BB" libraryRef="cell_lib"/>
				<instance name="U149" moduleRef="NOR4BB" libraryRef="cell_lib"/>
				<instance name="U150" moduleRef="NOR4BB" libraryRef="cell_lib"/>
				<instance name="U151" moduleRef="OAI31" libraryRef="cell_lib"/>
				<instance name="U152" moduleRef="AOI31" libraryRef="cell_lib"/>
				<instance name="U153" moduleRef="OR4" libraryRef="cell_lib"/>
				<instance name="U154" moduleRef="NOR4BB" libraryRef="cell_lib"/>
				<instance name="U155" moduleRef="NOR2B" libraryRef="cell_lib"/>
				<instance name="U156" moduleRef="INV" libraryRef="cell_lib"/>
				<instance name="U157" moduleRef="NOR4BB" libraryRef="cell_lib"/>
				<instance name="U158" moduleRef="NOR4BB" libraryRef="cell_lib"/>
				<instance name="U159" moduleRef="NOR4BB" libraryRef="cell_lib"/>
				<instance name="U160" moduleRef="NOR4BB" libraryRef="cell_lib"/>
				<instance name="U161" moduleRef="INV" libraryRef="cell_lib"/>
				<instance name="U162" moduleRef="NOR2" libraryRef="cell_lib"/>
				<instance name="U163" moduleRef="INV" libraryRef="cell_lib"/>
				<instance name="U164" moduleRef="NOR3B" libraryRef="cell_lib"/>
				<instance name="U165" moduleRef="NOR3B" libraryRef="cell_lib"/>
				<instance name="U166" moduleRef="INV" libraryRef="cell_lib"/>
				<instance name="U167" moduleRef="NOR2B" libraryRef="cell_lib"/>
				<instance name="U168" moduleRef="NOR3B" libraryRef="cell_lib"/>
				<instance name="U169" moduleRef="INV" libraryRef="cell_lib"/>
				<instance name="U170" moduleRef="NOR3B" libraryRef="cell_lib"/>
				<instance name="U171" moduleRef="AOI31" libraryRef="cell_lib"/>
				<instance name="U172" moduleRef="NOR2B" libraryRef="cell_lib"/>
				<instance name="U173" moduleRef="INV" libraryRef="cell_lib"/>
				<instance name="U174" moduleRef="NOR4BB" libraryRef="cell_lib"/>
				<instance name="U175" moduleRef="NOR4BB" libraryRef="cell_lib"/>
				<instance name="U176" moduleRef="INV" libraryRef="cell_lib"/>
				<instance name="U177" moduleRef="NOR3B" libraryRef="cell_lib"/>
				<instance name="U178" moduleRef="NOR2B" libraryRef="cell_lib"/>
				<instance name="U179" moduleRef="NAND2B" libraryRef="cell_lib"/>
				<instance name="U180" moduleRef="NOR3B" libraryRef="cell_lib"/>
				<instance name="U181" moduleRef="INV" libraryRef="cell_lib"/>
				<instance name="U182" moduleRef="NOR3B" libraryRef="cell_lib"/>
				<instance name="U183" moduleRef="NOR3B" libraryRef="cell_lib"/>
				<instance name="U184" moduleRef="NOR2" libraryRef="cell_lib"/>
				<instance name="U185" moduleRef="NOR2B" libraryRef="cell_lib"/>
				<instance name="U186" moduleRef="NOR2" libraryRef="cell_lib"/>
				<instance name="U187" moduleRef="NOR4BB" libraryRef="cell_lib"/>
				<instance name="U188" moduleRef="NOR2" libraryRef="cell_lib"/>
				<instance name="U189" moduleRef="NOR2B" libraryRef="cell_lib"/>
				<instance name="U190" moduleRef="NOR2B" libraryRef="cell_lib"/>
				<instance name="U191" moduleRef="NOR2B" libraryRef="cell_lib"/>
				<instance name="U192" moduleRef="NOR2B" libraryRef="cell_lib"/>
				<instance name="U193" moduleRef="NOR2B" libraryRef="cell_lib"/>
				<instance name="U194" moduleRef="NOR2B" libraryRef="cell_lib"/>
				<instance name="U195" moduleRef="NAND2B" libraryRef="cell_lib"/>
				<instance name="U196" moduleRef="INV" libraryRef="cell_lib"/>
				<instance name="U197" moduleRef="NOR2B" libraryRef="cell_lib"/>
				<instance name="U198" moduleRef="NOR2" libraryRef="cell_lib"/>
				<instance name="U199" moduleRef="INV" libraryRef="cell_lib"/>
				<instance name="U200" moduleRef="NOR2B" libraryRef="cell_lib"/>
				<instance name="U201" moduleRef="NOR2B" libraryRef="cell_lib"/>
				<instance name="U202" moduleRef="NOR2B" libraryRef="cell_lib"/>
				<instance name="U203" moduleRef="NOR2B" libraryRef="cell_lib"/>
				<instance name="U204" moduleRef="NOR2B" libraryRef="cell_lib"/>
				<instance name="U205" moduleRef="NOR2B" libraryRef="cell_lib"/>
				<instance name="U206" moduleRef="NOR2B" libraryRef="cell_lib"/>
				<net name="row[15]">
					<portRef name="Q" instanceRef="row_reg[15]"/>
					<portRef name="row[15]"/>
					<portRef name="D" instanceRef="U149"/>
					<portRef name="D" instanceRef="U154"/>
					<portRef name="C" instanceRef="U177"/>
					<portRef name="D" instanceRef="U187"/>
					<portRef name="A" instanceRef="U196"/>
				</net>
				<net name="row[14]">
					<portRef name="Q" instanceRef="row_reg[14]"/>
					<portRef name="row[14]"/>
					<portRef name="BN" instanceRef="U147"/>
					<portRef name="C" instanceRef="U150"/>
					<portRef name="B" instanceRef="U184"/>
					<portRef name="AN" instanceRef="U197"/>
				</net>
				<net name="row[13]">
					<portRef name="Q" instanceRef="row_reg[13]"/>
					<portRef name="row[13]"/>
					<portRef name="D" instanceRef="U147"/>
					<portRef name="D" instanceRef="U150"/>
					<portRef name="D" instanceRef="U157"/>
					<portRef name="C" instanceRef="U183"/>
					<portRef name="A" instanceRef="U199"/>
				</net>
				<net name="row[12]">
					<portRef name="Q" instanceRef="row_reg[12]"/>
					<portRef name="row[12]"/>
					<portRef name="B" instanceRef="U165"/>
					<portRef name="BN" instanceRef="U175"/>
					<portRef name="B" instanceRef="U182"/>
					<portRef name="AN" instanceRef="U200"/>
				</net>
				<net name="row[11]">
					<portRef name="Q" instanceRef="row_reg[11]"/>
					<portRef name="row[11]"/>
					<portRef name="AN" instanceRef="U143"/>
					<portRef name="C" instanceRef="U148"/>
					<portRef name="C" instanceRef="U159"/>
					<portRef name="B" instanceRef="U185"/>
					<portRef name="AN" instanceRef="U201"/>
				</net>
				<net name="row[10]">
					<portRef name="Q" instanceRef="row_reg[10]"/>
					<portRef name="row[10]"/>
					<portRef name="A2" instanceRef="U152"/>
					<portRef name="B" instanceRef="U162"/>
					<portRef name="C" instanceRef="U165"/>
					<portRef name="C" instanceRef="U175"/>
					<portRef name="B" instanceRef="U180"/>
					<portRef name="AN" instanceRef="U202"/>
				</net>
				<net name="row[9]">
					<portRef name="Q" instanceRef="row_reg[9]"/>
					<portRef name="row[9]"/>
					<portRef name="C" instanceRef="U170"/>
					<portRef name="B" instanceRef="U177"/>
					<portRef name="BN" instanceRef="U187"/>
					<portRef name="AN" instanceRef="U203"/>
				</net>
				<net name="row[8]">
					<portRef name="Q" instanceRef="row_reg[8]"/>
					<portRef name="row[8]"/>
					<portRef name="C" instanceRef="U149"/>
					<portRef name="BN" instanceRef="U154"/>
					<portRef name="A" instanceRef="U188"/>
					<portRef name="AN" instanceRef="U204"/>
				</net>
				<net name="row[7]">
					<portRef name="Q" instanceRef="row_reg[7]"/>
					<portRef name="row[7]"/>
					<portRef name="BN" instanceRef="U149"/>
					<portRef name="C" instanceRef="U154"/>
					<portRef name="B" instanceRef="U188"/>
					<portRef name="AN" instanceRef="U205"/>
				</net>
				<net name="row[6]">
					<portRef name="Q" instanceRef="row_reg[6]"/>
					<portRef name="row[6]"/>
					<portRef name="D" instanceRef="U148"/>
					<portRef name="BN" instanceRef="U159"/>
					<portRef name="A" instanceRef="U186"/>
					<portRef name="AN" instanceRef="U206"/>
				</net>
				<net name="row[5]">
					<portRef name="Q" instanceRef="row_reg[5]"/>
					<portRef name="row[5]"/>
					<portRef name="BN" instanceRef="U148"/>
					<portRef name="D" instanceRef="U159"/>
					<portRef name="B" instanceRef="U186"/>
					<portRef name="AN" instanceRef="U189"/>
				</net>
				<net name="row[4]">
					<portRef name="Q" instanceRef="row_reg[4]"/>
					<portRef name="row[4]"/>
					<portRef name="BN" instanceRef="U158"/>
					<portRef name="A" instanceRef="U162"/>
					<portRef name="C" instanceRef="U174"/>
					<portRef name="AN" instanceRef="U179"/>
					<portRef name="AN" instanceRef="U190"/>
				</net>
				<net name="row[3]">
					<portRef name="Q" instanceRef="row_reg[3]"/>
					<portRef name="row[3]"/>
					<portRef name="C" instanceRef="U158"/>
					<portRef name="C" instanceRef="U160"/>
					<portRef name="B" instanceRef="U170"/>
					<portRef name="A2" instanceRef="U171"/>
					<portRef name="D" instanceRef="U174"/>
					<portRef name="C" instanceRef="U187"/>
					<portRef name="AN" instanceRef="U191"/>
				</net>
				<net name="row[2]">
					<portRef name="Q" instanceRef="row_reg[2]"/>
					<portRef name="row[2]"/>
					<portRef name="BN" instanceRef="U157"/>
					<portRef name="B" instanceRef="U164"/>
					<portRef name="B" instanceRef="U183"/>
					<portRef name="AN" instanceRef="U192"/>
				</net>
				<net name="row[1]">
					<portRef name="Q" instanceRef="row_reg[1]"/>
					<portRef name="row[1]"/>
					<portRef name="C" instanceRef="U147"/>
					<portRef name="BN" instanceRef="U150"/>
					<portRef name="A" instanceRef="U184"/>
					<portRef name="AN" instanceRef="U193"/>
				</net>
				<net name="row[0]">
					<portRef name="Q" instanceRef="row_reg[0]"/>
					<portRef name="row[0]"/>
					<portRef name="A2" instanceRef="U142"/>
					<portRef name="C" instanceRef="U157"/>
					<portRef name="C" instanceRef="U164"/>
					<portRef name="D" instanceRef="U175"/>
					<portRef name="C" instanceRef="U182"/>
					<portRef name="AN" instanceRef="U194"/>
				</net>
				<net name="col[15]">
					<portRef name="LOGIC_0_PIN" instanceRef="U111"/>
					<portRef name="col[15]"/>
				</net>
				<net name="col[14]">
					<portRef name="Q" instanceRef="col_reg[14]"/>
					<portRef name="col[14]"/>
					<portRef name="A1N" instanceRef="U112"/>
				</net>
				<net name="col[13]">
					<portRef name="Q" instanceRef="col_reg[13]"/>
					<portRef name="col[13]"/>
					<portRef name="A1N" instanceRef="U114"/>
				</net>
				<net name="col[12]">
					<portRef name="Q" instanceRef="col_reg[12]"/>
					<portRef name="col[12]"/>
					<portRef name="A1N" instanceRef="U115"/>
				</net>
				<net name="col[11]">
					<portRef name="Q" instanceRef="col_reg[11]"/>
					<portRef name="col[11]"/>
					<portRef name="A" instanceRef="U118"/>
				</net>
				<net name="col[10]">
					<portRef name="Q" instanceRef="col_reg[10]"/>
					<portRef name="col[10]"/>
					<portRef name="A1N" instanceRef="U119"/>
				</net>
				<net name="col[9]">
					<portRef name="Q" instanceRef="col_reg[9]"/>
					<portRef name="col[9]"/>
					<portRef name="A1N" instanceRef="U120"/>
				</net>
				<net name="col[8]">
					<portRef name="Q" instanceRef="col_reg[8]"/>
					<portRef name="col[8]"/>
					<portRef name="A1N" instanceRef="U122"/>
				</net>
				<net name="col[7]">
					<portRef name="Q" instanceRef="col_reg[7]"/>
					<portRef name="col[7]"/>
					<portRef name="A1N" instanceRef="U123"/>
				</net>
				<net name="col[6]">
					<portRef name="Q" instanceRef="col_reg[6]"/>
					<portRef name="col[6]"/>
					<portRef name="A1N" instanceRef="U124"/>
				</net>
				<net name="col[5]">
					<portRef name="Q" instanceRef="col_reg[5]"/>
					<portRef name="col[5]"/>
					<portRef name="A1N" instanceRef="U126"/>
				</net>
				<net name="col[4]">
					<portRef name="Q" instanceRef="col_reg[4]"/>
					<portRef name="col[4]"/>
					<portRef name="A1N" instanceRef="U128"/>
				</net>
				<net name="col[3]">
					<portRef name="Q" instanceRef="col_reg[3]"/>
					<portRef name="col[3]"/>
					<portRef name="A1" instanceRef="U132"/>
				</net>
				<net name="col[2]">
					<portRef name="Q" instanceRef="col_reg[2]"/>
					<portRef name="col[2]"/>
					<portRef name="A1N" instanceRef="U133"/>
				</net>
				<net name="col[1]">
					<portRef name="Q" instanceRef="col_reg[1]"/>
					<portRef name="col[1]"/>
					<portRef name="A1N" instanceRef="U134"/>
				</net>
				<net name="col[0]">
					<portRef name="Q" instanceRef="col_reg[0]"/>
					<portRef name="col[0]"/>
					<portRef name="A1" instanceRef="U137"/>
				</net>
				<net name="clk">
					<portRef name="clk"/>
					<portRef name="CK" instanceRef="row_reg[0]"/>
					<portRef name="CK" instanceRef="row_reg[1]"/>
					<portRef name="CK" instanceRef="row_reg[2]"/>
					<portRef name="CK" instanceRef="row_reg[3]"/>
					<portRef name="CK" instanceRef="row_reg[4]"/>
					<portRef name="CK" instanceRef="row_reg[5]"/>
					<portRef name="CK" instanceRef="row_reg[6]"/>
					<portRef name="CK" instanceRef="row_reg[7]"/>
					<portRef name="CK" instanceRef="row_reg[8]"/>
					<portRef name="CK" instanceRef="row_reg[9]"/>
					<portRef name="CK" instanceRef="row_reg[10]"/>
					<portRef name="CK" instanceRef="row_reg[11]"/>
					<portRef name="CK" instanceRef="row_reg[12]"/>
					<portRef name="CK" instanceRef="row_reg[13]"/>
					<portRef name="CK" instanceRef="row_reg[14]"/>
					<portRef name="CK" instanceRef="row_reg[15]"/>
					<portRef name="CKN" instanceRef="col_reg[14]"/>
					<portRef name="CKN" instanceRef="col_reg[13]"/>
					<portRef name="CKN" instanceRef="col_reg[12]"/>
					<portRef name="CKN" instanceRef="col_reg[11]"/>
					<portRef name="CKN" instanceRef="col_reg[10]"/>
					<portRef name="CKN" instanceRef="col_reg[9]"/>
					<portRef name="CKN" instanceRef="col_reg[8]"/>
					<portRef name="CKN" instanceRef="col_reg[7]"/>
					<portRef name="CKN" instanceRef="col_reg[6]"/>
					<portRef name="CKN" instanceRef="col_reg[5]"/>
					<portRef name="CKN" instanceRef="col_reg[4]"/>
					<portRef name="CKN" instanceRef="col_reg[3]"/>
					<portRef name="CKN" instanceRef="col_reg[2]"/>
					<portRef name="CKN" instanceRef="col_reg[1]"/>
					<portRef name="CKN" instanceRef="col_reg[0]"/>
				</net>
				<net name="reset">
					<portRef name="reset"/>
					<portRef name="B" instanceRef="U189"/>
					<portRef name="B" instanceRef="U190"/>
					<portRef name="B" instanceRef="U191"/>
					<portRef name="B" instanceRef="U192"/>
					<portRef name="B" instanceRef="U193"/>
					<portRef name="B" instanceRef="U194"/>
					<portRef name="AN" instanceRef="U195"/>
					<portRef name="B" instanceRef="U197"/>
					<portRef name="A" instanceRef="U198"/>
					<portRef name="B" instanceRef="U200"/>
					<portRef name="B" instanceRef="U201"/>
					<portRef name="B" instanceRef="U202"/>
					<portRef name="B" instanceRef="U203"/>
					<portRef name="B" instanceRef="U204"/>
					<portRef name="B" instanceRef="U205"/>
					<portRef name="B" instanceRef="U206"/>
				</net>
				<net name="N3">
					<portRef name="Y" instanceRef="U195"/>
					<portRef name="D" instanceRef="row_reg[0]"/>
				</net>
				<net name="N4">
					<portRef name="Y" instanceRef="U194"/>
					<portRef name="D" instanceRef="row_reg[1]"/>
				</net>
				<net name="N5">
					<portRef name="Y" instanceRef="U193"/>
					<portRef name="D" instanceRef="row_reg[2]"/>
				</net>
				<net name="N6">
					<portRef name="Y" instanceRef="U192"/>
					<portRef name="D" instanceRef="row_reg[3]"/>
				</net>
				<net name="N7">
					<portRef name="Y" instanceRef="U191"/>
					<portRef name="D" instanceRef="row_reg[4]"/>
				</net>
				<net name="N8">
					<portRef name="Y" instanceRef="U190"/>
					<portRef name="D" instanceRef="row_reg[5]"/>
				</net>
				<net name="N9">
					<portRef name="Y" instanceRef="U189"/>
					<portRef name="D" instanceRef="row_reg[6]"/>
				</net>
				<net name="N10">
					<portRef name="Y" instanceRef="U206"/>
					<portRef name="D" instanceRef="row_reg[7]"/>
				</net>
				<net name="N11">
					<portRef name="Y" instanceRef="U205"/>
					<portRef name="D" instanceRef="row_reg[8]"/>
				</net>
				<net name="N12">
					<portRef name="Y" instanceRef="U204"/>
					<portRef name="D" instanceRef="row_reg[9]"/>
				</net>
				<net name="N13">
					<portRef name="Y" instanceRef="U203"/>
					<portRef name="D" instanceRef="row_reg[10]"/>
				</net>
				<net name="N14">
					<portRef name="Y" instanceRef="U202"/>
					<portRef name="D" instanceRef="row_reg[11]"/>
				</net>
				<net name="N15">
					<portRef name="Y" instanceRef="U201"/>
					<portRef name="D" instanceRef="row_reg[12]"/>
				</net>
				<net name="N16">
					<portRef name="Y" instanceRef="U200"/>
					<portRef name="D" instanceRef="row_reg[13]"/>
				</net>
				<net name="N17">
					<portRef name="Y" instanceRef="U198"/>
					<portRef name="D" instanceRef="row_reg[14]"/>
				</net>
				<net name="N18">
					<portRef name="Y" instanceRef="U197"/>
					<portRef name="D" instanceRef="row_reg[15]"/>
				</net>
				<net name="n76">
					<portRef name="Y" instanceRef="U136"/>
					<portRef name="D" instanceRef="col_reg[0]"/>
				</net>
				<net name="n77">
					<portRef name="Y" instanceRef="U134"/>
					<portRef name="D" instanceRef="col_reg[1]"/>
				</net>
				<net name="n78">
					<portRef name="Y" instanceRef="U133"/>
					<portRef name="D" instanceRef="col_reg[2]"/>
				</net>
				<net name="n79">
					<portRef name="Y" instanceRef="U131"/>
					<portRef name="D" instanceRef="col_reg[3]"/>
				</net>
				<net name="n80">
					<portRef name="Y" instanceRef="U128"/>
					<portRef name="D" instanceRef="col_reg[4]"/>
				</net>
				<net name="n81">
					<portRef name="Y" instanceRef="U126"/>
					<portRef name="D" instanceRef="col_reg[5]"/>
				</net>
				<net name="n82">
					<portRef name="Y" instanceRef="U124"/>
					<portRef name="D" instanceRef="col_reg[6]"/>
				</net>
				<net name="n83">
					<portRef name="Y" instanceRef="U123"/>
					<portRef name="D" instanceRef="col_reg[7]"/>
				</net>
				<net name="n84">
					<portRef name="Y" instanceRef="U122"/>
					<portRef name="D" instanceRef="col_reg[8]"/>
				</net>
				<net name="n85">
					<portRef name="Y" instanceRef="U120"/>
					<portRef name="D" instanceRef="col_reg[9]"/>
				</net>
				<net name="n86">
					<portRef name="Y" instanceRef="U119"/>
					<portRef name="D" instanceRef="col_reg[10]"/>
				</net>
				<net name="n87">
					<portRef name="Y" instanceRef="U117"/>
					<portRef name="D" instanceRef="col_reg[11]"/>
				</net>
				<net name="n88">
					<portRef name="Y" instanceRef="U115"/>
					<portRef name="D" instanceRef="col_reg[12]"/>
				</net>
				<net name="n89">
					<portRef name="Y" instanceRef="U114"/>
					<portRef name="D" instanceRef="col_reg[13]"/>
				</net>
				<net name="n90">
					<portRef name="Y" instanceRef="U112"/>
					<portRef name="D" instanceRef="col_reg[14]"/>
				</net>
				<net name="n92">
					<portRef name="Y" instanceRef="U138"/>
					<portRef name="A0N" instanceRef="U112"/>
					<portRef name="A0N" instanceRef="U114"/>
					<portRef name="A0N" instanceRef="U115"/>
					<portRef name="A0N" instanceRef="U119"/>
					<portRef name="A0N" instanceRef="U120"/>
					<portRef name="A0N" instanceRef="U122"/>
					<portRef name="A0N" instanceRef="U123"/>
					<portRef name="A0N" instanceRef="U124"/>
					<portRef name="A0N" instanceRef="U128"/>
					<portRef name="A0" instanceRef="U132"/>
					<portRef name="A0N" instanceRef="U133"/>
					<portRef name="A0N" instanceRef="U134"/>
					<portRef name="A0" instanceRef="U137"/>
				</net>
				<net name="n93">
					<portRef name="Y" instanceRef="U113"/>
					<portRef name="B0" instanceRef="U112"/>
				</net>
				<net name="n94">
					<portRef name="Y" instanceRef="U168"/>
					<portRef name="A" instanceRef="U113"/>
					<portRef name="A" instanceRef="U116"/>
					<portRef name="A" instanceRef="U135"/>
					<portRef name="B0" instanceRef="U137"/>
					<portRef name="B" instanceRef="U167"/>
				</net>
				<net name="n95">
					<portRef name="Y" instanceRef="U116"/>
					<portRef name="B0" instanceRef="U114"/>
					<portRef name="B0" instanceRef="U115"/>
				</net>
				<net name="n96">
					<portRef name="Y" instanceRef="U155"/>
					<portRef name="B" instanceRef="U116"/>
					<portRef name="C" instanceRef="U153"/>
				</net>
				<net name="n97">
					<portRef name="Y" instanceRef="U139"/>
					<portRef name="A0" instanceRef="U117"/>
					<portRef name="A" instanceRef="U138"/>
				</net>
				<net name="n98">
					<portRef name="Y" instanceRef="U118"/>
					<portRef name="A1" instanceRef="U117"/>
				</net>
				<net name="n99">
					<portRef name="Y" instanceRef="U146"/>
					<portRef name="B0" instanceRef="U117"/>
					<portRef name="B" instanceRef="U141"/>
				</net>
				<net name="n100">
					<portRef name="Y" instanceRef="U152"/>
					<portRef name="C0" instanceRef="U117"/>
					<portRef name="AN" instanceRef="U130"/>
					<portRef name="B0" instanceRef="U151"/>
				</net>
				<net name="n101">
					<portRef name="Y" instanceRef="U129"/>
					<portRef name="B0" instanceRef="U119"/>
					<portRef name="B0" instanceRef="U128"/>
				</net>
				<net name="n102">
					<portRef name="Y" instanceRef="U121"/>
					<portRef name="B0" instanceRef="U120"/>
				</net>
				<net name="n103">
					<portRef name="Y" instanceRef="U130"/>
					<portRef name="AN" instanceRef="U121"/>
					<portRef name="AN" instanceRef="U127"/>
					<portRef name="AN" instanceRef="U129"/>
				</net>
				<net name="n104">
					<portRef name="Y" instanceRef="U172"/>
					<portRef name="B" instanceRef="U121"/>
					<portRef name="C" instanceRef="U127"/>
					<portRef name="C" instanceRef="U135"/>
					<portRef name="B0" instanceRef="U171"/>
				</net>
				<net name="n105">
					<portRef name="Y" instanceRef="U125"/>
					<portRef name="B0" instanceRef="U122"/>
					<portRef name="B0" instanceRef="U123"/>
					<portRef name="B0" instanceRef="U124"/>
				</net>
				<net name="n106">
					<portRef name="Y" instanceRef="U151"/>
					<portRef name="A" instanceRef="U125"/>
					<portRef name="B" instanceRef="U140"/>
				</net>
				<net name="n107">
					<portRef name="Y" instanceRef="U140"/>
					<portRef name="A0N" instanceRef="U126"/>
					<portRef name="B" instanceRef="U139"/>
				</net>
				<net name="n108">
					<portRef name="Y" instanceRef="U127"/>
					<portRef name="B0" instanceRef="U126"/>
				</net>
				<net name="n109">
					<portRef name="Y" instanceRef="U178"/>
					<portRef name="B" instanceRef="U127"/>
					<portRef name="AN" instanceRef="U139"/>
				</net>
				<net name="n110">
					<portRef name="Y" instanceRef="U143"/>
					<portRef name="B" instanceRef="U129"/>
					<portRef name="B0" instanceRef="U142"/>
				</net>
				<net name="n111">
					<portRef name="Y" instanceRef="U147"/>
					<portRef name="B" instanceRef="U130"/>
					<portRef name="C" instanceRef="U146"/>
				</net>
				<net name="n112">
					<portRef name="Y" instanceRef="U132"/>
					<portRef name="A" instanceRef="U131"/>
				</net>
				<net name="n113">
					<portRef name="Y" instanceRef="U141"/>
					<portRef name="B0" instanceRef="U132"/>
					<portRef name="C" instanceRef="U140"/>
				</net>
				<net name="n114">
					<portRef name="Y" instanceRef="U153"/>
					<portRef name="C0" instanceRef="U132"/>
					<portRef name="B0" instanceRef="U152"/>
				</net>
				<net name="n115">
					<portRef name="Y" instanceRef="U167"/>
					<portRef name="B0" instanceRef="U133"/>
					<portRef name="AN" instanceRef="U140"/>
				</net>
				<net name="n116">
					<portRef name="Y" instanceRef="U135"/>
					<portRef name="B0" instanceRef="U134"/>
				</net>
				<net name="n117">
					<portRef name="Y" instanceRef="U158"/>
					<portRef name="B" instanceRef="U135"/>
					<portRef name="B" instanceRef="U153"/>
				</net>
				<net name="n118">
					<portRef name="Y" instanceRef="U137"/>
					<portRef name="A" instanceRef="U136"/>
				</net>
				<net name="n119">
					<portRef name="Y" instanceRef="U148"/>
					<portRef name="C0" instanceRef="U137"/>
					<portRef name="B" instanceRef="U146"/>
				</net>
				<net name="n120">
					<portRef name="Y" instanceRef="U150"/>
					<portRef name="AN" instanceRef="U141"/>
				</net>
				<net name="n121">
					<portRef name="Y" instanceRef="U142"/>
					<portRef name="C" instanceRef="U141"/>
				</net>
				<net name="n122">
					<portRef name="Y" instanceRef="U165"/>
					<portRef name="A0" instanceRef="U142"/>
					<portRef name="A" instanceRef="U156"/>
					<portRef name="AN" instanceRef="U164"/>
				</net>
				<net name="n123">
					<portRef name="Y" instanceRef="U183"/>
					<portRef name="A1" instanceRef="U142"/>
					<portRef name="AN" instanceRef="U175"/>
					<portRef name="AN" instanceRef="U182"/>
				</net>
				<net name="n124">
					<portRef name="Y" instanceRef="U145"/>
					<portRef name="B" instanceRef="U143"/>
				</net>
				<net name="n125">
					<portRef name="Y" instanceRef="U144"/>
					<portRef name="C" instanceRef="U143"/>
				</net>
				<net name="n126">
					<portRef name="Y" instanceRef="U160"/>
					<portRef name="A" instanceRef="U144"/>
					<portRef name="AN" instanceRef="U148"/>
					<portRef name="AN" instanceRef="U159"/>
				</net>
				<net name="n127">
					<portRef name="Y" instanceRef="U186"/>
					<portRef name="A" instanceRef="U145"/>
					<portRef name="AN" instanceRef="U185"/>
				</net>
				<net name="n128">
					<portRef name="Y" instanceRef="U149"/>
					<portRef name="A" instanceRef="U146"/>
				</net>
				<net name="n129">
					<portRef name="Y" instanceRef="U164"/>
					<portRef name="AN" instanceRef="U147"/>
					<portRef name="AN" instanceRef="U150"/>
					<portRef name="A" instanceRef="U163"/>
				</net>
				<net name="n130">
					<portRef name="Y" instanceRef="U170"/>
					<portRef name="AN" instanceRef="U149"/>
					<portRef name="AN" instanceRef="U154"/>
					<portRef name="AN" instanceRef="U168"/>
				</net>
				<net name="n131">
					<portRef name="Y" instanceRef="U166"/>
					<portRef name="A0" instanceRef="U151"/>
				</net>
				<net name="n132">
					<portRef name="Y" instanceRef="U163"/>
					<portRef name="A1" instanceRef="U151"/>
				</net>
				<net name="n133">
					<portRef name="Y" instanceRef="U199"/>
					<portRef name="A2" instanceRef="U151"/>
					<portRef name="B" instanceRef="U198"/>
				</net>
				<net name="n134">
					<portRef name="Y" instanceRef="U182"/>
					<portRef name="A0" instanceRef="U152"/>
					<portRef name="AN" instanceRef="U160"/>
					<portRef name="A" instanceRef="U181"/>
				</net>
				<net name="n135">
					<portRef name="Y" instanceRef="U174"/>
					<portRef name="A1" instanceRef="U152"/>
					<portRef name="AN" instanceRef="U165"/>
					<portRef name="A" instanceRef="U173"/>
				</net>
				<net name="n136">
					<portRef name="Y" instanceRef="U159"/>
					<portRef name="A" instanceRef="U153"/>
				</net>
				<net name="n137">
					<portRef name="Y" instanceRef="U154"/>
					<portRef name="D" instanceRef="U153"/>
				</net>
				<net name="n138">
					<portRef name="Y" instanceRef="U157"/>
					<portRef name="AN" instanceRef="U155"/>
				</net>
				<net name="n139">
					<portRef name="Y" instanceRef="U156"/>
					<portRef name="B" instanceRef="U155"/>
				</net>
				<net name="n140">
					<portRef name="Y" instanceRef="U184"/>
					<portRef name="AN" instanceRef="U157"/>
					<portRef name="A" instanceRef="U166"/>
					<portRef name="AN" instanceRef="U183"/>
				</net>
				<net name="n141">
					<portRef name="Y" instanceRef="U180"/>
					<portRef name="AN" instanceRef="U158"/>
					<portRef name="B" instanceRef="U179"/>
				</net>
				<net name="n142">
					<portRef name="Y" instanceRef="U161"/>
					<portRef name="D" instanceRef="U158"/>
					<portRef name="D" instanceRef="U160"/>
				</net>
				<net name="n143">
					<portRef name="Y" instanceRef="U162"/>
					<portRef name="BN" instanceRef="U160"/>
				</net>
				<net name="n144">
					<portRef name="Y" instanceRef="U177"/>
					<portRef name="A" instanceRef="U161"/>
					<portRef name="A0" instanceRef="U171"/>
					<portRef name="BN" instanceRef="U174"/>
				</net>
				<net name="n145">
					<portRef name="Y" instanceRef="U171"/>
					<portRef name="AN" instanceRef="U167"/>
				</net>
				<net name="n146">
					<portRef name="Y" instanceRef="U196"/>
					<portRef name="B" instanceRef="U168"/>
					<portRef name="B" instanceRef="U195"/>
				</net>
				<net name="n147">
					<portRef name="Y" instanceRef="U169"/>
					<portRef name="C" instanceRef="U168"/>
				</net>
				<net name="n148">
					<portRef name="Y" instanceRef="U188"/>
					<portRef name="A" instanceRef="U169"/>
					<portRef name="AN" instanceRef="U177"/>
					<portRef name="AN" instanceRef="U187"/>
				</net>
				<net name="n149">
					<portRef name="Y" instanceRef="U176"/>
					<portRef name="AN" instanceRef="U170"/>
					<portRef name="A1" instanceRef="U171"/>
				</net>
				<net name="n150">
					<portRef name="Y" instanceRef="U175"/>
					<portRef name="AN" instanceRef="U172"/>
				</net>
				<net name="n151">
					<portRef name="Y" instanceRef="U173"/>
					<portRef name="B" instanceRef="U172"/>
				</net>
				<net name="n152">
					<portRef name="Y" instanceRef="U185"/>
					<portRef name="AN" instanceRef="U174"/>
					<portRef name="AN" instanceRef="U180"/>
				</net>
				<net name="n153">
					<portRef name="Y" instanceRef="U179"/>
					<portRef name="A" instanceRef="U176"/>
					<portRef name="B" instanceRef="U178"/>
				</net>
				<net name="n154">
					<portRef name="Y" instanceRef="U187"/>
					<portRef name="AN" instanceRef="U178"/>
				</net>
				<net name="n155">
					<portRef name="Y" instanceRef="U181"/>
					<portRef name="C" instanceRef="U180"/>
				</net>
			</contents>
		</module>
	</library>
	<topModule name="lab7" libraryRef="work_lib"/>
</design>

