<design name="lab7">
	<external name="cell_lib">
		<module name="IPAD" type="MACRO">
			<port name="PAD" direction="input"/>
		</module>
		<module name="LOGIC_0" type="MACRO">
			<property name="truthtable" value="|0"/>
			<port name="LOGIC_0_PIN" direction="output"/>
		</module>
		<module name="LOGIC_1" type="MACRO">
			<property name="truthtable" value="|1"/>
			<port name="LOGIC_1_PIN" direction="output"/>
		</module>
		<module name="LUT2" type="LUT">
			<port name="ADR0" direction="input"/>
			<port name="ADR1" direction="input"/>
			<port name="O" direction="output"/>
		</module>
		<module name="LUT4" type="LUT">
			<port name="ADR0" direction="input"/>
			<port name="ADR1" direction="input"/>
			<port name="ADR2" direction="input"/>
			<port name="ADR3" direction="input"/>
			<port name="O" direction="output"/>
		</module>
		<module name="LUT3" type="LUT">
			<port name="ADR0" direction="input"/>
			<port name="ADR1" direction="input"/>
			<port name="ADR2" direction="input"/>
			<port name="O" direction="output"/>
		</module>
		<module name="CLKBUF" type="COMB">
			<property name="truthtable" value="1"/>
			<port name="I" direction="input"/>
			<port name="O" direction="output"/>
		</module>
		<module name="IBUF" type="COMB">
			<property name="truthtable" value="1"/>
			<port name="I" direction="input"/>
			<port name="O" direction="output"/>
		</module>
		<module name="OBUF" type="COMB">
			<property name="truthtable" value="1"/>
			<port name="I" direction="input"/>
			<port name="O" direction="output"/>
		</module>
		<module name="DFFHQ" type="FFLATCH">
			<property name="edge" value="rise"/>
			<port name="D" direction="input"/>
			<port name="CK" direction="input" type="clock"/>
			<port name="Q" direction="output"/>
		</module>
		<module name="DFFNHQ" type="FFLATCH">
			<property name="edge" value="fall"/>
			<port name="D" direction="input"/>
			<port name="CKN" direction="input" type="clock"/>
			<port name="Q" direction="output"/>
		</module>
		<module name="OPAD" type="MACRO">
			<port name="PAD" direction="output"/>
		</module>
	</external>
	<library name="work_lib">
		<module name="lab7">
			<port name="clk" direction="input"/>
			<port name="reset" direction="input"/>
			<port name="row" msb="15" lsb="0" direction="output"/>
			<port name="col" msb="15" lsb="0" direction="output"/>
			<contents>
				<instance name="clk_ipad" moduleRef="IPAD" libraryRef="cell_lib"/>
				<instance name="reset_ipad" moduleRef="IPAD" libraryRef="cell_lib"/>
				<instance name="U111" moduleRef="LOGIC_0" libraryRef="cell_lib"/>
				<instance name="VCC" moduleRef="LOGIC_1" libraryRef="cell_lib"/>
				<instance name="Lut-U195_0" moduleRef="LUT2" libraryRef="cell_lib">
					<property name="INIT" value="1"/>
				</instance>
				<instance name="Lut-U194_0_0" moduleRef="LUT2" libraryRef="cell_lib">
					<property name="INIT" value="2"/>
				</instance>
				<instance name="Lut-U193_0_0" moduleRef="LUT2" libraryRef="cell_lib">
					<property name="INIT" value="2"/>
				</instance>
				<instance name="Lut-U192_0_0" moduleRef="LUT2" libraryRef="cell_lib">
					<property name="INIT" value="2"/>
				</instance>
				<instance name="Lut-U191_0_0" moduleRef="LUT2" libraryRef="cell_lib">
					<property name="INIT" value="2"/>
				</instance>
				<instance name="Lut-U190_0_0" moduleRef="LUT2" libraryRef="cell_lib">
					<property name="INIT" value="2"/>
				</instance>
				<instance name="Lut-U189_0_0" moduleRef="LUT2" libraryRef="cell_lib">
					<property name="INIT" value="2"/>
				</instance>
				<instance name="Lut-U206_0_0" moduleRef="LUT2" libraryRef="cell_lib">
					<property name="INIT" value="2"/>
				</instance>
				<instance name="Lut-U205_0_0" moduleRef="LUT2" libraryRef="cell_lib">
					<property name="INIT" value="2"/>
				</instance>
				<instance name="Lut-U204_0_0" moduleRef="LUT2" libraryRef="cell_lib">
					<property name="INIT" value="2"/>
				</instance>
				<instance name="Lut-U203_0_0" moduleRef="LUT2" libraryRef="cell_lib">
					<property name="INIT" value="2"/>
				</instance>
				<instance name="Lut-U202_0_0" moduleRef="LUT2" libraryRef="cell_lib">
					<property name="INIT" value="2"/>
				</instance>
				<instance name="Lut-U201_0_0" moduleRef="LUT2" libraryRef="cell_lib">
					<property name="INIT" value="2"/>
				</instance>
				<instance name="Lut-U200_0_0" moduleRef="LUT2" libraryRef="cell_lib">
					<property name="INIT" value="2"/>
				</instance>
				<instance name="Lut-U198_0_0" moduleRef="LUT2" libraryRef="cell_lib">
					<property name="INIT" value="4"/>
				</instance>
				<instance name="Lut-U197_0_0" moduleRef="LUT2" libraryRef="cell_lib">
					<property name="INIT" value="2"/>
				</instance>
				<instance name="Lut-U112_0" moduleRef="LUT4" libraryRef="cell_lib">
					<property name="INIT" value="00BF"/>
				</instance>
				<instance name="Lut-U114_0" moduleRef="LUT4" libraryRef="cell_lib">
					<property name="INIT" value="BF00"/>
				</instance>
				<instance name="Lut-U115_0" moduleRef="LUT4" libraryRef="cell_lib">
					<property name="INIT" value="BF00"/>
				</instance>
				<instance name="Lut-U117_1" moduleRef="LUT4" libraryRef="cell_lib">
					<property name="INIT" value="0070"/>
				</instance>
				<instance name="Lut-U119_0" moduleRef="LUT4" libraryRef="cell_lib">
					<property name="INIT" value="BF00"/>
				</instance>
				<instance name="Lut-U120_0" moduleRef="LUT4" libraryRef="cell_lib">
					<property name="INIT" value="BF00"/>
				</instance>
				<instance name="Lut-U122_0" moduleRef="LUT4" libraryRef="cell_lib">
					<property name="INIT" value="0007"/>
				</instance>
				<instance name="Lut-U123_0" moduleRef="LUT4" libraryRef="cell_lib">
					<property name="INIT" value="0007"/>
				</instance>
				<instance name="Lut-U124_0" moduleRef="LUT4" libraryRef="cell_lib">
					<property name="INIT" value="0007"/>
				</instance>
				<instance name="Lut-U126_0" moduleRef="LUT4" libraryRef="cell_lib">
					<property name="INIT" value="7F00"/>
				</instance>
				<instance name="Lut-U128_0" moduleRef="LUT4" libraryRef="cell_lib">
					<property name="INIT" value="BF00"/>
				</instance>
				<instance name="Lut-U132_0" moduleRef="LUT4" libraryRef="cell_lib">
					<property name="INIT" value="7377"/>
				</instance>
				<instance name="Lut-U133_0" moduleRef="LUT4" libraryRef="cell_lib">
					<property name="INIT" value="BF00"/>
				</instance>
				<instance name="Lut-U134_0" moduleRef="LUT4" libraryRef="cell_lib">
					<property name="INIT" value="BF00"/>
				</instance>
				<instance name="Lut-U137_0" moduleRef="LUT4" libraryRef="cell_lib">
					<property name="INIT" value="FEFC"/>
				</instance>
				<instance name="Lut-U178_0_0" moduleRef="LUT4" libraryRef="cell_lib">
					<property name="INIT" value="0200"/>
				</instance>
				<instance name="Lut-U140_0_1" moduleRef="LUT4" libraryRef="cell_lib">
					<property name="INIT" value="0200"/>
				</instance>
				<instance name="Lut-U168_0_1" moduleRef="LUT4" libraryRef="cell_lib">
					<property name="INIT" value="0008"/>
				</instance>
				<instance name="Lut-U116_0_0" moduleRef="LUT4" libraryRef="cell_lib">
					<property name="INIT" value="007F"/>
				</instance>
				<instance name="Lut-U139_0" moduleRef="LUT4" libraryRef="cell_lib">
					<property name="INIT" value="4000"/>
				</instance>
				<instance name="Lut-U146_0_1" moduleRef="LUT4" libraryRef="cell_lib">
					<property name="INIT" value="1101"/>
				</instance>
				<instance name="Lut-U152_1" moduleRef="LUT4" libraryRef="cell_lib">
					<property name="INIT" value="B333"/>
				</instance>
				<instance name="Lut-U129_0_0" moduleRef="LUT3" libraryRef="cell_lib">
					<property name="INIT" value="01"/>
				</instance>
				<instance name="Lut-U121_0_0" moduleRef="LUT3" libraryRef="cell_lib">
					<property name="INIT" value="01"/>
				</instance>
				<instance name="Lut-U151_0_1" moduleRef="LUT4" libraryRef="cell_lib">
					<property name="INIT" value="0800"/>
				</instance>
				<instance name="Lut-U140_0_0" moduleRef="LUT4" libraryRef="cell_lib">
					<property name="INIT" value="002A"/>
				</instance>
				<instance name="Lut-U141_1" moduleRef="LUT4" libraryRef="cell_lib">
					<property name="INIT" value="0004"/>
				</instance>
				<instance name="Lut-U127_0_1" moduleRef="LUT4" libraryRef="cell_lib">
					<property name="INIT" value="0001"/>
				</instance>
				<instance name="Lut-U132_0_0" moduleRef="LUT4" libraryRef="cell_lib">
					<property name="INIT" value="BF00"/>
				</instance>
				<instance name="Lut-U153_2" moduleRef="LUT3" libraryRef="cell_lib">
					<property name="INIT" value="02"/>
				</instance>
				<instance name="Lut-U167_0_0" moduleRef="LUT2" libraryRef="cell_lib">
					<property name="INIT" value="1"/>
				</instance>
				<instance name="Lut-U135_0_1" moduleRef="LUT3" libraryRef="cell_lib">
					<property name="INIT" value="01"/>
				</instance>
				<instance name="Lut-U148_0_2" moduleRef="LUT3" libraryRef="cell_lib">
					<property name="INIT" value="02"/>
				</instance>
				<instance name="Lut-U187_0_1" moduleRef="LUT4" libraryRef="cell_lib">
					<property name="INIT" value="0010"/>
				</instance>
				<instance name="Lut-U180_0_1" moduleRef="LUT4" libraryRef="cell_lib">
					<property name="INIT" value="0008"/>
				</instance>
				<instance name="Lut-U170_0_1" moduleRef="LUT4" libraryRef="cell_lib">
					<property name="INIT" value="0004"/>
				</instance>
				<instance name="Lut-U188_0_0" moduleRef="LUT2" libraryRef="cell_lib">
					<property name="INIT" value="1"/>
				</instance>
				<instance name="Lut-U155_0_0" moduleRef="LUT4" libraryRef="cell_lib">
					<property name="INIT" value="0008"/>
				</instance>
				<instance name="Lut-U151_0" moduleRef="LUT4" libraryRef="cell_lib">
					<property name="INIT" value="5554"/>
				</instance>
				<instance name="Lut-U149_0_2" moduleRef="LUT4" libraryRef="cell_lib">
					<property name="INIT" value="0008"/>
				</instance>
				<instance name="Lut-U147_0_1" moduleRef="LUT4" libraryRef="cell_lib">
					<property name="INIT" value="0020"/>
				</instance>
				<instance name="Lut-U182_0_1" moduleRef="LUT3" libraryRef="cell_lib">
					<property name="INIT" value="02"/>
				</instance>
				<instance name="Lut-U174_0_2" moduleRef="LUT4" libraryRef="cell_lib">
					<property name="INIT" value="0008"/>
				</instance>
				<instance name="Lut-U147_0_2" moduleRef="LUT4" libraryRef="cell_lib">
					<property name="INIT" value="0008"/>
				</instance>
				<instance name="Lut-U143_0_1" moduleRef="LUT4" libraryRef="cell_lib">
					<property name="INIT" value="0800"/>
				</instance>
				<instance name="Lut-U172_0_0" moduleRef="LUT4" libraryRef="cell_lib">
					<property name="INIT" value="0008"/>
				</instance>
				<instance name="Lut-U184_0_0" moduleRef="LUT2" libraryRef="cell_lib">
					<property name="INIT" value="1"/>
				</instance>
				<instance name="Lut-U164_0_0" moduleRef="LUT4" libraryRef="cell_lib">
					<property name="INIT" value="0002"/>
				</instance>
				<instance name="Lut-U151_0_0" moduleRef="LUT4" libraryRef="cell_lib">
					<property name="INIT" value="0010"/>
				</instance>
				<instance name="Lut-U150_0_2" moduleRef="LUT4" libraryRef="cell_lib">
					<property name="INIT" value="0008"/>
				</instance>
				<instance name="Lut-U146_0_0" moduleRef="LUT3" libraryRef="cell_lib">
					<property name="INIT" value="51"/>
				</instance>
				<instance name="Lut-U142_1" moduleRef="LUT4" libraryRef="cell_lib">
					<property name="INIT" value="ECCC"/>
				</instance>
				<instance name="Lut-U153_0" moduleRef="LUT4" libraryRef="cell_lib">
					<property name="INIT" value="00FD"/>
				</instance>
				<instance name="Lut-U154_0_2" moduleRef="LUT4" libraryRef="cell_lib">
					<property name="INIT" value="0008"/>
				</instance>
				<instance name="Lut-U171_1" moduleRef="LUT4" libraryRef="cell_lib">
					<property name="INIT" value="ECCC"/>
				</instance>
				<instance name="Lut-U158_0_2" moduleRef="LUT4" libraryRef="cell_lib">
					<property name="INIT" value="0800"/>
				</instance>
				<instance name="Lut-U148_0_0" moduleRef="LUT4" libraryRef="cell_lib">
					<property name="INIT" value="2000"/>
				</instance>
				<instance name="Lut-U180_0_0" moduleRef="LUT4" libraryRef="cell_lib">
					<property name="INIT" value="0001"/>
				</instance>
				<instance name="Lut-U183_0_1" moduleRef="LUT4" libraryRef="cell_lib">
					<property name="INIT" value="0001"/>
				</instance>
				<instance name="Lut-U157_0_2" moduleRef="LUT2" libraryRef="cell_lib">
					<property name="INIT" value="2"/>
				</instance>
				<instance name="Lut-U152_0_0" moduleRef="LUT4" libraryRef="cell_lib">
					<property name="INIT" value="0004"/>
				</instance>
				<instance name="Lut-U152_1_0" moduleRef="LUT4" libraryRef="cell_lib">
					<property name="INIT" value="0004"/>
				</instance>
				<instance name="Lut-U152_2_0" moduleRef="LUT4" libraryRef="cell_lib">
					<property name="INIT" value="0004"/>
				</instance>
				<instance name="Lut-U185_0_0" moduleRef="LUT3" libraryRef="cell_lib">
					<property name="INIT" value="01"/>
				</instance>
				<instance name="Lut-U177_0_1" moduleRef="LUT4" libraryRef="cell_lib">
					<property name="INIT" value="0001"/>
				</instance>
				<instance name="Lut-U164_0_1" moduleRef="LUT4" libraryRef="cell_lib">
					<property name="INIT" value="0002"/>
				</instance>
				<instance name="Lut-U143_0_0" moduleRef="LUT3" libraryRef="cell_lib">
					<property name="INIT" value="02"/>
				</instance>
				<instance name="Lut-U160_0_0" moduleRef="LUT4" libraryRef="cell_lib">
					<property name="INIT" value="0200"/>
				</instance>
				<instance name="Lut-U175_0_2" moduleRef="LUT4" libraryRef="cell_lib">
					<property name="INIT" value="0008"/>
				</instance>
				<instance name="Lut-U174_0_0" moduleRef="LUT4" libraryRef="cell_lib">
					<property name="INIT" value="0100"/>
				</instance>
				<instance name="Lut-U148_0_1" moduleRef="LUT4" libraryRef="cell_lib">
					<property name="INIT" value="0080"/>
				</instance>
				<instance name="Lut-U165_0_1" moduleRef="LUT3" libraryRef="cell_lib">
					<property name="INIT" value="02"/>
				</instance>
				<instance name="Lut-U159_0_0" moduleRef="LUT4" libraryRef="cell_lib">
					<property name="INIT" value="2000"/>
				</instance>
				<instance name="Lut-U179_0" moduleRef="LUT2" libraryRef="cell_lib">
					<property name="INIT" value="4"/>
				</instance>
				<instance name="Lut-U157_0_1" moduleRef="LUT4" libraryRef="cell_lib">
					<property name="INIT" value="0010"/>
				</instance>
				<instance name="Lut-U165_0_0" moduleRef="LUT4" libraryRef="cell_lib">
					<property name="INIT" value="0002"/>
				</instance>
				<instance name="Lut-U162_0_0" moduleRef="LUT2" libraryRef="cell_lib">
					<property name="INIT" value="1"/>
				</instance>
				<instance name="Lut-U160_0_1" moduleRef="LUT4" libraryRef="cell_lib">
					<property name="INIT" value="0002"/>
				</instance>
				<instance name="Lut-U195_0InvLut" moduleRef="LUT2" libraryRef="cell_lib">
					<property name="INIT" value="5"/>
				</instance>
				<instance name="Lut-U112_0InvLut" moduleRef="LUT2" libraryRef="cell_lib">
					<property name="INIT" value="5"/>
				</instance>
				<instance name="Lut-U114_0InvLut" moduleRef="LUT2" libraryRef="cell_lib">
					<property name="INIT" value="5"/>
				</instance>
				<instance name="Lut-U115_0InvLut" moduleRef="LUT2" libraryRef="cell_lib">
					<property name="INIT" value="5"/>
				</instance>
				<instance name="Lut-U117_1InvLut" moduleRef="LUT2" libraryRef="cell_lib">
					<property name="INIT" value="5"/>
				</instance>
				<instance name="Lut-U119_0InvLut" moduleRef="LUT2" libraryRef="cell_lib">
					<property name="INIT" value="5"/>
				</instance>
				<instance name="Lut-U120_0InvLut" moduleRef="LUT2" libraryRef="cell_lib">
					<property name="INIT" value="5"/>
				</instance>
				<instance name="Lut-U122_0InvLut" moduleRef="LUT2" libraryRef="cell_lib">
					<property name="INIT" value="5"/>
				</instance>
				<instance name="Lut-U123_0InvLut" moduleRef="LUT2" libraryRef="cell_lib">
					<property name="INIT" value="5"/>
				</instance>
				<instance name="Lut-U124_0InvLut" moduleRef="LUT2" libraryRef="cell_lib">
					<property name="INIT" value="5"/>
				</instance>
				<instance name="Lut-U126_0InvLut" moduleRef="LUT2" libraryRef="cell_lib">
					<property name="INIT" value="5"/>
				</instance>
				<instance name="Lut-U128_0InvLut" moduleRef="LUT2" libraryRef="cell_lib">
					<property name="INIT" value="5"/>
				</instance>
				<instance name="Lut-U133_0InvLut" moduleRef="LUT2" libraryRef="cell_lib">
					<property name="INIT" value="5"/>
				</instance>
				<instance name="Lut-U134_0InvLut" moduleRef="LUT2" libraryRef="cell_lib">
					<property name="INIT" value="5"/>
				</instance>
				<instance name="Buf-pad-clk" moduleRef="CLKBUF" libraryRef="cell_lib"/>
				<instance name="IBuf-clkpad-clk" moduleRef="CLKBUF" libraryRef="cell_lib"/>
				<instance name="Buf-pad-reset" moduleRef="IBUF" libraryRef="cell_lib"/>
				<instance name="Buf-pad-row[15]" moduleRef="OBUF" libraryRef="cell_lib"/>
				<instance name="Buf-pad-row[14]" moduleRef="OBUF" libraryRef="cell_lib"/>
				<instance name="Buf-pad-row[13]" moduleRef="OBUF" libraryRef="cell_lib"/>
				<instance name="Buf-pad-row[12]" moduleRef="OBUF" libraryRef="cell_lib"/>
				<instance name="Buf-pad-row[11]" moduleRef="OBUF" libraryRef="cell_lib"/>
				<instance name="Buf-pad-row[10]" moduleRef="OBUF" libraryRef="cell_lib"/>
				<instance name="Buf-pad-row[9]" moduleRef="OBUF" libraryRef="cell_lib"/>
				<instance name="Buf-pad-row[8]" moduleRef="OBUF" libraryRef="cell_lib"/>
				<instance name="Buf-pad-row[7]" moduleRef="OBUF" libraryRef="cell_lib"/>
				<instance name="Buf-pad-row[6]" moduleRef="OBUF" libraryRef="cell_lib"/>
				<instance name="Buf-pad-row[5]" moduleRef="OBUF" libraryRef="cell_lib"/>
				<instance name="Buf-pad-row[4]" moduleRef="OBUF" libraryRef="cell_lib"/>
				<instance name="Buf-pad-row[3]" moduleRef="OBUF" libraryRef="cell_lib"/>
				<instance name="Buf-pad-row[2]" moduleRef="OBUF" libraryRef="cell_lib"/>
				<instance name="Buf-pad-row[1]" moduleRef="OBUF" libraryRef="cell_lib"/>
				<instance name="Buf-pad-row[0]" moduleRef="OBUF" libraryRef="cell_lib"/>
				<instance name="Buf-pad-col[15]" moduleRef="OBUF" libraryRef="cell_lib"/>
				<instance name="Buf-pad-col[14]" moduleRef="OBUF" libraryRef="cell_lib"/>
				<instance name="Buf-pad-col[13]" moduleRef="OBUF" libraryRef="cell_lib"/>
				<instance name="Buf-pad-col[12]" moduleRef="OBUF" libraryRef="cell_lib"/>
				<instance name="Buf-pad-col[11]" moduleRef="OBUF" libraryRef="cell_lib"/>
				<instance name="Buf-pad-col[10]" moduleRef="OBUF" libraryRef="cell_lib"/>
				<instance name="Buf-pad-col[9]" moduleRef="OBUF" libraryRef="cell_lib"/>
				<instance name="Buf-pad-col[8]" moduleRef="OBUF" libraryRef="cell_lib"/>
				<instance name="Buf-pad-col[7]" moduleRef="OBUF" libraryRef="cell_lib"/>
				<instance name="Buf-pad-col[6]" moduleRef="OBUF" libraryRef="cell_lib"/>
				<instance name="Buf-pad-col[5]" moduleRef="OBUF" libraryRef="cell_lib"/>
				<instance name="Buf-pad-col[4]" moduleRef="OBUF" libraryRef="cell_lib"/>
				<instance name="Buf-pad-col[3]" moduleRef="OBUF" libraryRef="cell_lib"/>
				<instance name="Buf-pad-col[2]" moduleRef="OBUF" libraryRef="cell_lib"/>
				<instance name="Buf-pad-col[1]" moduleRef="OBUF" libraryRef="cell_lib"/>
				<instance name="Buf-pad-col[0]" moduleRef="OBUF" libraryRef="cell_lib"/>
				<instance name="row_reg[0]" moduleRef="DFFHQ" libraryRef="cell_lib"/>
				<instance name="row_reg[1]" moduleRef="DFFHQ" libraryRef="cell_lib"/>
				<instance name="row_reg[2]" moduleRef="DFFHQ" libraryRef="cell_lib"/>
				<instance name="row_reg[3]" moduleRef="DFFHQ" libraryRef="cell_lib"/>
				<instance name="row_reg[4]" moduleRef="DFFHQ" libraryRef="cell_lib"/>
				<instance name="row_reg[5]" moduleRef="DFFHQ" libraryRef="cell_lib"/>
				<instance name="row_reg[6]" moduleRef="DFFHQ" libraryRef="cell_lib"/>
				<instance name="row_reg[7]" moduleRef="DFFHQ" libraryRef="cell_lib"/>
				<instance name="row_reg[8]" moduleRef="DFFHQ" libraryRef="cell_lib"/>
				<instance name="row_reg[9]" moduleRef="DFFHQ" libraryRef="cell_lib"/>
				<instance name="row_reg[10]" moduleRef="DFFHQ" libraryRef="cell_lib"/>
				<instance name="row_reg[11]" moduleRef="DFFHQ" libraryRef="cell_lib"/>
				<instance name="row_reg[12]" moduleRef="DFFHQ" libraryRef="cell_lib"/>
				<instance name="row_reg[13]" moduleRef="DFFHQ" libraryRef="cell_lib"/>
				<instance name="row_reg[14]" moduleRef="DFFHQ" libraryRef="cell_lib"/>
				<instance name="row_reg[15]" moduleRef="DFFHQ" libraryRef="cell_lib"/>
				<instance name="col_reg[14]" moduleRef="DFFNHQ" libraryRef="cell_lib"/>
				<instance name="col_reg[13]" moduleRef="DFFNHQ" libraryRef="cell_lib"/>
				<instance name="col_reg[12]" moduleRef="DFFNHQ" libraryRef="cell_lib"/>
				<instance name="col_reg[11]" moduleRef="DFFNHQ" libraryRef="cell_lib"/>
				<instance name="col_reg[10]" moduleRef="DFFNHQ" libraryRef="cell_lib"/>
				<instance name="col_reg[9]" moduleRef="DFFNHQ" libraryRef="cell_lib"/>
				<instance name="col_reg[8]" moduleRef="DFFNHQ" libraryRef="cell_lib"/>
				<instance name="col_reg[7]" moduleRef="DFFNHQ" libraryRef="cell_lib"/>
				<instance name="col_reg[6]" moduleRef="DFFNHQ" libraryRef="cell_lib"/>
				<instance name="col_reg[5]" moduleRef="DFFNHQ" libraryRef="cell_lib"/>
				<instance name="col_reg[4]" moduleRef="DFFNHQ" libraryRef="cell_lib"/>
				<instance name="col_reg[3]" moduleRef="DFFNHQ" libraryRef="cell_lib"/>
				<instance name="col_reg[2]" moduleRef="DFFNHQ" libraryRef="cell_lib"/>
				<instance name="col_reg[1]" moduleRef="DFFNHQ" libraryRef="cell_lib"/>
				<instance name="col_reg[0]" moduleRef="DFFNHQ" libraryRef="cell_lib"/>
				<instance name="row[15]_opad" moduleRef="OPAD" libraryRef="cell_lib"/>
				<instance name="row[14]_opad" moduleRef="OPAD" libraryRef="cell_lib"/>
				<instance name="row[13]_opad" moduleRef="OPAD" libraryRef="cell_lib"/>
				<instance name="row[12]_opad" moduleRef="OPAD" libraryRef="cell_lib"/>
				<instance name="row[11]_opad" moduleRef="OPAD" libraryRef="cell_lib"/>
				<instance name="row[10]_opad" moduleRef="OPAD" libraryRef="cell_lib"/>
				<instance name="row[9]_opad" moduleRef="OPAD" libraryRef="cell_lib"/>
				<instance name="row[8]_opad" moduleRef="OPAD" libraryRef="cell_lib"/>
				<instance name="row[7]_opad" moduleRef="OPAD" libraryRef="cell_lib"/>
				<instance name="row[6]_opad" moduleRef="OPAD" libraryRef="cell_lib"/>
				<instance name="row[5]_opad" moduleRef="OPAD" libraryRef="cell_lib"/>
				<instance name="row[4]_opad" moduleRef="OPAD" libraryRef="cell_lib"/>
				<instance name="row[3]_opad" moduleRef="OPAD" libraryRef="cell_lib"/>
				<instance name="row[2]_opad" moduleRef="OPAD" libraryRef="cell_lib"/>
				<instance name="row[1]_opad" moduleRef="OPAD" libraryRef="cell_lib"/>
				<instance name="row[0]_opad" moduleRef="OPAD" libraryRef="cell_lib"/>
				<instance name="col[15]_opad" moduleRef="OPAD" libraryRef="cell_lib"/>
				<instance name="col[14]_opad" moduleRef="OPAD" libraryRef="cell_lib"/>
				<instance name="col[13]_opad" moduleRef="OPAD" libraryRef="cell_lib"/>
				<instance name="col[12]_opad" moduleRef="OPAD" libraryRef="cell_lib"/>
				<instance name="col[11]_opad" moduleRef="OPAD" libraryRef="cell_lib"/>
				<instance name="col[10]_opad" moduleRef="OPAD" libraryRef="cell_lib"/>
				<instance name="col[9]_opad" moduleRef="OPAD" libraryRef="cell_lib"/>
				<instance name="col[8]_opad" moduleRef="OPAD" libraryRef="cell_lib"/>
				<instance name="col[7]_opad" moduleRef="OPAD" libraryRef="cell_lib"/>
				<instance name="col[6]_opad" moduleRef="OPAD" libraryRef="cell_lib"/>
				<instance name="col[5]_opad" moduleRef="OPAD" libraryRef="cell_lib"/>
				<instance name="col[4]_opad" moduleRef="OPAD" libraryRef="cell_lib"/>
				<instance name="col[3]_opad" moduleRef="OPAD" libraryRef="cell_lib"/>
				<instance name="col[2]_opad" moduleRef="OPAD" libraryRef="cell_lib"/>
				<instance name="col[1]_opad" moduleRef="OPAD" libraryRef="cell_lib"/>
				<instance name="col[0]_opad" moduleRef="OPAD" libraryRef="cell_lib"/>
				<net name="clk">
					<portRef name="clk"/>
					<portRef name="PAD" instanceRef="clk_ipad"/>
					<portRef name="I" instanceRef="Buf-pad-clk"/>
				</net>
				<net name="reset">
					<portRef name="reset"/>
					<portRef name="PAD" instanceRef="reset_ipad"/>
					<portRef name="I" instanceRef="Buf-pad-reset"/>
				</net>
				<net name="net_Buf-pad-reset">
					<portRef name="O" instanceRef="Buf-pad-reset"/>
					<portRef name="ADR0" instanceRef="Lut-U195_0"/>
					<portRef name="ADR1" instanceRef="Lut-U194_0_0"/>
					<portRef name="ADR1" instanceRef="Lut-U193_0_0"/>
					<portRef name="ADR1" instanceRef="Lut-U192_0_0"/>
					<portRef name="ADR1" instanceRef="Lut-U191_0_0"/>
					<portRef name="ADR1" instanceRef="Lut-U190_0_0"/>
					<portRef name="ADR1" instanceRef="Lut-U189_0_0"/>
					<portRef name="ADR1" instanceRef="Lut-U206_0_0"/>
					<portRef name="ADR1" instanceRef="Lut-U205_0_0"/>
					<portRef name="ADR1" instanceRef="Lut-U204_0_0"/>
					<portRef name="ADR1" instanceRef="Lut-U203_0_0"/>
					<portRef name="ADR1" instanceRef="Lut-U202_0_0"/>
					<portRef name="ADR1" instanceRef="Lut-U201_0_0"/>
					<portRef name="ADR1" instanceRef="Lut-U200_0_0"/>
					<portRef name="ADR0" instanceRef="Lut-U198_0_0"/>
					<portRef name="ADR1" instanceRef="Lut-U197_0_0"/>
				</net>
				<net name="net_row_reg[15]">
					<portRef name="Q" instanceRef="row_reg[15]"/>
					<portRef name="ADR1" instanceRef="Lut-U195_0"/>
					<portRef name="ADR1" instanceRef="Lut-U178_0_0"/>
					<portRef name="ADR1" instanceRef="Lut-U168_0_1"/>
					<portRef name="ADR1" instanceRef="Lut-U116_0_0"/>
					<portRef name="ADR3" instanceRef="Lut-U149_0_2"/>
					<portRef name="ADR3" instanceRef="Lut-U154_0_2"/>
					<portRef name="ADR3" instanceRef="Lut-U177_0_1"/>
					<portRef name="I" instanceRef="Buf-pad-row[15]"/>
				</net>
				<net name="net_row_reg[0]">
					<portRef name="Q" instanceRef="row_reg[0]"/>
					<portRef name="ADR0" instanceRef="Lut-U194_0_0"/>
					<portRef name="ADR2" instanceRef="Lut-U151_0_1"/>
					<portRef name="ADR3" instanceRef="Lut-U180_0_1"/>
					<portRef name="ADR1" instanceRef="Lut-U147_0_1"/>
					<portRef name="ADR2" instanceRef="Lut-U182_0_1"/>
					<portRef name="ADR3" instanceRef="Lut-U151_0_0"/>
					<portRef name="ADR3" instanceRef="Lut-U142_1"/>
					<portRef name="ADR3" instanceRef="Lut-U164_0_1"/>
					<portRef name="ADR2" instanceRef="Lut-U160_0_0"/>
					<portRef name="ADR3" instanceRef="Lut-U175_0_2"/>
					<portRef name="ADR3" instanceRef="Lut-U157_0_1"/>
					<portRef name="I" instanceRef="Buf-pad-row[0]"/>
				</net>
				<net name="net_row_reg[1]">
					<portRef name="Q" instanceRef="row_reg[1]"/>
					<portRef name="ADR0" instanceRef="Lut-U193_0_0"/>
					<portRef name="ADR3" instanceRef="Lut-U147_0_1"/>
					<portRef name="ADR2" instanceRef="Lut-U147_0_2"/>
					<portRef name="ADR0" instanceRef="Lut-U184_0_0"/>
					<portRef name="ADR0" instanceRef="Lut-U151_0_0"/>
					<portRef name="ADR1" instanceRef="Lut-U150_0_2"/>
					<portRef name="ADR0" instanceRef="Lut-U183_0_1"/>
					<portRef name="ADR0" instanceRef="Lut-U157_0_1"/>
					<portRef name="I" instanceRef="Buf-pad-row[1]"/>
				</net>
				<net name="net_row_reg[2]">
					<portRef name="Q" instanceRef="row_reg[2]"/>
					<portRef name="ADR0" instanceRef="Lut-U192_0_0"/>
					<portRef name="ADR3" instanceRef="Lut-U164_0_0"/>
					<portRef name="ADR2" instanceRef="Lut-U183_0_1"/>
					<portRef name="ADR2" instanceRef="Lut-U164_0_1"/>
					<portRef name="ADR2" instanceRef="Lut-U157_0_1"/>
					<portRef name="I" instanceRef="Buf-pad-row[2]"/>
				</net>
				<net name="net_row_reg[3]">
					<portRef name="Q" instanceRef="row_reg[3]"/>
					<portRef name="ADR0" instanceRef="Lut-U191_0_0"/>
					<portRef name="ADR3" instanceRef="Lut-U187_0_1"/>
					<portRef name="ADR2" instanceRef="Lut-U170_0_1"/>
					<portRef name="ADR3" instanceRef="Lut-U174_0_2"/>
					<portRef name="ADR2" instanceRef="Lut-U143_0_1"/>
					<portRef name="ADR3" instanceRef="Lut-U172_0_0"/>
					<portRef name="ADR3" instanceRef="Lut-U171_1"/>
					<portRef name="ADR2" instanceRef="Lut-U158_0_2"/>
					<portRef name="ADR1" instanceRef="Lut-U148_0_0"/>
					<portRef name="ADR1" instanceRef="Lut-U159_0_0"/>
					<portRef name="ADR2" instanceRef="Lut-U165_0_0"/>
					<portRef name="ADR3" instanceRef="Lut-U160_0_1"/>
					<portRef name="I" instanceRef="Buf-pad-row[3]"/>
				</net>
				<net name="net_row_reg[4]">
					<portRef name="Q" instanceRef="row_reg[4]"/>
					<portRef name="ADR0" instanceRef="Lut-U190_0_0"/>
					<portRef name="ADR2" instanceRef="Lut-U178_0_0"/>
					<portRef name="ADR0" instanceRef="Lut-U170_0_1"/>
					<portRef name="ADR2" instanceRef="Lut-U174_0_2"/>
					<portRef name="ADR2" instanceRef="Lut-U172_0_0"/>
					<portRef name="ADR1" instanceRef="Lut-U158_0_2"/>
					<portRef name="ADR0" instanceRef="Lut-U179_0"/>
					<portRef name="ADR1" instanceRef="Lut-U165_0_0"/>
					<portRef name="ADR0" instanceRef="Lut-U162_0_0"/>
					<portRef name="ADR1" instanceRef="Lut-U160_0_1"/>
					<portRef name="I" instanceRef="Buf-pad-row[4]"/>
				</net>
				<net name="net_row_reg[5]">
					<portRef name="Q" instanceRef="row_reg[5]"/>
					<portRef name="ADR0" instanceRef="Lut-U189_0_0"/>
					<portRef name="ADR2" instanceRef="Lut-U153_0"/>
					<portRef name="ADR3" instanceRef="Lut-U148_0_0"/>
					<portRef name="ADR1" instanceRef="Lut-U180_0_0"/>
					<portRef name="ADR1" instanceRef="Lut-U185_0_0"/>
					<portRef name="ADR2" instanceRef="Lut-U143_0_0"/>
					<portRef name="ADR1" instanceRef="Lut-U174_0_0"/>
					<portRef name="ADR2" instanceRef="Lut-U148_0_1"/>
					<portRef name="I" instanceRef="Buf-pad-row[5]"/>
				</net>
				<net name="net_row_reg[6]">
					<portRef name="Q" instanceRef="row_reg[6]"/>
					<portRef name="ADR0" instanceRef="Lut-U206_0_0"/>
					<portRef name="ADR2" instanceRef="Lut-U148_0_2"/>
					<portRef name="ADR2" instanceRef="Lut-U146_0_0"/>
					<portRef name="ADR0" instanceRef="Lut-U180_0_0"/>
					<portRef name="ADR0" instanceRef="Lut-U185_0_0"/>
					<portRef name="ADR1" instanceRef="Lut-U143_0_0"/>
					<portRef name="ADR0" instanceRef="Lut-U174_0_0"/>
					<portRef name="ADR3" instanceRef="Lut-U159_0_0"/>
					<portRef name="I" instanceRef="Buf-pad-row[6]"/>
				</net>
				<net name="net_row_reg[7]">
					<portRef name="Q" instanceRef="row_reg[7]"/>
					<portRef name="ADR0" instanceRef="Lut-U205_0_0"/>
					<portRef name="ADR3" instanceRef="Lut-U168_0_1"/>
					<portRef name="ADR1" instanceRef="Lut-U187_0_1"/>
					<portRef name="ADR1" instanceRef="Lut-U188_0_0"/>
					<portRef name="ADR1" instanceRef="Lut-U149_0_2"/>
					<portRef name="ADR2" instanceRef="Lut-U154_0_2"/>
					<portRef name="ADR1" instanceRef="Lut-U177_0_1"/>
					<portRef name="I" instanceRef="Buf-pad-row[7]"/>
				</net>
				<net name="net_row_reg[8]">
					<portRef name="Q" instanceRef="row_reg[8]"/>
					<portRef name="ADR0" instanceRef="Lut-U204_0_0"/>
					<portRef name="ADR2" instanceRef="Lut-U168_0_1"/>
					<portRef name="ADR0" instanceRef="Lut-U187_0_1"/>
					<portRef name="ADR0" instanceRef="Lut-U188_0_0"/>
					<portRef name="ADR2" instanceRef="Lut-U149_0_2"/>
					<portRef name="ADR1" instanceRef="Lut-U154_0_2"/>
					<portRef name="ADR0" instanceRef="Lut-U177_0_1"/>
					<portRef name="I" instanceRef="Buf-pad-row[8]"/>
				</net>
				<net name="net_row_reg[9]">
					<portRef name="Q" instanceRef="row_reg[9]"/>
					<portRef name="ADR0" instanceRef="Lut-U203_0_0"/>
					<portRef name="ADR2" instanceRef="Lut-U187_0_1"/>
					<portRef name="ADR3" instanceRef="Lut-U170_0_1"/>
					<portRef name="ADR2" instanceRef="Lut-U177_0_1"/>
					<portRef name="I" instanceRef="Buf-pad-row[9]"/>
				</net>
				<net name="net_row_reg[10]">
					<portRef name="Q" instanceRef="row_reg[10]"/>
					<portRef name="ADR0" instanceRef="Lut-U202_0_0"/>
					<portRef name="ADR3" instanceRef="Lut-U152_1"/>
					<portRef name="ADR3" instanceRef="Lut-U155_0_0"/>
					<portRef name="ADR2" instanceRef="Lut-U164_0_0"/>
					<portRef name="ADR3" instanceRef="Lut-U180_0_0"/>
					<portRef name="ADR0" instanceRef="Lut-U152_2_0"/>
					<portRef name="ADR1" instanceRef="Lut-U164_0_1"/>
					<portRef name="ADR2" instanceRef="Lut-U175_0_2"/>
					<portRef name="ADR2" instanceRef="Lut-U165_0_1"/>
					<portRef name="ADR1" instanceRef="Lut-U162_0_0"/>
					<portRef name="ADR2" instanceRef="Lut-U160_0_1"/>
					<portRef name="I" instanceRef="Buf-pad-row[10]"/>
				</net>
				<net name="net_row_reg[11]">
					<portRef name="Q" instanceRef="row_reg[11]"/>
					<portRef name="ADR0" instanceRef="Lut-U201_0_0"/>
					<portRef name="ADR1" instanceRef="Lut-U148_0_2"/>
					<portRef name="ADR1" instanceRef="Lut-U153_0"/>
					<portRef name="ADR2" instanceRef="Lut-U180_0_0"/>
					<portRef name="ADR2" instanceRef="Lut-U185_0_0"/>
					<portRef name="ADR0" instanceRef="Lut-U143_0_0"/>
					<portRef name="ADR2" instanceRef="Lut-U174_0_0"/>
					<portRef name="ADR3" instanceRef="Lut-U148_0_1"/>
					<portRef name="I" instanceRef="Buf-pad-row[11]"/>
				</net>
				<net name="net_row_reg[12]">
					<portRef name="Q" instanceRef="row_reg[12]"/>
					<portRef name="ADR0" instanceRef="Lut-U200_0_0"/>
					<portRef name="ADR2" instanceRef="Lut-U180_0_1"/>
					<portRef name="ADR2" instanceRef="Lut-U155_0_0"/>
					<portRef name="ADR1" instanceRef="Lut-U182_0_1"/>
					<portRef name="ADR1" instanceRef="Lut-U164_0_0"/>
					<portRef name="ADR1" instanceRef="Lut-U160_0_0"/>
					<portRef name="ADR1" instanceRef="Lut-U175_0_2"/>
					<portRef name="ADR1" instanceRef="Lut-U165_0_1"/>
					<portRef name="ADR3" instanceRef="Lut-U165_0_0"/>
					<portRef name="I" instanceRef="Buf-pad-row[12]"/>
				</net>
				<net name="net_row_reg[13]">
					<portRef name="Q" instanceRef="row_reg[13]"/>
					<portRef name="ADR1" instanceRef="Lut-U198_0_0"/>
					<portRef name="ADR3" instanceRef="Lut-U146_0_1"/>
					<portRef name="ADR3" instanceRef="Lut-U151_0_1"/>
					<portRef name="ADR2" instanceRef="Lut-U140_0_0"/>
					<portRef name="ADR3" instanceRef="Lut-U147_0_2"/>
					<portRef name="ADR3" instanceRef="Lut-U150_0_2"/>
					<portRef name="ADR3" instanceRef="Lut-U183_0_1"/>
					<portRef name="ADR1" instanceRef="Lut-U157_0_2"/>
					<portRef name="I" instanceRef="Buf-pad-row[13]"/>
				</net>
				<net name="net_row_reg[14]">
					<portRef name="Q" instanceRef="row_reg[14]"/>
					<portRef name="ADR0" instanceRef="Lut-U197_0_0"/>
					<portRef name="ADR2" instanceRef="Lut-U147_0_1"/>
					<portRef name="ADR1" instanceRef="Lut-U147_0_2"/>
					<portRef name="ADR1" instanceRef="Lut-U184_0_0"/>
					<portRef name="ADR1" instanceRef="Lut-U151_0_0"/>
					<portRef name="ADR2" instanceRef="Lut-U150_0_2"/>
					<portRef name="ADR1" instanceRef="Lut-U183_0_1"/>
					<portRef name="ADR1" instanceRef="Lut-U157_0_1"/>
					<portRef name="I" instanceRef="Buf-pad-row[14]"/>
				</net>
				<net name="net_Lut-U178_0_0">
					<portRef name="O" instanceRef="Lut-U178_0_0"/>
					<portRef name="ADR0" instanceRef="Lut-U112_0"/>
					<portRef name="ADR0" instanceRef="Lut-U114_0"/>
					<portRef name="ADR0" instanceRef="Lut-U115_0"/>
					<portRef name="ADR0" instanceRef="Lut-U119_0"/>
					<portRef name="ADR0" instanceRef="Lut-U120_0"/>
					<portRef name="ADR0" instanceRef="Lut-U128_0"/>
					<portRef name="ADR0" instanceRef="Lut-U133_0"/>
					<portRef name="ADR0" instanceRef="Lut-U134_0"/>
					<portRef name="ADR0" instanceRef="Lut-U139_0"/>
					<portRef name="ADR2" instanceRef="Lut-U127_0_1"/>
					<portRef name="ADR0" instanceRef="Lut-U132_0_0"/>
				</net>
				<net name="net_Lut-U140_0_1">
					<portRef name="O" instanceRef="Lut-U140_0_1"/>
					<portRef name="ADR1" instanceRef="Lut-U112_0"/>
					<portRef name="ADR1" instanceRef="Lut-U114_0"/>
					<portRef name="ADR1" instanceRef="Lut-U115_0"/>
					<portRef name="ADR1" instanceRef="Lut-U119_0"/>
					<portRef name="ADR1" instanceRef="Lut-U120_0"/>
					<portRef name="ADR1" instanceRef="Lut-U128_0"/>
					<portRef name="ADR1" instanceRef="Lut-U133_0"/>
					<portRef name="ADR1" instanceRef="Lut-U134_0"/>
				</net>
				<net name="net_col_reg[14]">
					<portRef name="Q" instanceRef="col_reg[14]"/>
					<portRef name="ADR2" instanceRef="Lut-U112_0"/>
					<portRef name="I" instanceRef="Buf-pad-col[14]"/>
				</net>
				<net name="net_Lut-U168_0_1">
					<portRef name="O" instanceRef="Lut-U168_0_1"/>
					<portRef name="ADR3" instanceRef="Lut-U112_0"/>
					<portRef name="ADR1" instanceRef="Lut-U137_0"/>
					<portRef name="ADR1" instanceRef="Lut-U167_0_0"/>
					<portRef name="ADR0" instanceRef="Lut-U135_0_1"/>
				</net>
				<net name="net_col_reg[13]">
					<portRef name="Q" instanceRef="col_reg[13]"/>
					<portRef name="ADR2" instanceRef="Lut-U114_0"/>
					<portRef name="I" instanceRef="Buf-pad-col[13]"/>
				</net>
				<net name="net_Lut-U116_0_0">
					<portRef name="O" instanceRef="Lut-U116_0_0"/>
					<portRef name="ADR3" instanceRef="Lut-U114_0"/>
					<portRef name="ADR3" instanceRef="Lut-U115_0"/>
				</net>
				<net name="net_col_reg[12]">
					<portRef name="Q" instanceRef="col_reg[12]"/>
					<portRef name="ADR2" instanceRef="Lut-U115_0"/>
					<portRef name="I" instanceRef="Buf-pad-col[12]"/>
				</net>
				<net name="net_Lut-U139_0">
					<portRef name="O" instanceRef="Lut-U139_0"/>
					<portRef name="ADR0" instanceRef="Lut-U117_1"/>
					<portRef name="ADR0" instanceRef="Lut-U122_0"/>
					<portRef name="ADR0" instanceRef="Lut-U123_0"/>
					<portRef name="ADR0" instanceRef="Lut-U124_0"/>
					<portRef name="ADR0" instanceRef="Lut-U137_0"/>
				</net>
				<net name="net_col_reg[11]">
					<portRef name="Q" instanceRef="col_reg[11]"/>
					<portRef name="ADR1" instanceRef="Lut-U117_1"/>
					<portRef name="I" instanceRef="Buf-pad-col[11]"/>
				</net>
				<net name="net_Lut-U146_0_1">
					<portRef name="O" instanceRef="Lut-U146_0_1"/>
					<portRef name="ADR2" instanceRef="Lut-U117_1"/>
				</net>
				<net name="net_Lut-U152_1">
					<portRef name="O" instanceRef="Lut-U152_1"/>
					<portRef name="ADR3" instanceRef="Lut-U117_1"/>
					<portRef name="ADR3" instanceRef="Lut-U122_0"/>
					<portRef name="ADR3" instanceRef="Lut-U123_0"/>
					<portRef name="ADR3" instanceRef="Lut-U124_0"/>
					<portRef name="ADR2" instanceRef="Lut-U140_0_1"/>
					<portRef name="ADR0" instanceRef="Lut-U129_0_0"/>
					<portRef name="ADR0" instanceRef="Lut-U121_0_0"/>
					<portRef name="ADR3" instanceRef="Lut-U140_0_0"/>
					<portRef name="ADR0" instanceRef="Lut-U127_0_1"/>
				</net>
				<net name="net_col_reg[10]">
					<portRef name="Q" instanceRef="col_reg[10]"/>
					<portRef name="ADR2" instanceRef="Lut-U119_0"/>
					<portRef name="I" instanceRef="Buf-pad-col[10]"/>
				</net>
				<net name="net_Lut-U129_0_0">
					<portRef name="O" instanceRef="Lut-U129_0_0"/>
					<portRef name="ADR3" instanceRef="Lut-U119_0"/>
					<portRef name="ADR3" instanceRef="Lut-U128_0"/>
				</net>
				<net name="net_col_reg[9]">
					<portRef name="Q" instanceRef="col_reg[9]"/>
					<portRef name="ADR2" instanceRef="Lut-U120_0"/>
					<portRef name="I" instanceRef="Buf-pad-col[9]"/>
				</net>
				<net name="net_Lut-U121_0_0">
					<portRef name="O" instanceRef="Lut-U121_0_0"/>
					<portRef name="ADR3" instanceRef="Lut-U120_0"/>
				</net>
				<net name="net_col_reg[8]">
					<portRef name="Q" instanceRef="col_reg[8]"/>
					<portRef name="ADR1" instanceRef="Lut-U122_0"/>
					<portRef name="I" instanceRef="Buf-pad-col[8]"/>
				</net>
				<net name="net_Lut-U151_0_1">
					<portRef name="O" instanceRef="Lut-U151_0_1"/>
					<portRef name="ADR2" instanceRef="Lut-U122_0"/>
					<portRef name="ADR2" instanceRef="Lut-U123_0"/>
					<portRef name="ADR2" instanceRef="Lut-U124_0"/>
					<portRef name="ADR1" instanceRef="Lut-U140_0_1"/>
					<portRef name="ADR0" instanceRef="Lut-U151_0"/>
				</net>
				<net name="net_col_reg[7]">
					<portRef name="Q" instanceRef="col_reg[7]"/>
					<portRef name="ADR1" instanceRef="Lut-U123_0"/>
					<portRef name="I" instanceRef="Buf-pad-col[7]"/>
				</net>
				<net name="net_col_reg[6]">
					<portRef name="Q" instanceRef="col_reg[6]"/>
					<portRef name="ADR1" instanceRef="Lut-U124_0"/>
					<portRef name="I" instanceRef="Buf-pad-col[6]"/>
				</net>
				<net name="net_Lut-U140_0_0">
					<portRef name="O" instanceRef="Lut-U140_0_0"/>
					<portRef name="ADR0" instanceRef="Lut-U126_0"/>
				</net>
				<net name="net_Lut-U141_1">
					<portRef name="O" instanceRef="Lut-U141_1"/>
					<portRef name="ADR1" instanceRef="Lut-U126_0"/>
					<portRef name="ADR3" instanceRef="Lut-U132_0"/>
					<portRef name="ADR3" instanceRef="Lut-U140_0_1"/>
					<portRef name="ADR3" instanceRef="Lut-U139_0"/>
					<portRef name="ADR3" instanceRef="Lut-U132_0_0"/>
				</net>
				<net name="net_col_reg[5]">
					<portRef name="Q" instanceRef="col_reg[5]"/>
					<portRef name="ADR2" instanceRef="Lut-U126_0"/>
					<portRef name="I" instanceRef="Buf-pad-col[5]"/>
				</net>
				<net name="net_Lut-U127_0_1">
					<portRef name="O" instanceRef="Lut-U127_0_1"/>
					<portRef name="ADR3" instanceRef="Lut-U126_0"/>
				</net>
				<net name="net_col_reg[4]">
					<portRef name="Q" instanceRef="col_reg[4]"/>
					<portRef name="ADR2" instanceRef="Lut-U128_0"/>
					<portRef name="I" instanceRef="Buf-pad-col[4]"/>
				</net>
				<net name="net_Lut-U132_0_0">
					<portRef name="O" instanceRef="Lut-U132_0_0"/>
					<portRef name="ADR0" instanceRef="Lut-U132_0"/>
				</net>
				<net name="net_Lut-U153_2">
					<portRef name="O" instanceRef="Lut-U153_2"/>
					<portRef name="ADR1" instanceRef="Lut-U132_0"/>
					<portRef name="ADR1" instanceRef="Lut-U152_1"/>
				</net>
				<net name="net_col_reg[3]">
					<portRef name="Q" instanceRef="col_reg[3]"/>
					<portRef name="ADR2" instanceRef="Lut-U132_0"/>
					<portRef name="I" instanceRef="Buf-pad-col[3]"/>
				</net>
				<net name="net_col_reg[2]">
					<portRef name="Q" instanceRef="col_reg[2]"/>
					<portRef name="ADR2" instanceRef="Lut-U133_0"/>
					<portRef name="I" instanceRef="Buf-pad-col[2]"/>
				</net>
				<net name="net_Lut-U167_0_0">
					<portRef name="O" instanceRef="Lut-U167_0_0"/>
					<portRef name="ADR3" instanceRef="Lut-U133_0"/>
					<portRef name="ADR0" instanceRef="Lut-U140_0_1"/>
					<portRef name="ADR1" instanceRef="Lut-U139_0"/>
					<portRef name="ADR0" instanceRef="Lut-U140_0_0"/>
					<portRef name="ADR1" instanceRef="Lut-U132_0_0"/>
				</net>
				<net name="net_col_reg[1]">
					<portRef name="Q" instanceRef="col_reg[1]"/>
					<portRef name="ADR2" instanceRef="Lut-U134_0"/>
					<portRef name="I" instanceRef="Buf-pad-col[1]"/>
				</net>
				<net name="net_Lut-U135_0_1">
					<portRef name="O" instanceRef="Lut-U135_0_1"/>
					<portRef name="ADR3" instanceRef="Lut-U134_0"/>
				</net>
				<net name="net_Lut-U148_0_2">
					<portRef name="O" instanceRef="Lut-U148_0_2"/>
					<portRef name="ADR2" instanceRef="Lut-U137_0"/>
					<portRef name="ADR1" instanceRef="Lut-U146_0_1"/>
				</net>
				<net name="net_col_reg[0]">
					<portRef name="Q" instanceRef="col_reg[0]"/>
					<portRef name="ADR3" instanceRef="Lut-U137_0"/>
					<portRef name="I" instanceRef="Buf-pad-col[0]"/>
				</net>
				<net name="net_Lut-U187_0_1">
					<portRef name="O" instanceRef="Lut-U187_0_1"/>
					<portRef name="ADR0" instanceRef="Lut-U178_0_0"/>
				</net>
				<net name="net_Lut-U180_0_1">
					<portRef name="O" instanceRef="Lut-U180_0_1"/>
					<portRef name="ADR3" instanceRef="Lut-U178_0_0"/>
					<portRef name="ADR1" instanceRef="Lut-U170_0_1"/>
					<portRef name="ADR0" instanceRef="Lut-U158_0_2"/>
					<portRef name="ADR1" instanceRef="Lut-U179_0"/>
				</net>
				<net name="net_Lut-U170_0_1">
					<portRef name="O" instanceRef="Lut-U170_0_1"/>
					<portRef name="ADR0" instanceRef="Lut-U168_0_1"/>
					<portRef name="ADR0" instanceRef="Lut-U116_0_0"/>
					<portRef name="ADR0" instanceRef="Lut-U149_0_2"/>
					<portRef name="ADR0" instanceRef="Lut-U154_0_2"/>
				</net>
				<net name="net_Lut-U188_0_0">
					<portRef name="O" instanceRef="Lut-U188_0_0"/>
					<portRef name="ADR2" instanceRef="Lut-U116_0_0"/>
				</net>
				<net name="net_Lut-U155_0_0">
					<portRef name="O" instanceRef="Lut-U155_0_0"/>
					<portRef name="ADR3" instanceRef="Lut-U116_0_0"/>
					<portRef name="ADR1" instanceRef="Lut-U153_2"/>
					<portRef name="ADR2" instanceRef="Lut-U152_0_0"/>
					<portRef name="ADR2" instanceRef="Lut-U152_1_0"/>
					<portRef name="ADR2" instanceRef="Lut-U152_2_0"/>
				</net>
				<net name="net_Lut-U151_0">
					<portRef name="O" instanceRef="Lut-U151_0"/>
					<portRef name="ADR2" instanceRef="Lut-U139_0"/>
					<portRef name="ADR2" instanceRef="Lut-U132_0_0"/>
				</net>
				<net name="net_Lut-U149_0_2">
					<portRef name="O" instanceRef="Lut-U149_0_2"/>
					<portRef name="ADR0" instanceRef="Lut-U146_0_1"/>
					<portRef name="ADR0" instanceRef="Lut-U146_0_0"/>
				</net>
				<net name="net_Lut-U147_0_1">
					<portRef name="O" instanceRef="Lut-U147_0_1"/>
					<portRef name="ADR2" instanceRef="Lut-U146_0_1"/>
				</net>
				<net name="net_Lut-U182_0_1">
					<portRef name="O" instanceRef="Lut-U182_0_1"/>
					<portRef name="ADR0" instanceRef="Lut-U152_1"/>
					<portRef name="ADR0" instanceRef="Lut-U152_0_0"/>
					<portRef name="ADR0" instanceRef="Lut-U160_0_1"/>
				</net>
				<net name="net_Lut-U174_0_2">
					<portRef name="O" instanceRef="Lut-U174_0_2"/>
					<portRef name="ADR2" instanceRef="Lut-U152_1"/>
					<portRef name="ADR1" instanceRef="Lut-U155_0_0"/>
					<portRef name="ADR0" instanceRef="Lut-U164_0_0"/>
					<portRef name="ADR0" instanceRef="Lut-U152_1_0"/>
					<portRef name="ADR0" instanceRef="Lut-U165_0_1"/>
				</net>
				<net name="net_Lut-U147_0_2">
					<portRef name="O" instanceRef="Lut-U147_0_2"/>
					<portRef name="ADR1" instanceRef="Lut-U129_0_0"/>
					<portRef name="ADR1" instanceRef="Lut-U121_0_0"/>
					<portRef name="ADR2" instanceRef="Lut-U141_1"/>
					<portRef name="ADR1" instanceRef="Lut-U127_0_1"/>
				</net>
				<net name="net_Lut-U143_0_1">
					<portRef name="O" instanceRef="Lut-U143_0_1"/>
					<portRef name="ADR2" instanceRef="Lut-U129_0_0"/>
					<portRef name="ADR1" instanceRef="Lut-U142_1"/>
				</net>
				<net name="net_Lut-U172_0_0">
					<portRef name="O" instanceRef="Lut-U172_0_0"/>
					<portRef name="ADR2" instanceRef="Lut-U121_0_0"/>
					<portRef name="ADR3" instanceRef="Lut-U127_0_1"/>
					<portRef name="ADR2" instanceRef="Lut-U135_0_1"/>
					<portRef name="ADR1" instanceRef="Lut-U171_1"/>
				</net>
				<net name="net_Lut-U184_0_0">
					<portRef name="O" instanceRef="Lut-U184_0_0"/>
					<portRef name="ADR0" instanceRef="Lut-U151_0_1"/>
				</net>
				<net name="net_Lut-U164_0_0">
					<portRef name="O" instanceRef="Lut-U164_0_0"/>
					<portRef name="ADR1" instanceRef="Lut-U151_0_1"/>
					<portRef name="ADR0" instanceRef="Lut-U147_0_1"/>
					<portRef name="ADR2" instanceRef="Lut-U151_0_0"/>
				</net>
				<net name="net_Lut-U151_0_0">
					<portRef name="O" instanceRef="Lut-U151_0_0"/>
					<portRef name="ADR1" instanceRef="Lut-U140_0_0"/>
				</net>
				<net name="net_Lut-U150_0_2">
					<portRef name="O" instanceRef="Lut-U150_0_2"/>
					<portRef name="ADR0" instanceRef="Lut-U141_1"/>
				</net>
				<net name="net_Lut-U146_0_0">
					<portRef name="O" instanceRef="Lut-U146_0_0"/>
					<portRef name="ADR1" instanceRef="Lut-U141_1"/>
				</net>
				<net name="net_Lut-U142_1">
					<portRef name="O" instanceRef="Lut-U142_1"/>
					<portRef name="ADR3" instanceRef="Lut-U141_1"/>
				</net>
				<net name="net_Lut-U153_0">
					<portRef name="O" instanceRef="Lut-U153_0"/>
					<portRef name="ADR0" instanceRef="Lut-U153_2"/>
					<portRef name="ADR1" instanceRef="Lut-U152_0_0"/>
					<portRef name="ADR1" instanceRef="Lut-U152_1_0"/>
					<portRef name="ADR1" instanceRef="Lut-U152_2_0"/>
				</net>
				<net name="net_Lut-U154_0_2">
					<portRef name="O" instanceRef="Lut-U154_0_2"/>
					<portRef name="ADR2" instanceRef="Lut-U153_2"/>
					<portRef name="ADR3" instanceRef="Lut-U152_0_0"/>
					<portRef name="ADR3" instanceRef="Lut-U152_1_0"/>
					<portRef name="ADR3" instanceRef="Lut-U152_2_0"/>
				</net>
				<net name="net_Lut-U171_1">
					<portRef name="O" instanceRef="Lut-U171_1"/>
					<portRef name="ADR0" instanceRef="Lut-U167_0_0"/>
				</net>
				<net name="net_Lut-U158_0_2">
					<portRef name="O" instanceRef="Lut-U158_0_2"/>
					<portRef name="ADR1" instanceRef="Lut-U135_0_1"/>
					<portRef name="ADR3" instanceRef="Lut-U153_0"/>
				</net>
				<net name="net_Lut-U148_0_0">
					<portRef name="O" instanceRef="Lut-U148_0_0"/>
					<portRef name="ADR0" instanceRef="Lut-U148_0_2"/>
				</net>
				<net name="net_Lut-U180_0_0">
					<portRef name="O" instanceRef="Lut-U180_0_0"/>
					<portRef name="ADR0" instanceRef="Lut-U180_0_1"/>
				</net>
				<net name="net_Lut-U183_0_1">
					<portRef name="O" instanceRef="Lut-U183_0_1"/>
					<portRef name="ADR1" instanceRef="Lut-U180_0_1"/>
					<portRef name="ADR0" instanceRef="Lut-U182_0_1"/>
					<portRef name="ADR2" instanceRef="Lut-U142_1"/>
					<portRef name="ADR0" instanceRef="Lut-U160_0_0"/>
					<portRef name="ADR0" instanceRef="Lut-U175_0_2"/>
				</net>
				<net name="net_Lut-U157_0_2">
					<portRef name="O" instanceRef="Lut-U157_0_2"/>
					<portRef name="ADR0" instanceRef="Lut-U155_0_0"/>
				</net>
				<net name="net_Lut-U152_0_0">
					<portRef name="O" instanceRef="Lut-U152_0_0"/>
					<portRef name="ADR1" instanceRef="Lut-U151_0"/>
				</net>
				<net name="net_Lut-U152_1_0">
					<portRef name="O" instanceRef="Lut-U152_1_0"/>
					<portRef name="ADR2" instanceRef="Lut-U151_0"/>
				</net>
				<net name="net_Lut-U152_2_0">
					<portRef name="O" instanceRef="Lut-U152_2_0"/>
					<portRef name="ADR3" instanceRef="Lut-U151_0"/>
				</net>
				<net name="net_Lut-U185_0_0">
					<portRef name="O" instanceRef="Lut-U185_0_0"/>
					<portRef name="ADR0" instanceRef="Lut-U174_0_2"/>
				</net>
				<net name="net_Lut-U177_0_1">
					<portRef name="O" instanceRef="Lut-U177_0_1"/>
					<portRef name="ADR1" instanceRef="Lut-U174_0_2"/>
					<portRef name="ADR3" instanceRef="Lut-U143_0_1"/>
					<portRef name="ADR0" instanceRef="Lut-U171_1"/>
					<portRef name="ADR3" instanceRef="Lut-U158_0_2"/>
					<portRef name="ADR2" instanceRef="Lut-U148_0_0"/>
					<portRef name="ADR3" instanceRef="Lut-U174_0_0"/>
					<portRef name="ADR1" instanceRef="Lut-U148_0_1"/>
					<portRef name="ADR2" instanceRef="Lut-U159_0_0"/>
				</net>
				<net name="net_Lut-U164_0_1">
					<portRef name="O" instanceRef="Lut-U164_0_1"/>
					<portRef name="ADR0" instanceRef="Lut-U147_0_2"/>
					<portRef name="ADR0" instanceRef="Lut-U150_0_2"/>
				</net>
				<net name="net_Lut-U143_0_0">
					<portRef name="O" instanceRef="Lut-U143_0_0"/>
					<portRef name="ADR0" instanceRef="Lut-U143_0_1"/>
				</net>
				<net name="net_Lut-U160_0_0">
					<portRef name="O" instanceRef="Lut-U160_0_0"/>
					<portRef name="ADR1" instanceRef="Lut-U143_0_1"/>
					<portRef name="ADR0" instanceRef="Lut-U148_0_0"/>
					<portRef name="ADR0" instanceRef="Lut-U159_0_0"/>
				</net>
				<net name="net_Lut-U175_0_2">
					<portRef name="O" instanceRef="Lut-U175_0_2"/>
					<portRef name="ADR0" instanceRef="Lut-U172_0_0"/>
				</net>
				<net name="net_Lut-U174_0_0">
					<portRef name="O" instanceRef="Lut-U174_0_0"/>
					<portRef name="ADR1" instanceRef="Lut-U172_0_0"/>
					<portRef name="ADR0" instanceRef="Lut-U165_0_0"/>
				</net>
				<net name="net_Lut-U148_0_1">
					<portRef name="O" instanceRef="Lut-U148_0_1"/>
					<portRef name="ADR1" instanceRef="Lut-U146_0_0"/>
				</net>
				<net name="net_Lut-U165_0_1">
					<portRef name="O" instanceRef="Lut-U165_0_1"/>
					<portRef name="ADR0" instanceRef="Lut-U142_1"/>
				</net>
				<net name="net_Lut-U159_0_0">
					<portRef name="O" instanceRef="Lut-U159_0_0"/>
					<portRef name="ADR0" instanceRef="Lut-U153_0"/>
				</net>
				<net name="net_Lut-U179_0">
					<portRef name="O" instanceRef="Lut-U179_0"/>
					<portRef name="ADR2" instanceRef="Lut-U171_1"/>
				</net>
				<net name="net_Lut-U157_0_1">
					<portRef name="O" instanceRef="Lut-U157_0_1"/>
					<portRef name="ADR0" instanceRef="Lut-U157_0_2"/>
				</net>
				<net name="net_Lut-U165_0_0">
					<portRef name="O" instanceRef="Lut-U165_0_0"/>
					<portRef name="ADR0" instanceRef="Lut-U164_0_1"/>
				</net>
				<net name="net_Lut-U162_0_0">
					<portRef name="O" instanceRef="Lut-U162_0_0"/>
					<portRef name="ADR3" instanceRef="Lut-U160_0_0"/>
				</net>
				<net name="net_Lut-U160_0_1">
					<portRef name="O" instanceRef="Lut-U160_0_1"/>
					<portRef name="ADR0" instanceRef="Lut-U148_0_1"/>
				</net>
				<net name="net_Lut-U195_0">
					<portRef name="O" instanceRef="Lut-U195_0"/>
					<portRef name="ADR0" instanceRef="Lut-U195_0InvLut"/>
				</net>
				<net name="net_VCC">
					<portRef name="LOGIC_1_PIN" instanceRef="VCC"/>
					<portRef name="ADR1" instanceRef="Lut-U195_0InvLut"/>
					<portRef name="ADR1" instanceRef="Lut-U112_0InvLut"/>
					<portRef name="ADR1" instanceRef="Lut-U114_0InvLut"/>
					<portRef name="ADR1" instanceRef="Lut-U115_0InvLut"/>
					<portRef name="ADR1" instanceRef="Lut-U117_1InvLut"/>
					<portRef name="ADR1" instanceRef="Lut-U119_0InvLut"/>
					<portRef name="ADR1" instanceRef="Lut-U120_0InvLut"/>
					<portRef name="ADR1" instanceRef="Lut-U122_0InvLut"/>
					<portRef name="ADR1" instanceRef="Lut-U123_0InvLut"/>
					<portRef name="ADR1" instanceRef="Lut-U124_0InvLut"/>
					<portRef name="ADR1" instanceRef="Lut-U126_0InvLut"/>
					<portRef name="ADR1" instanceRef="Lut-U128_0InvLut"/>
					<portRef name="ADR1" instanceRef="Lut-U133_0InvLut"/>
					<portRef name="ADR1" instanceRef="Lut-U134_0InvLut"/>
				</net>
				<net name="net_Lut-U112_0">
					<portRef name="O" instanceRef="Lut-U112_0"/>
					<portRef name="ADR0" instanceRef="Lut-U112_0InvLut"/>
				</net>
				<net name="net_Lut-U114_0">
					<portRef name="O" instanceRef="Lut-U114_0"/>
					<portRef name="ADR0" instanceRef="Lut-U114_0InvLut"/>
				</net>
				<net name="net_Lut-U115_0">
					<portRef name="O" instanceRef="Lut-U115_0"/>
					<portRef name="ADR0" instanceRef="Lut-U115_0InvLut"/>
				</net>
				<net name="net_Lut-U117_1">
					<portRef name="O" instanceRef="Lut-U117_1"/>
					<portRef name="ADR0" instanceRef="Lut-U117_1InvLut"/>
				</net>
				<net name="net_Lut-U119_0">
					<portRef name="O" instanceRef="Lut-U119_0"/>
					<portRef name="ADR0" instanceRef="Lut-U119_0InvLut"/>
				</net>
				<net name="net_Lut-U120_0">
					<portRef name="O" instanceRef="Lut-U120_0"/>
					<portRef name="ADR0" instanceRef="Lut-U120_0InvLut"/>
				</net>
				<net name="net_Lut-U122_0">
					<portRef name="O" instanceRef="Lut-U122_0"/>
					<portRef name="ADR0" instanceRef="Lut-U122_0InvLut"/>
				</net>
				<net name="net_Lut-U123_0">
					<portRef name="O" instanceRef="Lut-U123_0"/>
					<portRef name="ADR0" instanceRef="Lut-U123_0InvLut"/>
				</net>
				<net name="net_Lut-U124_0">
					<portRef name="O" instanceRef="Lut-U124_0"/>
					<portRef name="ADR0" instanceRef="Lut-U124_0InvLut"/>
				</net>
				<net name="net_Lut-U126_0">
					<portRef name="O" instanceRef="Lut-U126_0"/>
					<portRef name="ADR0" instanceRef="Lut-U126_0InvLut"/>
				</net>
				<net name="net_Lut-U128_0">
					<portRef name="O" instanceRef="Lut-U128_0"/>
					<portRef name="ADR0" instanceRef="Lut-U128_0InvLut"/>
				</net>
				<net name="net_Lut-U133_0">
					<portRef name="O" instanceRef="Lut-U133_0"/>
					<portRef name="ADR0" instanceRef="Lut-U133_0InvLut"/>
				</net>
				<net name="net_Lut-U134_0">
					<portRef name="O" instanceRef="Lut-U134_0"/>
					<portRef name="ADR0" instanceRef="Lut-U134_0InvLut"/>
				</net>
				<net name="net_Buf-pad-clk">
					<portRef name="O" instanceRef="Buf-pad-clk"/>
					<portRef name="I" instanceRef="IBuf-clkpad-clk"/>
				</net>
				<net name="net_U111">
					<portRef name="LOGIC_0_PIN" instanceRef="U111"/>
					<portRef name="I" instanceRef="Buf-pad-col[15]"/>
				</net>
				<net name="net_Lut-U195_0InvLut">
					<portRef name="O" instanceRef="Lut-U195_0InvLut"/>
					<portRef name="D" instanceRef="row_reg[0]"/>
				</net>
				<net name="net_IBuf-clkpad-clk" type="clock">
					<portRef name="O" instanceRef="IBuf-clkpad-clk"/>
					<portRef name="CK" instanceRef="row_reg[0]"/>
					<portRef name="CK" instanceRef="row_reg[1]"/>
					<portRef name="CK" instanceRef="row_reg[2]"/>
					<portRef name="CK" instanceRef="row_reg[3]"/>
					<portRef name="CK" instanceRef="row_reg[4]"/>
					<portRef name="CK" instanceRef="row_reg[5]"/>
					<portRef name="CK" instanceRef="row_reg[6]"/>
					<portRef name="CK" instanceRef="row_reg[7]"/>
					<portRef name="CK" instanceRef="row_reg[8]"/>
					<portRef name="CK" instanceRef="row_reg[9]"/>
					<portRef name="CK" instanceRef="row_reg[10]"/>
					<portRef name="CK" instanceRef="row_reg[11]"/>
					<portRef name="CK" instanceRef="row_reg[12]"/>
					<portRef name="CK" instanceRef="row_reg[13]"/>
					<portRef name="CK" instanceRef="row_reg[14]"/>
					<portRef name="CK" instanceRef="row_reg[15]"/>
					<portRef name="CKN" instanceRef="col_reg[14]"/>
					<portRef name="CKN" instanceRef="col_reg[13]"/>
					<portRef name="CKN" instanceRef="col_reg[12]"/>
					<portRef name="CKN" instanceRef="col_reg[11]"/>
					<portRef name="CKN" instanceRef="col_reg[10]"/>
					<portRef name="CKN" instanceRef="col_reg[9]"/>
					<portRef name="CKN" instanceRef="col_reg[8]"/>
					<portRef name="CKN" instanceRef="col_reg[7]"/>
					<portRef name="CKN" instanceRef="col_reg[6]"/>
					<portRef name="CKN" instanceRef="col_reg[5]"/>
					<portRef name="CKN" instanceRef="col_reg[4]"/>
					<portRef name="CKN" instanceRef="col_reg[3]"/>
					<portRef name="CKN" instanceRef="col_reg[2]"/>
					<portRef name="CKN" instanceRef="col_reg[1]"/>
					<portRef name="CKN" instanceRef="col_reg[0]"/>
				</net>
				<net name="net_Lut-U194_0_0">
					<portRef name="O" instanceRef="Lut-U194_0_0"/>
					<portRef name="D" instanceRef="row_reg[1]"/>
				</net>
				<net name="net_Lut-U193_0_0">
					<portRef name="O" instanceRef="Lut-U193_0_0"/>
					<portRef name="D" instanceRef="row_reg[2]"/>
				</net>
				<net name="net_Lut-U192_0_0">
					<portRef name="O" instanceRef="Lut-U192_0_0"/>
					<portRef name="D" instanceRef="row_reg[3]"/>
				</net>
				<net name="net_Lut-U191_0_0">
					<portRef name="O" instanceRef="Lut-U191_0_0"/>
					<portRef name="D" instanceRef="row_reg[4]"/>
				</net>
				<net name="net_Lut-U190_0_0">
					<portRef name="O" instanceRef="Lut-U190_0_0"/>
					<portRef name="D" instanceRef="row_reg[5]"/>
				</net>
				<net name="net_Lut-U189_0_0">
					<portRef name="O" instanceRef="Lut-U189_0_0"/>
					<portRef name="D" instanceRef="row_reg[6]"/>
				</net>
				<net name="net_Lut-U206_0_0">
					<portRef name="O" instanceRef="Lut-U206_0_0"/>
					<portRef name="D" instanceRef="row_reg[7]"/>
				</net>
				<net name="net_Lut-U205_0_0">
					<portRef name="O" instanceRef="Lut-U205_0_0"/>
					<portRef name="D" instanceRef="row_reg[8]"/>
				</net>
				<net name="net_Lut-U204_0_0">
					<portRef name="O" instanceRef="Lut-U204_0_0"/>
					<portRef name="D" instanceRef="row_reg[9]"/>
				</net>
				<net name="net_Lut-U203_0_0">
					<portRef name="O" instanceRef="Lut-U203_0_0"/>
					<portRef name="D" instanceRef="row_reg[10]"/>
				</net>
				<net name="net_Lut-U202_0_0">
					<portRef name="O" instanceRef="Lut-U202_0_0"/>
					<portRef name="D" instanceRef="row_reg[11]"/>
				</net>
				<net name="net_Lut-U201_0_0">
					<portRef name="O" instanceRef="Lut-U201_0_0"/>
					<portRef name="D" instanceRef="row_reg[12]"/>
				</net>
				<net name="net_Lut-U200_0_0">
					<portRef name="O" instanceRef="Lut-U200_0_0"/>
					<portRef name="D" instanceRef="row_reg[13]"/>
				</net>
				<net name="net_Lut-U198_0_0">
					<portRef name="O" instanceRef="Lut-U198_0_0"/>
					<portRef name="D" instanceRef="row_reg[14]"/>
				</net>
				<net name="net_Lut-U197_0_0">
					<portRef name="O" instanceRef="Lut-U197_0_0"/>
					<portRef name="D" instanceRef="row_reg[15]"/>
				</net>
				<net name="net_Lut-U112_0InvLut">
					<portRef name="O" instanceRef="Lut-U112_0InvLut"/>
					<portRef name="D" instanceRef="col_reg[14]"/>
				</net>
				<net name="net_Lut-U114_0InvLut">
					<portRef name="O" instanceRef="Lut-U114_0InvLut"/>
					<portRef name="D" instanceRef="col_reg[13]"/>
				</net>
				<net name="net_Lut-U115_0InvLut">
					<portRef name="O" instanceRef="Lut-U115_0InvLut"/>
					<portRef name="D" instanceRef="col_reg[12]"/>
				</net>
				<net name="net_Lut-U117_1InvLut">
					<portRef name="O" instanceRef="Lut-U117_1InvLut"/>
					<portRef name="D" instanceRef="col_reg[11]"/>
				</net>
				<net name="net_Lut-U119_0InvLut">
					<portRef name="O" instanceRef="Lut-U119_0InvLut"/>
					<portRef name="D" instanceRef="col_reg[10]"/>
				</net>
				<net name="net_Lut-U120_0InvLut">
					<portRef name="O" instanceRef="Lut-U120_0InvLut"/>
					<portRef name="D" instanceRef="col_reg[9]"/>
				</net>
				<net name="net_Lut-U122_0InvLut">
					<portRef name="O" instanceRef="Lut-U122_0InvLut"/>
					<portRef name="D" instanceRef="col_reg[8]"/>
				</net>
				<net name="net_Lut-U123_0InvLut">
					<portRef name="O" instanceRef="Lut-U123_0InvLut"/>
					<portRef name="D" instanceRef="col_reg[7]"/>
				</net>
				<net name="net_Lut-U124_0InvLut">
					<portRef name="O" instanceRef="Lut-U124_0InvLut"/>
					<portRef name="D" instanceRef="col_reg[6]"/>
				</net>
				<net name="net_Lut-U126_0InvLut">
					<portRef name="O" instanceRef="Lut-U126_0InvLut"/>
					<portRef name="D" instanceRef="col_reg[5]"/>
				</net>
				<net name="net_Lut-U128_0InvLut">
					<portRef name="O" instanceRef="Lut-U128_0InvLut"/>
					<portRef name="D" instanceRef="col_reg[4]"/>
				</net>
				<net name="net_Lut-U132_0">
					<portRef name="O" instanceRef="Lut-U132_0"/>
					<portRef name="D" instanceRef="col_reg[3]"/>
				</net>
				<net name="net_Lut-U133_0InvLut">
					<portRef name="O" instanceRef="Lut-U133_0InvLut"/>
					<portRef name="D" instanceRef="col_reg[2]"/>
				</net>
				<net name="net_Lut-U134_0InvLut">
					<portRef name="O" instanceRef="Lut-U134_0InvLut"/>
					<portRef name="D" instanceRef="col_reg[1]"/>
				</net>
				<net name="net_Lut-U137_0">
					<portRef name="O" instanceRef="Lut-U137_0"/>
					<portRef name="D" instanceRef="col_reg[0]"/>
				</net>
				<net name="row[15]">
					<portRef name="PAD" instanceRef="row[15]_opad"/>
					<portRef name="O" instanceRef="Buf-pad-row[15]"/>
					<portRef name="row[15]"/>
				</net>
				<net name="row[14]">
					<portRef name="PAD" instanceRef="row[14]_opad"/>
					<portRef name="O" instanceRef="Buf-pad-row[14]"/>
					<portRef name="row[14]"/>
				</net>
				<net name="row[13]">
					<portRef name="PAD" instanceRef="row[13]_opad"/>
					<portRef name="O" instanceRef="Buf-pad-row[13]"/>
					<portRef name="row[13]"/>
				</net>
				<net name="row[12]">
					<portRef name="PAD" instanceRef="row[12]_opad"/>
					<portRef name="O" instanceRef="Buf-pad-row[12]"/>
					<portRef name="row[12]"/>
				</net>
				<net name="row[11]">
					<portRef name="PAD" instanceRef="row[11]_opad"/>
					<portRef name="O" instanceRef="Buf-pad-row[11]"/>
					<portRef name="row[11]"/>
				</net>
				<net name="row[10]">
					<portRef name="PAD" instanceRef="row[10]_opad"/>
					<portRef name="O" instanceRef="Buf-pad-row[10]"/>
					<portRef name="row[10]"/>
				</net>
				<net name="row[9]">
					<portRef name="PAD" instanceRef="row[9]_opad"/>
					<portRef name="O" instanceRef="Buf-pad-row[9]"/>
					<portRef name="row[9]"/>
				</net>
				<net name="row[8]">
					<portRef name="PAD" instanceRef="row[8]_opad"/>
					<portRef name="O" instanceRef="Buf-pad-row[8]"/>
					<portRef name="row[8]"/>
				</net>
				<net name="row[7]">
					<portRef name="PAD" instanceRef="row[7]_opad"/>
					<portRef name="O" instanceRef="Buf-pad-row[7]"/>
					<portRef name="row[7]"/>
				</net>
				<net name="row[6]">
					<portRef name="PAD" instanceRef="row[6]_opad"/>
					<portRef name="O" instanceRef="Buf-pad-row[6]"/>
					<portRef name="row[6]"/>
				</net>
				<net name="row[5]">
					<portRef name="PAD" instanceRef="row[5]_opad"/>
					<portRef name="O" instanceRef="Buf-pad-row[5]"/>
					<portRef name="row[5]"/>
				</net>
				<net name="row[4]">
					<portRef name="PAD" instanceRef="row[4]_opad"/>
					<portRef name="O" instanceRef="Buf-pad-row[4]"/>
					<portRef name="row[4]"/>
				</net>
				<net name="row[3]">
					<portRef name="PAD" instanceRef="row[3]_opad"/>
					<portRef name="O" instanceRef="Buf-pad-row[3]"/>
					<portRef name="row[3]"/>
				</net>
				<net name="row[2]">
					<portRef name="PAD" instanceRef="row[2]_opad"/>
					<portRef name="O" instanceRef="Buf-pad-row[2]"/>
					<portRef name="row[2]"/>
				</net>
				<net name="row[1]">
					<portRef name="PAD" instanceRef="row[1]_opad"/>
					<portRef name="O" instanceRef="Buf-pad-row[1]"/>
					<portRef name="row[1]"/>
				</net>
				<net name="row[0]">
					<portRef name="PAD" instanceRef="row[0]_opad"/>
					<portRef name="O" instanceRef="Buf-pad-row[0]"/>
					<portRef name="row[0]"/>
				</net>
				<net name="col[15]">
					<portRef name="PAD" instanceRef="col[15]_opad"/>
					<portRef name="O" instanceRef="Buf-pad-col[15]"/>
					<portRef name="col[15]"/>
				</net>
				<net name="col[14]">
					<portRef name="PAD" instanceRef="col[14]_opad"/>
					<portRef name="O" instanceRef="Buf-pad-col[14]"/>
					<portRef name="col[14]"/>
				</net>
				<net name="col[13]">
					<portRef name="PAD" instanceRef="col[13]_opad"/>
					<portRef name="O" instanceRef="Buf-pad-col[13]"/>
					<portRef name="col[13]"/>
				</net>
				<net name="col[12]">
					<portRef name="PAD" instanceRef="col[12]_opad"/>
					<portRef name="O" instanceRef="Buf-pad-col[12]"/>
					<portRef name="col[12]"/>
				</net>
				<net name="col[11]">
					<portRef name="PAD" instanceRef="col[11]_opad"/>
					<portRef name="O" instanceRef="Buf-pad-col[11]"/>
					<portRef name="col[11]"/>
				</net>
				<net name="col[10]">
					<portRef name="PAD" instanceRef="col[10]_opad"/>
					<portRef name="O" instanceRef="Buf-pad-col[10]"/>
					<portRef name="col[10]"/>
				</net>
				<net name="col[9]">
					<portRef name="PAD" instanceRef="col[9]_opad"/>
					<portRef name="O" instanceRef="Buf-pad-col[9]"/>
					<portRef name="col[9]"/>
				</net>
				<net name="col[8]">
					<portRef name="PAD" instanceRef="col[8]_opad"/>
					<portRef name="O" instanceRef="Buf-pad-col[8]"/>
					<portRef name="col[8]"/>
				</net>
				<net name="col[7]">
					<portRef name="PAD" instanceRef="col[7]_opad"/>
					<portRef name="O" instanceRef="Buf-pad-col[7]"/>
					<portRef name="col[7]"/>
				</net>
				<net name="col[6]">
					<portRef name="PAD" instanceRef="col[6]_opad"/>
					<portRef name="O" instanceRef="Buf-pad-col[6]"/>
					<portRef name="col[6]"/>
				</net>
				<net name="col[5]">
					<portRef name="PAD" instanceRef="col[5]_opad"/>
					<portRef name="O" instanceRef="Buf-pad-col[5]"/>
					<portRef name="col[5]"/>
				</net>
				<net name="col[4]">
					<portRef name="PAD" instanceRef="col[4]_opad"/>
					<portRef name="O" instanceRef="Buf-pad-col[4]"/>
					<portRef name="col[4]"/>
				</net>
				<net name="col[3]">
					<portRef name="PAD" instanceRef="col[3]_opad"/>
					<portRef name="O" instanceRef="Buf-pad-col[3]"/>
					<portRef name="col[3]"/>
				</net>
				<net name="col[2]">
					<portRef name="PAD" instanceRef="col[2]_opad"/>
					<portRef name="O" instanceRef="Buf-pad-col[2]"/>
					<portRef name="col[2]"/>
				</net>
				<net name="col[1]">
					<portRef name="PAD" instanceRef="col[1]_opad"/>
					<portRef name="O" instanceRef="Buf-pad-col[1]"/>
					<portRef name="col[1]"/>
				</net>
				<net name="col[0]">
					<portRef name="PAD" instanceRef="col[0]_opad"/>
					<portRef name="O" instanceRef="Buf-pad-col[0]"/>
					<portRef name="col[0]"/>
				</net>
			</contents>
		</module>
	</library>
	<topModule name="lab7" libraryRef="work_lib"/>
</design>

