<design name="lab3">
	<external name="cell_lib">
		<module name="DFFHQ" type="FFLATCH">
			<property name="edge" value="rise"/>
			<port name="D" direction="input"/>
			<port name="CK" direction="input" type="clock"/>
			<port name="Q" direction="output"/>
		</module>
	</external>
	<library name="work_lib">
		<module name="lab3" type="GENERIC">
			<port name="inputs" msb="31" lsb="0" direction="input"/>
			<port name="outputs" msb="31" lsb="0" direction="output"/>
			<port name="clk" direction="input"/>
			<contents>
				<instance name="outputs_reg[31]" moduleRef="DFFHQ" libraryRef="cell_lib"/>
				<instance name="outputs_reg[30]" moduleRef="DFFHQ" libraryRef="cell_lib"/>
				<instance name="outputs_reg[29]" moduleRef="DFFHQ" libraryRef="cell_lib"/>
				<instance name="outputs_reg[28]" moduleRef="DFFHQ" libraryRef="cell_lib"/>
				<instance name="outputs_reg[27]" moduleRef="DFFHQ" libraryRef="cell_lib"/>
				<instance name="outputs_reg[26]" moduleRef="DFFHQ" libraryRef="cell_lib"/>
				<instance name="outputs_reg[25]" moduleRef="DFFHQ" libraryRef="cell_lib"/>
				<instance name="outputs_reg[24]" moduleRef="DFFHQ" libraryRef="cell_lib"/>
				<instance name="outputs_reg[23]" moduleRef="DFFHQ" libraryRef="cell_lib"/>
				<instance name="outputs_reg[22]" moduleRef="DFFHQ" libraryRef="cell_lib"/>
				<instance name="outputs_reg[21]" moduleRef="DFFHQ" libraryRef="cell_lib"/>
				<instance name="outputs_reg[20]" moduleRef="DFFHQ" libraryRef="cell_lib"/>
				<instance name="outputs_reg[19]" moduleRef="DFFHQ" libraryRef="cell_lib"/>
				<instance name="outputs_reg[18]" moduleRef="DFFHQ" libraryRef="cell_lib"/>
				<instance name="outputs_reg[17]" moduleRef="DFFHQ" libraryRef="cell_lib"/>
				<instance name="outputs_reg[16]" moduleRef="DFFHQ" libraryRef="cell_lib"/>
				<instance name="outputs_reg[15]" moduleRef="DFFHQ" libraryRef="cell_lib"/>
				<instance name="outputs_reg[14]" moduleRef="DFFHQ" libraryRef="cell_lib"/>
				<instance name="outputs_reg[13]" moduleRef="DFFHQ" libraryRef="cell_lib"/>
				<instance name="outputs_reg[12]" moduleRef="DFFHQ" libraryRef="cell_lib"/>
				<instance name="outputs_reg[11]" moduleRef="DFFHQ" libraryRef="cell_lib"/>
				<instance name="outputs_reg[10]" moduleRef="DFFHQ" libraryRef="cell_lib"/>
				<instance name="outputs_reg[9]" moduleRef="DFFHQ" libraryRef="cell_lib"/>
				<instance name="outputs_reg[8]" moduleRef="DFFHQ" libraryRef="cell_lib"/>
				<instance name="outputs_reg[7]" moduleRef="DFFHQ" libraryRef="cell_lib"/>
				<instance name="outputs_reg[6]" moduleRef="DFFHQ" libraryRef="cell_lib"/>
				<instance name="outputs_reg[5]" moduleRef="DFFHQ" libraryRef="cell_lib"/>
				<instance name="outputs_reg[4]" moduleRef="DFFHQ" libraryRef="cell_lib"/>
				<instance name="outputs_reg[3]" moduleRef="DFFHQ" libraryRef="cell_lib"/>
				<instance name="outputs_reg[2]" moduleRef="DFFHQ" libraryRef="cell_lib"/>
				<instance name="outputs_reg[1]" moduleRef="DFFHQ" libraryRef="cell_lib"/>
				<instance name="outputs_reg[0]" moduleRef="DFFHQ" libraryRef="cell_lib"/>
				<net name="inputs[31]">
					<portRef name="inputs[31]"/>
					<portRef name="D" instanceRef="outputs_reg[31]"/>
				</net>
				<net name="inputs[30]">
					<portRef name="inputs[30]"/>
					<portRef name="D" instanceRef="outputs_reg[30]"/>
				</net>
				<net name="inputs[29]">
					<portRef name="inputs[29]"/>
					<portRef name="D" instanceRef="outputs_reg[29]"/>
				</net>
				<net name="inputs[28]">
					<portRef name="inputs[28]"/>
					<portRef name="D" instanceRef="outputs_reg[28]"/>
				</net>
				<net name="inputs[27]">
					<portRef name="inputs[27]"/>
					<portRef name="D" instanceRef="outputs_reg[27]"/>
				</net>
				<net name="inputs[26]">
					<portRef name="inputs[26]"/>
					<portRef name="D" instanceRef="outputs_reg[26]"/>
				</net>
				<net name="inputs[25]">
					<portRef name="inputs[25]"/>
					<portRef name="D" instanceRef="outputs_reg[25]"/>
				</net>
				<net name="inputs[24]">
					<portRef name="inputs[24]"/>
					<portRef name="D" instanceRef="outputs_reg[24]"/>
				</net>
				<net name="inputs[23]">
					<portRef name="inputs[23]"/>
					<portRef name="D" instanceRef="outputs_reg[23]"/>
				</net>
				<net name="inputs[22]">
					<portRef name="inputs[22]"/>
					<portRef name="D" instanceRef="outputs_reg[22]"/>
				</net>
				<net name="inputs[21]">
					<portRef name="inputs[21]"/>
					<portRef name="D" instanceRef="outputs_reg[21]"/>
				</net>
				<net name="inputs[20]">
					<portRef name="inputs[20]"/>
					<portRef name="D" instanceRef="outputs_reg[20]"/>
				</net>
				<net name="inputs[19]">
					<portRef name="inputs[19]"/>
					<portRef name="D" instanceRef="outputs_reg[19]"/>
				</net>
				<net name="inputs[18]">
					<portRef name="inputs[18]"/>
					<portRef name="D" instanceRef="outputs_reg[18]"/>
				</net>
				<net name="inputs[17]">
					<portRef name="inputs[17]"/>
					<portRef name="D" instanceRef="outputs_reg[17]"/>
				</net>
				<net name="inputs[16]">
					<portRef name="inputs[16]"/>
					<portRef name="D" instanceRef="outputs_reg[16]"/>
				</net>
				<net name="inputs[15]">
					<portRef name="inputs[15]"/>
					<portRef name="D" instanceRef="outputs_reg[15]"/>
				</net>
				<net name="inputs[14]">
					<portRef name="inputs[14]"/>
					<portRef name="D" instanceRef="outputs_reg[14]"/>
				</net>
				<net name="inputs[13]">
					<portRef name="inputs[13]"/>
					<portRef name="D" instanceRef="outputs_reg[13]"/>
				</net>
				<net name="inputs[12]">
					<portRef name="inputs[12]"/>
					<portRef name="D" instanceRef="outputs_reg[12]"/>
				</net>
				<net name="inputs[11]">
					<portRef name="inputs[11]"/>
					<portRef name="D" instanceRef="outputs_reg[11]"/>
				</net>
				<net name="inputs[10]">
					<portRef name="inputs[10]"/>
					<portRef name="D" instanceRef="outputs_reg[10]"/>
				</net>
				<net name="inputs[9]">
					<portRef name="inputs[9]"/>
					<portRef name="D" instanceRef="outputs_reg[9]"/>
				</net>
				<net name="inputs[8]">
					<portRef name="inputs[8]"/>
					<portRef name="D" instanceRef="outputs_reg[8]"/>
				</net>
				<net name="inputs[7]">
					<portRef name="inputs[7]"/>
					<portRef name="D" instanceRef="outputs_reg[7]"/>
				</net>
				<net name="inputs[6]">
					<portRef name="inputs[6]"/>
					<portRef name="D" instanceRef="outputs_reg[6]"/>
				</net>
				<net name="inputs[5]">
					<portRef name="inputs[5]"/>
					<portRef name="D" instanceRef="outputs_reg[5]"/>
				</net>
				<net name="inputs[4]">
					<portRef name="inputs[4]"/>
					<portRef name="D" instanceRef="outputs_reg[4]"/>
				</net>
				<net name="inputs[3]">
					<portRef name="inputs[3]"/>
					<portRef name="D" instanceRef="outputs_reg[3]"/>
				</net>
				<net name="inputs[2]">
					<portRef name="inputs[2]"/>
					<portRef name="D" instanceRef="outputs_reg[2]"/>
				</net>
				<net name="inputs[1]">
					<portRef name="inputs[1]"/>
					<portRef name="D" instanceRef="outputs_reg[1]"/>
				</net>
				<net name="inputs[0]">
					<portRef name="inputs[0]"/>
					<portRef name="D" instanceRef="outputs_reg[0]"/>
				</net>
				<net name="outputs[31]">
					<portRef name="Q" instanceRef="outputs_reg[31]"/>
					<portRef name="outputs[31]"/>
				</net>
				<net name="outputs[30]">
					<portRef name="Q" instanceRef="outputs_reg[30]"/>
					<portRef name="outputs[30]"/>
				</net>
				<net name="outputs[29]">
					<portRef name="Q" instanceRef="outputs_reg[29]"/>
					<portRef name="outputs[29]"/>
				</net>
				<net name="outputs[28]">
					<portRef name="Q" instanceRef="outputs_reg[28]"/>
					<portRef name="outputs[28]"/>
				</net>
				<net name="outputs[27]">
					<portRef name="Q" instanceRef="outputs_reg[27]"/>
					<portRef name="outputs[27]"/>
				</net>
				<net name="outputs[26]">
					<portRef name="Q" instanceRef="outputs_reg[26]"/>
					<portRef name="outputs[26]"/>
				</net>
				<net name="outputs[25]">
					<portRef name="Q" instanceRef="outputs_reg[25]"/>
					<portRef name="outputs[25]"/>
				</net>
				<net name="outputs[24]">
					<portRef name="Q" instanceRef="outputs_reg[24]"/>
					<portRef name="outputs[24]"/>
				</net>
				<net name="outputs[23]">
					<portRef name="Q" instanceRef="outputs_reg[23]"/>
					<portRef name="outputs[23]"/>
				</net>
				<net name="outputs[22]">
					<portRef name="Q" instanceRef="outputs_reg[22]"/>
					<portRef name="outputs[22]"/>
				</net>
				<net name="outputs[21]">
					<portRef name="Q" instanceRef="outputs_reg[21]"/>
					<portRef name="outputs[21]"/>
				</net>
				<net name="outputs[20]">
					<portRef name="Q" instanceRef="outputs_reg[20]"/>
					<portRef name="outputs[20]"/>
				</net>
				<net name="outputs[19]">
					<portRef name="Q" instanceRef="outputs_reg[19]"/>
					<portRef name="outputs[19]"/>
				</net>
				<net name="outputs[18]">
					<portRef name="Q" instanceRef="outputs_reg[18]"/>
					<portRef name="outputs[18]"/>
				</net>
				<net name="outputs[17]">
					<portRef name="Q" instanceRef="outputs_reg[17]"/>
					<portRef name="outputs[17]"/>
				</net>
				<net name="outputs[16]">
					<portRef name="Q" instanceRef="outputs_reg[16]"/>
					<portRef name="outputs[16]"/>
				</net>
				<net name="outputs[15]">
					<portRef name="Q" instanceRef="outputs_reg[15]"/>
					<portRef name="outputs[15]"/>
				</net>
				<net name="outputs[14]">
					<portRef name="Q" instanceRef="outputs_reg[14]"/>
					<portRef name="outputs[14]"/>
				</net>
				<net name="outputs[13]">
					<portRef name="Q" instanceRef="outputs_reg[13]"/>
					<portRef name="outputs[13]"/>
				</net>
				<net name="outputs[12]">
					<portRef name="Q" instanceRef="outputs_reg[12]"/>
					<portRef name="outputs[12]"/>
				</net>
				<net name="outputs[11]">
					<portRef name="Q" instanceRef="outputs_reg[11]"/>
					<portRef name="outputs[11]"/>
				</net>
				<net name="outputs[10]">
					<portRef name="Q" instanceRef="outputs_reg[10]"/>
					<portRef name="outputs[10]"/>
				</net>
				<net name="outputs[9]">
					<portRef name="Q" instanceRef="outputs_reg[9]"/>
					<portRef name="outputs[9]"/>
				</net>
				<net name="outputs[8]">
					<portRef name="Q" instanceRef="outputs_reg[8]"/>
					<portRef name="outputs[8]"/>
				</net>
				<net name="outputs[7]">
					<portRef name="Q" instanceRef="outputs_reg[7]"/>
					<portRef name="outputs[7]"/>
				</net>
				<net name="outputs[6]">
					<portRef name="Q" instanceRef="outputs_reg[6]"/>
					<portRef name="outputs[6]"/>
				</net>
				<net name="outputs[5]">
					<portRef name="Q" instanceRef="outputs_reg[5]"/>
					<portRef name="outputs[5]"/>
				</net>
				<net name="outputs[4]">
					<portRef name="Q" instanceRef="outputs_reg[4]"/>
					<portRef name="outputs[4]"/>
				</net>
				<net name="outputs[3]">
					<portRef name="Q" instanceRef="outputs_reg[3]"/>
					<portRef name="outputs[3]"/>
				</net>
				<net name="outputs[2]">
					<portRef name="Q" instanceRef="outputs_reg[2]"/>
					<portRef name="outputs[2]"/>
				</net>
				<net name="outputs[1]">
					<portRef name="Q" instanceRef="outputs_reg[1]"/>
					<portRef name="outputs[1]"/>
				</net>
				<net name="outputs[0]">
					<portRef name="Q" instanceRef="outputs_reg[0]"/>
					<portRef name="outputs[0]"/>
				</net>
				<net name="clk">
					<portRef name="clk"/>
					<portRef name="CK" instanceRef="outputs_reg[31]"/>
					<portRef name="CK" instanceRef="outputs_reg[30]"/>
					<portRef name="CK" instanceRef="outputs_reg[29]"/>
					<portRef name="CK" instanceRef="outputs_reg[28]"/>
					<portRef name="CK" instanceRef="outputs_reg[27]"/>
					<portRef name="CK" instanceRef="outputs_reg[26]"/>
					<portRef name="CK" instanceRef="outputs_reg[25]"/>
					<portRef name="CK" instanceRef="outputs_reg[24]"/>
					<portRef name="CK" instanceRef="outputs_reg[23]"/>
					<portRef name="CK" instanceRef="outputs_reg[22]"/>
					<portRef name="CK" instanceRef="outputs_reg[21]"/>
					<portRef name="CK" instanceRef="outputs_reg[20]"/>
					<portRef name="CK" instanceRef="outputs_reg[19]"/>
					<portRef name="CK" instanceRef="outputs_reg[18]"/>
					<portRef name="CK" instanceRef="outputs_reg[17]"/>
					<portRef name="CK" instanceRef="outputs_reg[16]"/>
					<portRef name="CK" instanceRef="outputs_reg[15]"/>
					<portRef name="CK" instanceRef="outputs_reg[14]"/>
					<portRef name="CK" instanceRef="outputs_reg[13]"/>
					<portRef name="CK" instanceRef="outputs_reg[12]"/>
					<portRef name="CK" instanceRef="outputs_reg[11]"/>
					<portRef name="CK" instanceRef="outputs_reg[10]"/>
					<portRef name="CK" instanceRef="outputs_reg[9]"/>
					<portRef name="CK" instanceRef="outputs_reg[8]"/>
					<portRef name="CK" instanceRef="outputs_reg[7]"/>
					<portRef name="CK" instanceRef="outputs_reg[6]"/>
					<portRef name="CK" instanceRef="outputs_reg[5]"/>
					<portRef name="CK" instanceRef="outputs_reg[4]"/>
					<portRef name="CK" instanceRef="outputs_reg[3]"/>
					<portRef name="CK" instanceRef="outputs_reg[2]"/>
					<portRef name="CK" instanceRef="outputs_reg[1]"/>
					<portRef name="CK" instanceRef="outputs_reg[0]"/>
				</net>
			</contents>
		</module>
	</library>
	<topModule name="lab3" libraryRef="work_lib"/>
</design>

