<design name="lab3">
 <port name="inputs[0]" position="P151"/>
 <port name="inputs[1]" position="P148"/>
 <port name="inputs[2]" position="P150"/>
 <port name="inputs[3]" position="P152"/>
 <port name="inputs[4]" position="P160"/>
 <port name="inputs[5]" position="P161"/>
 <port name="inputs[6]" position="P162"/>
 <port name="inputs[7]" position="P163"/>
 <port name="inputs[8]" position="P164"/>
 <port name="inputs[9]" position="P165"/>
 <port name="inputs[10]" position="P166"/>
 <port name="inputs[11]" position="P169"/>
 <port name="inputs[12]" position="P173"/>
 <port name="inputs[13]" position="P174"/>
 <port name="inputs[14]" position="P175"/>
 <port name="inputs[15]" position="P191"/>
 <port name="inputs[16]" position="P120"/>
 <port name="inputs[17]" position="P116"/>
 <port name="inputs[18]" position="P115"/>
 <port name="inputs[19]" position="P114"/>
 <port name="inputs[20]" position="P113"/>
 <port name="inputs[21]" position="P112"/>
 <port name="inputs[22]" position="P111"/>
 <port name="inputs[23]" position="P108"/>
 <port name="inputs[24]" position="P102"/>
 <port name="inputs[25]" position="P101"/>
 <port name="inputs[26]" position="P100"/>
 <port name="inputs[27]" position="P97"/>
 <port name="inputs[28]" position="P96"/>
 <port name="inputs[29]" position="P95"/>
 <port name="inputs[30]" position="P89"/>
 <port name="inputs[31]" position="P88"/>
 <port name="outputs[0]" position="P7"/>
 <port name="outputs[1]" position="P6"/>
 <port name="outputs[2]" position="P5"/>
 <port name="outputs[3]" position="P4"/>
 <port name="outputs[4]" position="P9"/>
 <port name="outputs[5]" position="P8"/>
 <port name="outputs[6]" position="P16"/>
 <port name="outputs[7]" position="P15"/>
 <port name="outputs[8]" position="P11"/>
 <port name="outputs[9]" position="P10"/>
 <port name="outputs[10]" position="P20"/>
 <port name="outputs[11]" position="P18"/>
 <port name="outputs[12]" position="P17"/>
 <port name="outputs[13]" position="P22"/>
 <port name="outputs[14]" position="P21"/>
 <port name="outputs[15]" position="P23"/>
 <port name="outputs[16]" position="P44"/>
 <port name="outputs[17]" position="P45"/>
 <port name="outputs[18]" position="P46"/>
 <port name="outputs[19]" position="P43"/>
 <port name="outputs[20]" position="P40"/>
 <port name="outputs[21]" position="P41"/>
 <port name="outputs[22]" position="P42"/>
 <port name="outputs[23]" position="P33"/>
 <port name="outputs[24]" position="P34"/>
 <port name="outputs[25]" position="P35"/>
 <port name="outputs[26]" position="P36"/>
 <port name="outputs[27]" position="P30"/>
 <port name="outputs[28]" position="P31"/>
 <port name="outputs[29]" position="P24"/>
 <port name="outputs[30]" position="P27"/>
 <port name="outputs[31]" position="P29"/>
 <port name="clk" position="P77"/>

</design>