<design name="lab3">
	<external name="cell_lib">
		<module name="IPAD" type="MACRO">
			<port name="PAD" direction="input"/>
		</module>
		<module name="LOGIC_1" type="MACRO">
			<property name="truthtable" value="|1"/>
			<port name="LOGIC_1_PIN" direction="output"/>
		</module>
		<module name="LOGIC_0" type="MACRO">
			<property name="truthtable" value="|0"/>
			<port name="LOGIC_0_PIN" direction="output"/>
		</module>
		<module name="IBUF" type="COMB">
			<property name="truthtable" value="1"/>
			<port name="I" direction="input"/>
			<port name="O" direction="output"/>
		</module>
		<module name="CLKBUF" type="COMB">
			<property name="truthtable" value="1"/>
			<port name="I" direction="input"/>
			<port name="O" direction="output"/>
		</module>
		<module name="OBUF" type="COMB">
			<property name="truthtable" value="1"/>
			<port name="I" direction="input"/>
			<port name="O" direction="output"/>
		</module>
		<module name="DFFHQ" type="FFLATCH">
			<property name="edge" value="rise"/>
			<port name="D" direction="input"/>
			<port name="CK" direction="input" type="clock"/>
			<port name="Q" direction="output"/>
		</module>
		<module name="OPAD" type="MACRO">
			<port name="PAD" direction="output"/>
		</module>
	</external>
	<library name="work_lib">
		<module name="lab3">
			<port name="inputs" msb="31" lsb="0" direction="input"/>
			<port name="clk" direction="input"/>
			<port name="outputs" msb="31" lsb="0" direction="output"/>
			<contents>
				<instance name="inputs[31]_ipad" moduleRef="IPAD" libraryRef="cell_lib"/>
				<instance name="inputs[30]_ipad" moduleRef="IPAD" libraryRef="cell_lib"/>
				<instance name="inputs[29]_ipad" moduleRef="IPAD" libraryRef="cell_lib"/>
				<instance name="inputs[28]_ipad" moduleRef="IPAD" libraryRef="cell_lib"/>
				<instance name="inputs[27]_ipad" moduleRef="IPAD" libraryRef="cell_lib"/>
				<instance name="inputs[26]_ipad" moduleRef="IPAD" libraryRef="cell_lib"/>
				<instance name="inputs[25]_ipad" moduleRef="IPAD" libraryRef="cell_lib"/>
				<instance name="inputs[24]_ipad" moduleRef="IPAD" libraryRef="cell_lib"/>
				<instance name="inputs[23]_ipad" moduleRef="IPAD" libraryRef="cell_lib"/>
				<instance name="inputs[22]_ipad" moduleRef="IPAD" libraryRef="cell_lib"/>
				<instance name="inputs[21]_ipad" moduleRef="IPAD" libraryRef="cell_lib"/>
				<instance name="inputs[20]_ipad" moduleRef="IPAD" libraryRef="cell_lib"/>
				<instance name="inputs[19]_ipad" moduleRef="IPAD" libraryRef="cell_lib"/>
				<instance name="inputs[18]_ipad" moduleRef="IPAD" libraryRef="cell_lib"/>
				<instance name="inputs[17]_ipad" moduleRef="IPAD" libraryRef="cell_lib"/>
				<instance name="inputs[16]_ipad" moduleRef="IPAD" libraryRef="cell_lib"/>
				<instance name="inputs[15]_ipad" moduleRef="IPAD" libraryRef="cell_lib"/>
				<instance name="inputs[14]_ipad" moduleRef="IPAD" libraryRef="cell_lib"/>
				<instance name="inputs[13]_ipad" moduleRef="IPAD" libraryRef="cell_lib"/>
				<instance name="inputs[12]_ipad" moduleRef="IPAD" libraryRef="cell_lib"/>
				<instance name="inputs[11]_ipad" moduleRef="IPAD" libraryRef="cell_lib"/>
				<instance name="inputs[10]_ipad" moduleRef="IPAD" libraryRef="cell_lib"/>
				<instance name="inputs[9]_ipad" moduleRef="IPAD" libraryRef="cell_lib"/>
				<instance name="inputs[8]_ipad" moduleRef="IPAD" libraryRef="cell_lib"/>
				<instance name="inputs[7]_ipad" moduleRef="IPAD" libraryRef="cell_lib"/>
				<instance name="inputs[6]_ipad" moduleRef="IPAD" libraryRef="cell_lib"/>
				<instance name="inputs[5]_ipad" moduleRef="IPAD" libraryRef="cell_lib"/>
				<instance name="inputs[4]_ipad" moduleRef="IPAD" libraryRef="cell_lib"/>
				<instance name="inputs[3]_ipad" moduleRef="IPAD" libraryRef="cell_lib"/>
				<instance name="inputs[2]_ipad" moduleRef="IPAD" libraryRef="cell_lib"/>
				<instance name="inputs[1]_ipad" moduleRef="IPAD" libraryRef="cell_lib"/>
				<instance name="inputs[0]_ipad" moduleRef="IPAD" libraryRef="cell_lib"/>
				<instance name="clk_ipad" moduleRef="IPAD" libraryRef="cell_lib"/>
				<instance name="VCC" moduleRef="LOGIC_1" libraryRef="cell_lib"/>
				<instance name="GND" moduleRef="LOGIC_0" libraryRef="cell_lib"/>
				<instance name="Buf-pad-inputs[31]" moduleRef="IBUF" libraryRef="cell_lib"/>
				<instance name="Buf-pad-inputs[30]" moduleRef="IBUF" libraryRef="cell_lib"/>
				<instance name="Buf-pad-inputs[29]" moduleRef="IBUF" libraryRef="cell_lib"/>
				<instance name="Buf-pad-inputs[28]" moduleRef="IBUF" libraryRef="cell_lib"/>
				<instance name="Buf-pad-inputs[27]" moduleRef="IBUF" libraryRef="cell_lib"/>
				<instance name="Buf-pad-inputs[26]" moduleRef="IBUF" libraryRef="cell_lib"/>
				<instance name="Buf-pad-inputs[25]" moduleRef="IBUF" libraryRef="cell_lib"/>
				<instance name="Buf-pad-inputs[24]" moduleRef="IBUF" libraryRef="cell_lib"/>
				<instance name="Buf-pad-inputs[23]" moduleRef="IBUF" libraryRef="cell_lib"/>
				<instance name="Buf-pad-inputs[22]" moduleRef="IBUF" libraryRef="cell_lib"/>
				<instance name="Buf-pad-inputs[21]" moduleRef="IBUF" libraryRef="cell_lib"/>
				<instance name="Buf-pad-inputs[20]" moduleRef="IBUF" libraryRef="cell_lib"/>
				<instance name="Buf-pad-inputs[19]" moduleRef="IBUF" libraryRef="cell_lib"/>
				<instance name="Buf-pad-inputs[18]" moduleRef="IBUF" libraryRef="cell_lib"/>
				<instance name="Buf-pad-inputs[17]" moduleRef="IBUF" libraryRef="cell_lib"/>
				<instance name="Buf-pad-inputs[16]" moduleRef="IBUF" libraryRef="cell_lib"/>
				<instance name="Buf-pad-inputs[15]" moduleRef="IBUF" libraryRef="cell_lib"/>
				<instance name="Buf-pad-inputs[14]" moduleRef="IBUF" libraryRef="cell_lib"/>
				<instance name="Buf-pad-inputs[13]" moduleRef="IBUF" libraryRef="cell_lib"/>
				<instance name="Buf-pad-inputs[12]" moduleRef="IBUF" libraryRef="cell_lib"/>
				<instance name="Buf-pad-inputs[11]" moduleRef="IBUF" libraryRef="cell_lib"/>
				<instance name="Buf-pad-inputs[10]" moduleRef="IBUF" libraryRef="cell_lib"/>
				<instance name="Buf-pad-inputs[9]" moduleRef="IBUF" libraryRef="cell_lib"/>
				<instance name="Buf-pad-inputs[8]" moduleRef="IBUF" libraryRef="cell_lib"/>
				<instance name="Buf-pad-inputs[7]" moduleRef="IBUF" libraryRef="cell_lib"/>
				<instance name="Buf-pad-inputs[6]" moduleRef="IBUF" libraryRef="cell_lib"/>
				<instance name="Buf-pad-inputs[5]" moduleRef="IBUF" libraryRef="cell_lib"/>
				<instance name="Buf-pad-inputs[4]" moduleRef="IBUF" libraryRef="cell_lib"/>
				<instance name="Buf-pad-inputs[3]" moduleRef="IBUF" libraryRef="cell_lib"/>
				<instance name="Buf-pad-inputs[2]" moduleRef="IBUF" libraryRef="cell_lib"/>
				<instance name="Buf-pad-inputs[1]" moduleRef="IBUF" libraryRef="cell_lib"/>
				<instance name="Buf-pad-inputs[0]" moduleRef="IBUF" libraryRef="cell_lib"/>
				<instance name="Buf-pad-clk" moduleRef="CLKBUF" libraryRef="cell_lib"/>
				<instance name="IBuf-clkpad-clk" moduleRef="CLKBUF" libraryRef="cell_lib"/>
				<instance name="Buf-pad-outputs[31]" moduleRef="OBUF" libraryRef="cell_lib"/>
				<instance name="Buf-pad-outputs[30]" moduleRef="OBUF" libraryRef="cell_lib"/>
				<instance name="Buf-pad-outputs[29]" moduleRef="OBUF" libraryRef="cell_lib"/>
				<instance name="Buf-pad-outputs[28]" moduleRef="OBUF" libraryRef="cell_lib"/>
				<instance name="Buf-pad-outputs[27]" moduleRef="OBUF" libraryRef="cell_lib"/>
				<instance name="Buf-pad-outputs[26]" moduleRef="OBUF" libraryRef="cell_lib"/>
				<instance name="Buf-pad-outputs[25]" moduleRef="OBUF" libraryRef="cell_lib"/>
				<instance name="Buf-pad-outputs[24]" moduleRef="OBUF" libraryRef="cell_lib"/>
				<instance name="Buf-pad-outputs[23]" moduleRef="OBUF" libraryRef="cell_lib"/>
				<instance name="Buf-pad-outputs[22]" moduleRef="OBUF" libraryRef="cell_lib"/>
				<instance name="Buf-pad-outputs[21]" moduleRef="OBUF" libraryRef="cell_lib"/>
				<instance name="Buf-pad-outputs[20]" moduleRef="OBUF" libraryRef="cell_lib"/>
				<instance name="Buf-pad-outputs[19]" moduleRef="OBUF" libraryRef="cell_lib"/>
				<instance name="Buf-pad-outputs[18]" moduleRef="OBUF" libraryRef="cell_lib"/>
				<instance name="Buf-pad-outputs[17]" moduleRef="OBUF" libraryRef="cell_lib"/>
				<instance name="Buf-pad-outputs[16]" moduleRef="OBUF" libraryRef="cell_lib"/>
				<instance name="Buf-pad-outputs[15]" moduleRef="OBUF" libraryRef="cell_lib"/>
				<instance name="Buf-pad-outputs[14]" moduleRef="OBUF" libraryRef="cell_lib"/>
				<instance name="Buf-pad-outputs[13]" moduleRef="OBUF" libraryRef="cell_lib"/>
				<instance name="Buf-pad-outputs[12]" moduleRef="OBUF" libraryRef="cell_lib"/>
				<instance name="Buf-pad-outputs[11]" moduleRef="OBUF" libraryRef="cell_lib"/>
				<instance name="Buf-pad-outputs[10]" moduleRef="OBUF" libraryRef="cell_lib"/>
				<instance name="Buf-pad-outputs[9]" moduleRef="OBUF" libraryRef="cell_lib"/>
				<instance name="Buf-pad-outputs[8]" moduleRef="OBUF" libraryRef="cell_lib"/>
				<instance name="Buf-pad-outputs[7]" moduleRef="OBUF" libraryRef="cell_lib"/>
				<instance name="Buf-pad-outputs[6]" moduleRef="OBUF" libraryRef="cell_lib"/>
				<instance name="Buf-pad-outputs[5]" moduleRef="OBUF" libraryRef="cell_lib"/>
				<instance name="Buf-pad-outputs[4]" moduleRef="OBUF" libraryRef="cell_lib"/>
				<instance name="Buf-pad-outputs[3]" moduleRef="OBUF" libraryRef="cell_lib"/>
				<instance name="Buf-pad-outputs[2]" moduleRef="OBUF" libraryRef="cell_lib"/>
				<instance name="Buf-pad-outputs[1]" moduleRef="OBUF" libraryRef="cell_lib"/>
				<instance name="Buf-pad-outputs[0]" moduleRef="OBUF" libraryRef="cell_lib"/>
				<instance name="outputs_reg[31]" moduleRef="DFFHQ" libraryRef="cell_lib"/>
				<instance name="outputs_reg[30]" moduleRef="DFFHQ" libraryRef="cell_lib"/>
				<instance name="outputs_reg[29]" moduleRef="DFFHQ" libraryRef="cell_lib"/>
				<instance name="outputs_reg[28]" moduleRef="DFFHQ" libraryRef="cell_lib"/>
				<instance name="outputs_reg[27]" moduleRef="DFFHQ" libraryRef="cell_lib"/>
				<instance name="outputs_reg[26]" moduleRef="DFFHQ" libraryRef="cell_lib"/>
				<instance name="outputs_reg[25]" moduleRef="DFFHQ" libraryRef="cell_lib"/>
				<instance name="outputs_reg[24]" moduleRef="DFFHQ" libraryRef="cell_lib"/>
				<instance name="outputs_reg[23]" moduleRef="DFFHQ" libraryRef="cell_lib"/>
				<instance name="outputs_reg[22]" moduleRef="DFFHQ" libraryRef="cell_lib"/>
				<instance name="outputs_reg[21]" moduleRef="DFFHQ" libraryRef="cell_lib"/>
				<instance name="outputs_reg[20]" moduleRef="DFFHQ" libraryRef="cell_lib"/>
				<instance name="outputs_reg[19]" moduleRef="DFFHQ" libraryRef="cell_lib"/>
				<instance name="outputs_reg[18]" moduleRef="DFFHQ" libraryRef="cell_lib"/>
				<instance name="outputs_reg[17]" moduleRef="DFFHQ" libraryRef="cell_lib"/>
				<instance name="outputs_reg[16]" moduleRef="DFFHQ" libraryRef="cell_lib"/>
				<instance name="outputs_reg[15]" moduleRef="DFFHQ" libraryRef="cell_lib"/>
				<instance name="outputs_reg[14]" moduleRef="DFFHQ" libraryRef="cell_lib"/>
				<instance name="outputs_reg[13]" moduleRef="DFFHQ" libraryRef="cell_lib"/>
				<instance name="outputs_reg[12]" moduleRef="DFFHQ" libraryRef="cell_lib"/>
				<instance name="outputs_reg[11]" moduleRef="DFFHQ" libraryRef="cell_lib"/>
				<instance name="outputs_reg[10]" moduleRef="DFFHQ" libraryRef="cell_lib"/>
				<instance name="outputs_reg[9]" moduleRef="DFFHQ" libraryRef="cell_lib"/>
				<instance name="outputs_reg[8]" moduleRef="DFFHQ" libraryRef="cell_lib"/>
				<instance name="outputs_reg[7]" moduleRef="DFFHQ" libraryRef="cell_lib"/>
				<instance name="outputs_reg[6]" moduleRef="DFFHQ" libraryRef="cell_lib"/>
				<instance name="outputs_reg[5]" moduleRef="DFFHQ" libraryRef="cell_lib"/>
				<instance name="outputs_reg[4]" moduleRef="DFFHQ" libraryRef="cell_lib"/>
				<instance name="outputs_reg[3]" moduleRef="DFFHQ" libraryRef="cell_lib"/>
				<instance name="outputs_reg[2]" moduleRef="DFFHQ" libraryRef="cell_lib"/>
				<instance name="outputs_reg[1]" moduleRef="DFFHQ" libraryRef="cell_lib"/>
				<instance name="outputs_reg[0]" moduleRef="DFFHQ" libraryRef="cell_lib"/>
				<instance name="outputs[31]_opad" moduleRef="OPAD" libraryRef="cell_lib"/>
				<instance name="outputs[30]_opad" moduleRef="OPAD" libraryRef="cell_lib"/>
				<instance name="outputs[29]_opad" moduleRef="OPAD" libraryRef="cell_lib"/>
				<instance name="outputs[28]_opad" moduleRef="OPAD" libraryRef="cell_lib"/>
				<instance name="outputs[27]_opad" moduleRef="OPAD" libraryRef="cell_lib"/>
				<instance name="outputs[26]_opad" moduleRef="OPAD" libraryRef="cell_lib"/>
				<instance name="outputs[25]_opad" moduleRef="OPAD" libraryRef="cell_lib"/>
				<instance name="outputs[24]_opad" moduleRef="OPAD" libraryRef="cell_lib"/>
				<instance name="outputs[23]_opad" moduleRef="OPAD" libraryRef="cell_lib"/>
				<instance name="outputs[22]_opad" moduleRef="OPAD" libraryRef="cell_lib"/>
				<instance name="outputs[21]_opad" moduleRef="OPAD" libraryRef="cell_lib"/>
				<instance name="outputs[20]_opad" moduleRef="OPAD" libraryRef="cell_lib"/>
				<instance name="outputs[19]_opad" moduleRef="OPAD" libraryRef="cell_lib"/>
				<instance name="outputs[18]_opad" moduleRef="OPAD" libraryRef="cell_lib"/>
				<instance name="outputs[17]_opad" moduleRef="OPAD" libraryRef="cell_lib"/>
				<instance name="outputs[16]_opad" moduleRef="OPAD" libraryRef="cell_lib"/>
				<instance name="outputs[15]_opad" moduleRef="OPAD" libraryRef="cell_lib"/>
				<instance name="outputs[14]_opad" moduleRef="OPAD" libraryRef="cell_lib"/>
				<instance name="outputs[13]_opad" moduleRef="OPAD" libraryRef="cell_lib"/>
				<instance name="outputs[12]_opad" moduleRef="OPAD" libraryRef="cell_lib"/>
				<instance name="outputs[11]_opad" moduleRef="OPAD" libraryRef="cell_lib"/>
				<instance name="outputs[10]_opad" moduleRef="OPAD" libraryRef="cell_lib"/>
				<instance name="outputs[9]_opad" moduleRef="OPAD" libraryRef="cell_lib"/>
				<instance name="outputs[8]_opad" moduleRef="OPAD" libraryRef="cell_lib"/>
				<instance name="outputs[7]_opad" moduleRef="OPAD" libraryRef="cell_lib"/>
				<instance name="outputs[6]_opad" moduleRef="OPAD" libraryRef="cell_lib"/>
				<instance name="outputs[5]_opad" moduleRef="OPAD" libraryRef="cell_lib"/>
				<instance name="outputs[4]_opad" moduleRef="OPAD" libraryRef="cell_lib"/>
				<instance name="outputs[3]_opad" moduleRef="OPAD" libraryRef="cell_lib"/>
				<instance name="outputs[2]_opad" moduleRef="OPAD" libraryRef="cell_lib"/>
				<instance name="outputs[1]_opad" moduleRef="OPAD" libraryRef="cell_lib"/>
				<instance name="outputs[0]_opad" moduleRef="OPAD" libraryRef="cell_lib"/>
				<net name="inputs[31]">
					<portRef name="inputs[31]"/>
					<portRef name="PAD" instanceRef="inputs[31]_ipad"/>
					<portRef name="I" instanceRef="Buf-pad-inputs[31]"/>
				</net>
				<net name="inputs[30]">
					<portRef name="inputs[30]"/>
					<portRef name="PAD" instanceRef="inputs[30]_ipad"/>
					<portRef name="I" instanceRef="Buf-pad-inputs[30]"/>
				</net>
				<net name="inputs[29]">
					<portRef name="inputs[29]"/>
					<portRef name="PAD" instanceRef="inputs[29]_ipad"/>
					<portRef name="I" instanceRef="Buf-pad-inputs[29]"/>
				</net>
				<net name="inputs[28]">
					<portRef name="inputs[28]"/>
					<portRef name="PAD" instanceRef="inputs[28]_ipad"/>
					<portRef name="I" instanceRef="Buf-pad-inputs[28]"/>
				</net>
				<net name="inputs[27]">
					<portRef name="inputs[27]"/>
					<portRef name="PAD" instanceRef="inputs[27]_ipad"/>
					<portRef name="I" instanceRef="Buf-pad-inputs[27]"/>
				</net>
				<net name="inputs[26]">
					<portRef name="inputs[26]"/>
					<portRef name="PAD" instanceRef="inputs[26]_ipad"/>
					<portRef name="I" instanceRef="Buf-pad-inputs[26]"/>
				</net>
				<net name="inputs[25]">
					<portRef name="inputs[25]"/>
					<portRef name="PAD" instanceRef="inputs[25]_ipad"/>
					<portRef name="I" instanceRef="Buf-pad-inputs[25]"/>
				</net>
				<net name="inputs[24]">
					<portRef name="inputs[24]"/>
					<portRef name="PAD" instanceRef="inputs[24]_ipad"/>
					<portRef name="I" instanceRef="Buf-pad-inputs[24]"/>
				</net>
				<net name="inputs[23]">
					<portRef name="inputs[23]"/>
					<portRef name="PAD" instanceRef="inputs[23]_ipad"/>
					<portRef name="I" instanceRef="Buf-pad-inputs[23]"/>
				</net>
				<net name="inputs[22]">
					<portRef name="inputs[22]"/>
					<portRef name="PAD" instanceRef="inputs[22]_ipad"/>
					<portRef name="I" instanceRef="Buf-pad-inputs[22]"/>
				</net>
				<net name="inputs[21]">
					<portRef name="inputs[21]"/>
					<portRef name="PAD" instanceRef="inputs[21]_ipad"/>
					<portRef name="I" instanceRef="Buf-pad-inputs[21]"/>
				</net>
				<net name="inputs[20]">
					<portRef name="inputs[20]"/>
					<portRef name="PAD" instanceRef="inputs[20]_ipad"/>
					<portRef name="I" instanceRef="Buf-pad-inputs[20]"/>
				</net>
				<net name="inputs[19]">
					<portRef name="inputs[19]"/>
					<portRef name="PAD" instanceRef="inputs[19]_ipad"/>
					<portRef name="I" instanceRef="Buf-pad-inputs[19]"/>
				</net>
				<net name="inputs[18]">
					<portRef name="inputs[18]"/>
					<portRef name="PAD" instanceRef="inputs[18]_ipad"/>
					<portRef name="I" instanceRef="Buf-pad-inputs[18]"/>
				</net>
				<net name="inputs[17]">
					<portRef name="inputs[17]"/>
					<portRef name="PAD" instanceRef="inputs[17]_ipad"/>
					<portRef name="I" instanceRef="Buf-pad-inputs[17]"/>
				</net>
				<net name="inputs[16]">
					<portRef name="inputs[16]"/>
					<portRef name="PAD" instanceRef="inputs[16]_ipad"/>
					<portRef name="I" instanceRef="Buf-pad-inputs[16]"/>
				</net>
				<net name="inputs[15]">
					<portRef name="inputs[15]"/>
					<portRef name="PAD" instanceRef="inputs[15]_ipad"/>
					<portRef name="I" instanceRef="Buf-pad-inputs[15]"/>
				</net>
				<net name="inputs[14]">
					<portRef name="inputs[14]"/>
					<portRef name="PAD" instanceRef="inputs[14]_ipad"/>
					<portRef name="I" instanceRef="Buf-pad-inputs[14]"/>
				</net>
				<net name="inputs[13]">
					<portRef name="inputs[13]"/>
					<portRef name="PAD" instanceRef="inputs[13]_ipad"/>
					<portRef name="I" instanceRef="Buf-pad-inputs[13]"/>
				</net>
				<net name="inputs[12]">
					<portRef name="inputs[12]"/>
					<portRef name="PAD" instanceRef="inputs[12]_ipad"/>
					<portRef name="I" instanceRef="Buf-pad-inputs[12]"/>
				</net>
				<net name="inputs[11]">
					<portRef name="inputs[11]"/>
					<portRef name="PAD" instanceRef="inputs[11]_ipad"/>
					<portRef name="I" instanceRef="Buf-pad-inputs[11]"/>
				</net>
				<net name="inputs[10]">
					<portRef name="inputs[10]"/>
					<portRef name="PAD" instanceRef="inputs[10]_ipad"/>
					<portRef name="I" instanceRef="Buf-pad-inputs[10]"/>
				</net>
				<net name="inputs[9]">
					<portRef name="inputs[9]"/>
					<portRef name="PAD" instanceRef="inputs[9]_ipad"/>
					<portRef name="I" instanceRef="Buf-pad-inputs[9]"/>
				</net>
				<net name="inputs[8]">
					<portRef name="inputs[8]"/>
					<portRef name="PAD" instanceRef="inputs[8]_ipad"/>
					<portRef name="I" instanceRef="Buf-pad-inputs[8]"/>
				</net>
				<net name="inputs[7]">
					<portRef name="inputs[7]"/>
					<portRef name="PAD" instanceRef="inputs[7]_ipad"/>
					<portRef name="I" instanceRef="Buf-pad-inputs[7]"/>
				</net>
				<net name="inputs[6]">
					<portRef name="inputs[6]"/>
					<portRef name="PAD" instanceRef="inputs[6]_ipad"/>
					<portRef name="I" instanceRef="Buf-pad-inputs[6]"/>
				</net>
				<net name="inputs[5]">
					<portRef name="inputs[5]"/>
					<portRef name="PAD" instanceRef="inputs[5]_ipad"/>
					<portRef name="I" instanceRef="Buf-pad-inputs[5]"/>
				</net>
				<net name="inputs[4]">
					<portRef name="inputs[4]"/>
					<portRef name="PAD" instanceRef="inputs[4]_ipad"/>
					<portRef name="I" instanceRef="Buf-pad-inputs[4]"/>
				</net>
				<net name="inputs[3]">
					<portRef name="inputs[3]"/>
					<portRef name="PAD" instanceRef="inputs[3]_ipad"/>
					<portRef name="I" instanceRef="Buf-pad-inputs[3]"/>
				</net>
				<net name="inputs[2]">
					<portRef name="inputs[2]"/>
					<portRef name="PAD" instanceRef="inputs[2]_ipad"/>
					<portRef name="I" instanceRef="Buf-pad-inputs[2]"/>
				</net>
				<net name="inputs[1]">
					<portRef name="inputs[1]"/>
					<portRef name="PAD" instanceRef="inputs[1]_ipad"/>
					<portRef name="I" instanceRef="Buf-pad-inputs[1]"/>
				</net>
				<net name="inputs[0]">
					<portRef name="inputs[0]"/>
					<portRef name="PAD" instanceRef="inputs[0]_ipad"/>
					<portRef name="I" instanceRef="Buf-pad-inputs[0]"/>
				</net>
				<net name="clk">
					<portRef name="clk"/>
					<portRef name="PAD" instanceRef="clk_ipad"/>
					<portRef name="I" instanceRef="Buf-pad-clk"/>
				</net>
				<net name="net_Buf-pad-clk">
					<portRef name="O" instanceRef="Buf-pad-clk"/>
					<portRef name="I" instanceRef="IBuf-clkpad-clk"/>
				</net>
				<net name="net_outputs_reg[31]">
					<portRef name="Q" instanceRef="outputs_reg[31]"/>
					<portRef name="I" instanceRef="Buf-pad-outputs[31]"/>
				</net>
				<net name="net_outputs_reg[30]">
					<portRef name="Q" instanceRef="outputs_reg[30]"/>
					<portRef name="I" instanceRef="Buf-pad-outputs[30]"/>
				</net>
				<net name="net_outputs_reg[29]">
					<portRef name="Q" instanceRef="outputs_reg[29]"/>
					<portRef name="I" instanceRef="Buf-pad-outputs[29]"/>
				</net>
				<net name="net_outputs_reg[28]">
					<portRef name="Q" instanceRef="outputs_reg[28]"/>
					<portRef name="I" instanceRef="Buf-pad-outputs[28]"/>
				</net>
				<net name="net_outputs_reg[27]">
					<portRef name="Q" instanceRef="outputs_reg[27]"/>
					<portRef name="I" instanceRef="Buf-pad-outputs[27]"/>
				</net>
				<net name="net_outputs_reg[26]">
					<portRef name="Q" instanceRef="outputs_reg[26]"/>
					<portRef name="I" instanceRef="Buf-pad-outputs[26]"/>
				</net>
				<net name="net_outputs_reg[25]">
					<portRef name="Q" instanceRef="outputs_reg[25]"/>
					<portRef name="I" instanceRef="Buf-pad-outputs[25]"/>
				</net>
				<net name="net_outputs_reg[24]">
					<portRef name="Q" instanceRef="outputs_reg[24]"/>
					<portRef name="I" instanceRef="Buf-pad-outputs[24]"/>
				</net>
				<net name="net_outputs_reg[23]">
					<portRef name="Q" instanceRef="outputs_reg[23]"/>
					<portRef name="I" instanceRef="Buf-pad-outputs[23]"/>
				</net>
				<net name="net_outputs_reg[22]">
					<portRef name="Q" instanceRef="outputs_reg[22]"/>
					<portRef name="I" instanceRef="Buf-pad-outputs[22]"/>
				</net>
				<net name="net_outputs_reg[21]">
					<portRef name="Q" instanceRef="outputs_reg[21]"/>
					<portRef name="I" instanceRef="Buf-pad-outputs[21]"/>
				</net>
				<net name="net_outputs_reg[20]">
					<portRef name="Q" instanceRef="outputs_reg[20]"/>
					<portRef name="I" instanceRef="Buf-pad-outputs[20]"/>
				</net>
				<net name="net_outputs_reg[19]">
					<portRef name="Q" instanceRef="outputs_reg[19]"/>
					<portRef name="I" instanceRef="Buf-pad-outputs[19]"/>
				</net>
				<net name="net_outputs_reg[18]">
					<portRef name="Q" instanceRef="outputs_reg[18]"/>
					<portRef name="I" instanceRef="Buf-pad-outputs[18]"/>
				</net>
				<net name="net_outputs_reg[17]">
					<portRef name="Q" instanceRef="outputs_reg[17]"/>
					<portRef name="I" instanceRef="Buf-pad-outputs[17]"/>
				</net>
				<net name="net_outputs_reg[16]">
					<portRef name="Q" instanceRef="outputs_reg[16]"/>
					<portRef name="I" instanceRef="Buf-pad-outputs[16]"/>
				</net>
				<net name="net_outputs_reg[15]">
					<portRef name="Q" instanceRef="outputs_reg[15]"/>
					<portRef name="I" instanceRef="Buf-pad-outputs[15]"/>
				</net>
				<net name="net_outputs_reg[14]">
					<portRef name="Q" instanceRef="outputs_reg[14]"/>
					<portRef name="I" instanceRef="Buf-pad-outputs[14]"/>
				</net>
				<net name="net_outputs_reg[13]">
					<portRef name="Q" instanceRef="outputs_reg[13]"/>
					<portRef name="I" instanceRef="Buf-pad-outputs[13]"/>
				</net>
				<net name="net_outputs_reg[12]">
					<portRef name="Q" instanceRef="outputs_reg[12]"/>
					<portRef name="I" instanceRef="Buf-pad-outputs[12]"/>
				</net>
				<net name="net_outputs_reg[11]">
					<portRef name="Q" instanceRef="outputs_reg[11]"/>
					<portRef name="I" instanceRef="Buf-pad-outputs[11]"/>
				</net>
				<net name="net_outputs_reg[10]">
					<portRef name="Q" instanceRef="outputs_reg[10]"/>
					<portRef name="I" instanceRef="Buf-pad-outputs[10]"/>
				</net>
				<net name="net_outputs_reg[9]">
					<portRef name="Q" instanceRef="outputs_reg[9]"/>
					<portRef name="I" instanceRef="Buf-pad-outputs[9]"/>
				</net>
				<net name="net_outputs_reg[8]">
					<portRef name="Q" instanceRef="outputs_reg[8]"/>
					<portRef name="I" instanceRef="Buf-pad-outputs[8]"/>
				</net>
				<net name="net_outputs_reg[7]">
					<portRef name="Q" instanceRef="outputs_reg[7]"/>
					<portRef name="I" instanceRef="Buf-pad-outputs[7]"/>
				</net>
				<net name="net_outputs_reg[6]">
					<portRef name="Q" instanceRef="outputs_reg[6]"/>
					<portRef name="I" instanceRef="Buf-pad-outputs[6]"/>
				</net>
				<net name="net_outputs_reg[5]">
					<portRef name="Q" instanceRef="outputs_reg[5]"/>
					<portRef name="I" instanceRef="Buf-pad-outputs[5]"/>
				</net>
				<net name="net_outputs_reg[4]">
					<portRef name="Q" instanceRef="outputs_reg[4]"/>
					<portRef name="I" instanceRef="Buf-pad-outputs[4]"/>
				</net>
				<net name="net_outputs_reg[3]">
					<portRef name="Q" instanceRef="outputs_reg[3]"/>
					<portRef name="I" instanceRef="Buf-pad-outputs[3]"/>
				</net>
				<net name="net_outputs_reg[2]">
					<portRef name="Q" instanceRef="outputs_reg[2]"/>
					<portRef name="I" instanceRef="Buf-pad-outputs[2]"/>
				</net>
				<net name="net_outputs_reg[1]">
					<portRef name="Q" instanceRef="outputs_reg[1]"/>
					<portRef name="I" instanceRef="Buf-pad-outputs[1]"/>
				</net>
				<net name="net_outputs_reg[0]">
					<portRef name="Q" instanceRef="outputs_reg[0]"/>
					<portRef name="I" instanceRef="Buf-pad-outputs[0]"/>
				</net>
				<net name="net_Buf-pad-inputs[31]">
					<portRef name="O" instanceRef="Buf-pad-inputs[31]"/>
					<portRef name="D" instanceRef="outputs_reg[31]"/>
				</net>
				<net name="net_IBuf-clkpad-clk" type="clock">
					<portRef name="O" instanceRef="IBuf-clkpad-clk"/>
					<portRef name="CK" instanceRef="outputs_reg[31]"/>
					<portRef name="CK" instanceRef="outputs_reg[30]"/>
					<portRef name="CK" instanceRef="outputs_reg[29]"/>
					<portRef name="CK" instanceRef="outputs_reg[28]"/>
					<portRef name="CK" instanceRef="outputs_reg[27]"/>
					<portRef name="CK" instanceRef="outputs_reg[26]"/>
					<portRef name="CK" instanceRef="outputs_reg[25]"/>
					<portRef name="CK" instanceRef="outputs_reg[24]"/>
					<portRef name="CK" instanceRef="outputs_reg[23]"/>
					<portRef name="CK" instanceRef="outputs_reg[22]"/>
					<portRef name="CK" instanceRef="outputs_reg[21]"/>
					<portRef name="CK" instanceRef="outputs_reg[20]"/>
					<portRef name="CK" instanceRef="outputs_reg[19]"/>
					<portRef name="CK" instanceRef="outputs_reg[18]"/>
					<portRef name="CK" instanceRef="outputs_reg[17]"/>
					<portRef name="CK" instanceRef="outputs_reg[16]"/>
					<portRef name="CK" instanceRef="outputs_reg[15]"/>
					<portRef name="CK" instanceRef="outputs_reg[14]"/>
					<portRef name="CK" instanceRef="outputs_reg[13]"/>
					<portRef name="CK" instanceRef="outputs_reg[12]"/>
					<portRef name="CK" instanceRef="outputs_reg[11]"/>
					<portRef name="CK" instanceRef="outputs_reg[10]"/>
					<portRef name="CK" instanceRef="outputs_reg[9]"/>
					<portRef name="CK" instanceRef="outputs_reg[8]"/>
					<portRef name="CK" instanceRef="outputs_reg[7]"/>
					<portRef name="CK" instanceRef="outputs_reg[6]"/>
					<portRef name="CK" instanceRef="outputs_reg[5]"/>
					<portRef name="CK" instanceRef="outputs_reg[4]"/>
					<portRef name="CK" instanceRef="outputs_reg[3]"/>
					<portRef name="CK" instanceRef="outputs_reg[2]"/>
					<portRef name="CK" instanceRef="outputs_reg[1]"/>
					<portRef name="CK" instanceRef="outputs_reg[0]"/>
				</net>
				<net name="net_Buf-pad-inputs[30]">
					<portRef name="O" instanceRef="Buf-pad-inputs[30]"/>
					<portRef name="D" instanceRef="outputs_reg[30]"/>
				</net>
				<net name="net_Buf-pad-inputs[29]">
					<portRef name="O" instanceRef="Buf-pad-inputs[29]"/>
					<portRef name="D" instanceRef="outputs_reg[29]"/>
				</net>
				<net name="net_Buf-pad-inputs[28]">
					<portRef name="O" instanceRef="Buf-pad-inputs[28]"/>
					<portRef name="D" instanceRef="outputs_reg[28]"/>
				</net>
				<net name="net_Buf-pad-inputs[27]">
					<portRef name="O" instanceRef="Buf-pad-inputs[27]"/>
					<portRef name="D" instanceRef="outputs_reg[27]"/>
				</net>
				<net name="net_Buf-pad-inputs[26]">
					<portRef name="O" instanceRef="Buf-pad-inputs[26]"/>
					<portRef name="D" instanceRef="outputs_reg[26]"/>
				</net>
				<net name="net_Buf-pad-inputs[25]">
					<portRef name="O" instanceRef="Buf-pad-inputs[25]"/>
					<portRef name="D" instanceRef="outputs_reg[25]"/>
				</net>
				<net name="net_Buf-pad-inputs[24]">
					<portRef name="O" instanceRef="Buf-pad-inputs[24]"/>
					<portRef name="D" instanceRef="outputs_reg[24]"/>
				</net>
				<net name="net_Buf-pad-inputs[23]">
					<portRef name="O" instanceRef="Buf-pad-inputs[23]"/>
					<portRef name="D" instanceRef="outputs_reg[23]"/>
				</net>
				<net name="net_Buf-pad-inputs[22]">
					<portRef name="O" instanceRef="Buf-pad-inputs[22]"/>
					<portRef name="D" instanceRef="outputs_reg[22]"/>
				</net>
				<net name="net_Buf-pad-inputs[21]">
					<portRef name="O" instanceRef="Buf-pad-inputs[21]"/>
					<portRef name="D" instanceRef="outputs_reg[21]"/>
				</net>
				<net name="net_Buf-pad-inputs[20]">
					<portRef name="O" instanceRef="Buf-pad-inputs[20]"/>
					<portRef name="D" instanceRef="outputs_reg[20]"/>
				</net>
				<net name="net_Buf-pad-inputs[19]">
					<portRef name="O" instanceRef="Buf-pad-inputs[19]"/>
					<portRef name="D" instanceRef="outputs_reg[19]"/>
				</net>
				<net name="net_Buf-pad-inputs[18]">
					<portRef name="O" instanceRef="Buf-pad-inputs[18]"/>
					<portRef name="D" instanceRef="outputs_reg[18]"/>
				</net>
				<net name="net_Buf-pad-inputs[17]">
					<portRef name="O" instanceRef="Buf-pad-inputs[17]"/>
					<portRef name="D" instanceRef="outputs_reg[17]"/>
				</net>
				<net name="net_Buf-pad-inputs[16]">
					<portRef name="O" instanceRef="Buf-pad-inputs[16]"/>
					<portRef name="D" instanceRef="outputs_reg[16]"/>
				</net>
				<net name="net_Buf-pad-inputs[15]">
					<portRef name="O" instanceRef="Buf-pad-inputs[15]"/>
					<portRef name="D" instanceRef="outputs_reg[15]"/>
				</net>
				<net name="net_Buf-pad-inputs[14]">
					<portRef name="O" instanceRef="Buf-pad-inputs[14]"/>
					<portRef name="D" instanceRef="outputs_reg[14]"/>
				</net>
				<net name="net_Buf-pad-inputs[13]">
					<portRef name="O" instanceRef="Buf-pad-inputs[13]"/>
					<portRef name="D" instanceRef="outputs_reg[13]"/>
				</net>
				<net name="net_Buf-pad-inputs[12]">
					<portRef name="O" instanceRef="Buf-pad-inputs[12]"/>
					<portRef name="D" instanceRef="outputs_reg[12]"/>
				</net>
				<net name="net_Buf-pad-inputs[11]">
					<portRef name="O" instanceRef="Buf-pad-inputs[11]"/>
					<portRef name="D" instanceRef="outputs_reg[11]"/>
				</net>
				<net name="net_Buf-pad-inputs[10]">
					<portRef name="O" instanceRef="Buf-pad-inputs[10]"/>
					<portRef name="D" instanceRef="outputs_reg[10]"/>
				</net>
				<net name="net_Buf-pad-inputs[9]">
					<portRef name="O" instanceRef="Buf-pad-inputs[9]"/>
					<portRef name="D" instanceRef="outputs_reg[9]"/>
				</net>
				<net name="net_Buf-pad-inputs[8]">
					<portRef name="O" instanceRef="Buf-pad-inputs[8]"/>
					<portRef name="D" instanceRef="outputs_reg[8]"/>
				</net>
				<net name="net_Buf-pad-inputs[7]">
					<portRef name="O" instanceRef="Buf-pad-inputs[7]"/>
					<portRef name="D" instanceRef="outputs_reg[7]"/>
				</net>
				<net name="net_Buf-pad-inputs[6]">
					<portRef name="O" instanceRef="Buf-pad-inputs[6]"/>
					<portRef name="D" instanceRef="outputs_reg[6]"/>
				</net>
				<net name="net_Buf-pad-inputs[5]">
					<portRef name="O" instanceRef="Buf-pad-inputs[5]"/>
					<portRef name="D" instanceRef="outputs_reg[5]"/>
				</net>
				<net name="net_Buf-pad-inputs[4]">
					<portRef name="O" instanceRef="Buf-pad-inputs[4]"/>
					<portRef name="D" instanceRef="outputs_reg[4]"/>
				</net>
				<net name="net_Buf-pad-inputs[3]">
					<portRef name="O" instanceRef="Buf-pad-inputs[3]"/>
					<portRef name="D" instanceRef="outputs_reg[3]"/>
				</net>
				<net name="net_Buf-pad-inputs[2]">
					<portRef name="O" instanceRef="Buf-pad-inputs[2]"/>
					<portRef name="D" instanceRef="outputs_reg[2]"/>
				</net>
				<net name="net_Buf-pad-inputs[1]">
					<portRef name="O" instanceRef="Buf-pad-inputs[1]"/>
					<portRef name="D" instanceRef="outputs_reg[1]"/>
				</net>
				<net name="net_Buf-pad-inputs[0]">
					<portRef name="O" instanceRef="Buf-pad-inputs[0]"/>
					<portRef name="D" instanceRef="outputs_reg[0]"/>
				</net>
				<net name="outputs[31]">
					<portRef name="PAD" instanceRef="outputs[31]_opad"/>
					<portRef name="O" instanceRef="Buf-pad-outputs[31]"/>
					<portRef name="outputs[31]"/>
				</net>
				<net name="outputs[30]">
					<portRef name="PAD" instanceRef="outputs[30]_opad"/>
					<portRef name="O" instanceRef="Buf-pad-outputs[30]"/>
					<portRef name="outputs[30]"/>
				</net>
				<net name="outputs[29]">
					<portRef name="PAD" instanceRef="outputs[29]_opad"/>
					<portRef name="O" instanceRef="Buf-pad-outputs[29]"/>
					<portRef name="outputs[29]"/>
				</net>
				<net name="outputs[28]">
					<portRef name="PAD" instanceRef="outputs[28]_opad"/>
					<portRef name="O" instanceRef="Buf-pad-outputs[28]"/>
					<portRef name="outputs[28]"/>
				</net>
				<net name="outputs[27]">
					<portRef name="PAD" instanceRef="outputs[27]_opad"/>
					<portRef name="O" instanceRef="Buf-pad-outputs[27]"/>
					<portRef name="outputs[27]"/>
				</net>
				<net name="outputs[26]">
					<portRef name="PAD" instanceRef="outputs[26]_opad"/>
					<portRef name="O" instanceRef="Buf-pad-outputs[26]"/>
					<portRef name="outputs[26]"/>
				</net>
				<net name="outputs[25]">
					<portRef name="PAD" instanceRef="outputs[25]_opad"/>
					<portRef name="O" instanceRef="Buf-pad-outputs[25]"/>
					<portRef name="outputs[25]"/>
				</net>
				<net name="outputs[24]">
					<portRef name="PAD" instanceRef="outputs[24]_opad"/>
					<portRef name="O" instanceRef="Buf-pad-outputs[24]"/>
					<portRef name="outputs[24]"/>
				</net>
				<net name="outputs[23]">
					<portRef name="PAD" instanceRef="outputs[23]_opad"/>
					<portRef name="O" instanceRef="Buf-pad-outputs[23]"/>
					<portRef name="outputs[23]"/>
				</net>
				<net name="outputs[22]">
					<portRef name="PAD" instanceRef="outputs[22]_opad"/>
					<portRef name="O" instanceRef="Buf-pad-outputs[22]"/>
					<portRef name="outputs[22]"/>
				</net>
				<net name="outputs[21]">
					<portRef name="PAD" instanceRef="outputs[21]_opad"/>
					<portRef name="O" instanceRef="Buf-pad-outputs[21]"/>
					<portRef name="outputs[21]"/>
				</net>
				<net name="outputs[20]">
					<portRef name="PAD" instanceRef="outputs[20]_opad"/>
					<portRef name="O" instanceRef="Buf-pad-outputs[20]"/>
					<portRef name="outputs[20]"/>
				</net>
				<net name="outputs[19]">
					<portRef name="PAD" instanceRef="outputs[19]_opad"/>
					<portRef name="O" instanceRef="Buf-pad-outputs[19]"/>
					<portRef name="outputs[19]"/>
				</net>
				<net name="outputs[18]">
					<portRef name="PAD" instanceRef="outputs[18]_opad"/>
					<portRef name="O" instanceRef="Buf-pad-outputs[18]"/>
					<portRef name="outputs[18]"/>
				</net>
				<net name="outputs[17]">
					<portRef name="PAD" instanceRef="outputs[17]_opad"/>
					<portRef name="O" instanceRef="Buf-pad-outputs[17]"/>
					<portRef name="outputs[17]"/>
				</net>
				<net name="outputs[16]">
					<portRef name="PAD" instanceRef="outputs[16]_opad"/>
					<portRef name="O" instanceRef="Buf-pad-outputs[16]"/>
					<portRef name="outputs[16]"/>
				</net>
				<net name="outputs[15]">
					<portRef name="PAD" instanceRef="outputs[15]_opad"/>
					<portRef name="O" instanceRef="Buf-pad-outputs[15]"/>
					<portRef name="outputs[15]"/>
				</net>
				<net name="outputs[14]">
					<portRef name="PAD" instanceRef="outputs[14]_opad"/>
					<portRef name="O" instanceRef="Buf-pad-outputs[14]"/>
					<portRef name="outputs[14]"/>
				</net>
				<net name="outputs[13]">
					<portRef name="PAD" instanceRef="outputs[13]_opad"/>
					<portRef name="O" instanceRef="Buf-pad-outputs[13]"/>
					<portRef name="outputs[13]"/>
				</net>
				<net name="outputs[12]">
					<portRef name="PAD" instanceRef="outputs[12]_opad"/>
					<portRef name="O" instanceRef="Buf-pad-outputs[12]"/>
					<portRef name="outputs[12]"/>
				</net>
				<net name="outputs[11]">
					<portRef name="PAD" instanceRef="outputs[11]_opad"/>
					<portRef name="O" instanceRef="Buf-pad-outputs[11]"/>
					<portRef name="outputs[11]"/>
				</net>
				<net name="outputs[10]">
					<portRef name="PAD" instanceRef="outputs[10]_opad"/>
					<portRef name="O" instanceRef="Buf-pad-outputs[10]"/>
					<portRef name="outputs[10]"/>
				</net>
				<net name="outputs[9]">
					<portRef name="PAD" instanceRef="outputs[9]_opad"/>
					<portRef name="O" instanceRef="Buf-pad-outputs[9]"/>
					<portRef name="outputs[9]"/>
				</net>
				<net name="outputs[8]">
					<portRef name="PAD" instanceRef="outputs[8]_opad"/>
					<portRef name="O" instanceRef="Buf-pad-outputs[8]"/>
					<portRef name="outputs[8]"/>
				</net>
				<net name="outputs[7]">
					<portRef name="PAD" instanceRef="outputs[7]_opad"/>
					<portRef name="O" instanceRef="Buf-pad-outputs[7]"/>
					<portRef name="outputs[7]"/>
				</net>
				<net name="outputs[6]">
					<portRef name="PAD" instanceRef="outputs[6]_opad"/>
					<portRef name="O" instanceRef="Buf-pad-outputs[6]"/>
					<portRef name="outputs[6]"/>
				</net>
				<net name="outputs[5]">
					<portRef name="PAD" instanceRef="outputs[5]_opad"/>
					<portRef name="O" instanceRef="Buf-pad-outputs[5]"/>
					<portRef name="outputs[5]"/>
				</net>
				<net name="outputs[4]">
					<portRef name="PAD" instanceRef="outputs[4]_opad"/>
					<portRef name="O" instanceRef="Buf-pad-outputs[4]"/>
					<portRef name="outputs[4]"/>
				</net>
				<net name="outputs[3]">
					<portRef name="PAD" instanceRef="outputs[3]_opad"/>
					<portRef name="O" instanceRef="Buf-pad-outputs[3]"/>
					<portRef name="outputs[3]"/>
				</net>
				<net name="outputs[2]">
					<portRef name="PAD" instanceRef="outputs[2]_opad"/>
					<portRef name="O" instanceRef="Buf-pad-outputs[2]"/>
					<portRef name="outputs[2]"/>
				</net>
				<net name="outputs[1]">
					<portRef name="PAD" instanceRef="outputs[1]_opad"/>
					<portRef name="O" instanceRef="Buf-pad-outputs[1]"/>
					<portRef name="outputs[1]"/>
				</net>
				<net name="outputs[0]">
					<portRef name="PAD" instanceRef="outputs[0]_opad"/>
					<portRef name="O" instanceRef="Buf-pad-outputs[0]"/>
					<portRef name="outputs[0]"/>
				</net>
			</contents>
		</module>
	</library>
	<topModule name="lab3" libraryRef="work_lib"/>
</design>

