<design name="keypad">
	<external name="template_work_lib">
		<module name="slice" type="SLICE">
			<port name="CIN" direction="input"/>
			<port name="SR" direction="input"/>
			<port name="CLK" direction="input"/>
			<port name="CE" direction="input"/>
			<port name="BX" direction="input"/>
			<port name="F1" direction="input"/>
			<port name="F2" direction="input"/>
			<port name="F3" direction="input"/>
			<port name="F4" direction="input"/>
			<port name="F5IN" direction="input"/>
			<port name="BY" direction="input"/>
			<port name="G1" direction="input"/>
			<port name="G2" direction="input"/>
			<port name="G3" direction="input"/>
			<port name="G4" direction="input"/>
			<port name="XQ" direction="output"/>
			<port name="X" direction="output"/>
			<port name="F5" direction="output"/>
			<port name="XB" direction="output"/>
			<port name="YQ" direction="output"/>
			<port name="Y" direction="output"/>
			<port name="YB" direction="output"/>
			<port name="COUT" direction="output"/>
		</module>
		<module name="iob" type="IOB">
			<port name="TRI" direction="input"/>
			<port name="TRICE" direction="input"/>
			<port name="OUT" direction="input"/>
			<port name="OUTCE" direction="input"/>
			<port name="INCE" direction="input"/>
			<port name="CLK" direction="input"/>
			<port name="SR" direction="input"/>
			<port name="IN" direction="output"/>
			<port name="IQ" direction="output"/>
			<port name="PAD" direction="inout"/>
		</module>
		<module name="gclk" type="GCLK">
			<port name="CE" direction="input"/>
			<port name="IN" direction="input"/>
			<port name="OUT" direction="output"/>
		</module>
		<module name="gclkiob" type="GCLKIOB">
			<port name="PAD" direction="inout"/>
			<port name="GCLKOUT" direction="output"/>
		</module>
	</external>
	<library name="work_lib">
		<module name="keypad">
			<port name="clk" direction="input"/>
			<port name="row0" direction="input"/>
			<port name="row1" direction="input"/>
			<port name="row2" direction="input"/>
			<port name="row3" direction="input"/>
			<port name="col0" direction="input"/>
			<port name="col1" direction="input"/>
			<port name="col2" direction="input"/>
			<port name="col3" direction="input"/>
			<port name="led0" direction="output"/>
			<port name="led1" direction="output"/>
			<port name="led2" direction="output"/>
			<port name="led3" direction="output"/>
			<port name="led4" direction="output"/>
			<port name="led5" direction="output"/>
			<port name="led6" direction="output"/>
			<port name="led7" direction="output"/>
			<contents>
				<instance name="iSlice__0__" moduleRef="slice" libraryRef="template_work_lib">
					<config name="BXMUX" value="BX"/>
					<config name="BYMUX" value="BY"/>
					<config name="CEMUX" value="#OFF"/>
					<config name="CKINV" value="1"/>
					<config name="COUTUSED" value="#OFF"/>
					<config name="CY0F" value="#OFF"/>
					<config name="CY0G" value="#OFF"/>
					<config name="CYINIT" value="#OFF"/>
					<config name="CYSELF" value="#OFF"/>
					<config name="CYSELG" value="#OFF"/>
					<config name="DXMUX" value="0"/>
					<config name="DYMUX" value="0"/>
					<config name="F" value="#OFF"/>
					<config name="F5USED" value="#OFF"/>
					<config name="FFX" value="#FF"/>
					<config name="FFY" value="#FF"/>
					<config name="FXMUX" value="#OFF"/>
					<config name="G" value="#OFF"/>
					<config name="GYMUX" value="#OFF"/>
					<config name="INITX" value="LOW"/>
					<config name="INITY" value="LOW"/>
					<config name="RAMCONFIG" value="#OFF"/>
					<config name="REVUSED" value="#OFF"/>
					<config name="SRFFMUX" value="#OFF"/>
					<config name="SRMUX" value="#OFF"/>
					<config name="SYNC_ATTR" value="ASYNC"/>
					<config name="XBUSED" value="#OFF"/>
					<config name="XUSED" value="#OFF"/>
					<config name="YBMUX" value="#OFF"/>
					<config name="YUSED" value="#OFF"/>
				</instance>
				<instance name="iSlice__1__" moduleRef="slice" libraryRef="template_work_lib">
					<config name="BXMUX" value="BX"/>
					<config name="BYMUX" value="BY"/>
					<config name="CEMUX" value="#OFF"/>
					<config name="CKINV" value="1"/>
					<config name="COUTUSED" value="#OFF"/>
					<config name="CY0F" value="#OFF"/>
					<config name="CY0G" value="#OFF"/>
					<config name="CYINIT" value="#OFF"/>
					<config name="CYSELF" value="#OFF"/>
					<config name="CYSELG" value="#OFF"/>
					<config name="DXMUX" value="0"/>
					<config name="DYMUX" value="0"/>
					<config name="F" value="#OFF"/>
					<config name="F5USED" value="#OFF"/>
					<config name="FFX" value="#FF"/>
					<config name="FFY" value="#FF"/>
					<config name="FXMUX" value="#OFF"/>
					<config name="G" value="#OFF"/>
					<config name="GYMUX" value="#OFF"/>
					<config name="INITX" value="LOW"/>
					<config name="INITY" value="LOW"/>
					<config name="RAMCONFIG" value="#OFF"/>
					<config name="REVUSED" value="#OFF"/>
					<config name="SRFFMUX" value="#OFF"/>
					<config name="SRMUX" value="#OFF"/>
					<config name="SYNC_ATTR" value="ASYNC"/>
					<config name="XBUSED" value="#OFF"/>
					<config name="XUSED" value="#OFF"/>
					<config name="YBMUX" value="#OFF"/>
					<config name="YUSED" value="#OFF"/>
				</instance>
				<instance name="iSlice__2__" moduleRef="slice" libraryRef="template_work_lib">
					<config name="BXMUX" value="BX"/>
					<config name="BYMUX" value="BY"/>
					<config name="CEMUX" value="#OFF"/>
					<config name="CKINV" value="1"/>
					<config name="COUTUSED" value="#OFF"/>
					<config name="CY0F" value="#OFF"/>
					<config name="CY0G" value="#OFF"/>
					<config name="CYINIT" value="#OFF"/>
					<config name="CYSELF" value="#OFF"/>
					<config name="CYSELG" value="#OFF"/>
					<config name="DXMUX" value="0"/>
					<config name="DYMUX" value="0"/>
					<config name="F" value="#OFF"/>
					<config name="F5USED" value="#OFF"/>
					<config name="FFX" value="#FF"/>
					<config name="FFY" value="#FF"/>
					<config name="FXMUX" value="#OFF"/>
					<config name="G" value="#OFF"/>
					<config name="GYMUX" value="#OFF"/>
					<config name="INITX" value="LOW"/>
					<config name="INITY" value="LOW"/>
					<config name="RAMCONFIG" value="#OFF"/>
					<config name="REVUSED" value="#OFF"/>
					<config name="SRFFMUX" value="#OFF"/>
					<config name="SRMUX" value="#OFF"/>
					<config name="SYNC_ATTR" value="ASYNC"/>
					<config name="XBUSED" value="#OFF"/>
					<config name="XUSED" value="#OFF"/>
					<config name="YBMUX" value="#OFF"/>
					<config name="YUSED" value="#OFF"/>
				</instance>
				<instance name="iSlice__3__" moduleRef="slice" libraryRef="template_work_lib">
					<config name="BXMUX" value="BX"/>
					<config name="BYMUX" value="BY"/>
					<config name="CEMUX" value="#OFF"/>
					<config name="CKINV" value="1"/>
					<config name="COUTUSED" value="#OFF"/>
					<config name="CY0F" value="#OFF"/>
					<config name="CY0G" value="#OFF"/>
					<config name="CYINIT" value="#OFF"/>
					<config name="CYSELF" value="#OFF"/>
					<config name="CYSELG" value="#OFF"/>
					<config name="DXMUX" value="0"/>
					<config name="DYMUX" value="0"/>
					<config name="F" value="#OFF"/>
					<config name="F5USED" value="#OFF"/>
					<config name="FFX" value="#FF"/>
					<config name="FFY" value="#FF"/>
					<config name="FXMUX" value="#OFF"/>
					<config name="G" value="#OFF"/>
					<config name="GYMUX" value="#OFF"/>
					<config name="INITX" value="LOW"/>
					<config name="INITY" value="LOW"/>
					<config name="RAMCONFIG" value="#OFF"/>
					<config name="REVUSED" value="#OFF"/>
					<config name="SRFFMUX" value="#OFF"/>
					<config name="SRMUX" value="#OFF"/>
					<config name="SYNC_ATTR" value="ASYNC"/>
					<config name="XBUSED" value="#OFF"/>
					<config name="XUSED" value="#OFF"/>
					<config name="YBMUX" value="#OFF"/>
					<config name="YUSED" value="#OFF"/>
				</instance>
				<instance name="row0" moduleRef="iob" libraryRef="template_work_lib">
					<config name="DRIVEATTRBOX" value="#OFF"/>
					<config name="FFATTRBOX" value="#OFF"/>
					<config name="ICEMUX" value="#OFF"/>
					<config name="ICKINV" value="#OFF"/>
					<config name="IFF" value="#OFF"/>
					<config name="IFFINITATTR" value="#OFF"/>
					<config name="IFFMUX" value="#OFF"/>
					<config name="IINITMUX" value="#OFF"/>
					<config name="IMUX" value="1"/>
					<config name="IOATTRBOX" value="LVTTL"/>
					<config name="OCEMUX" value="#OFF"/>
					<config name="OCKINV" value="#OFF"/>
					<config name="OFF" value="#OFF"/>
					<config name="OFFATTRBOX" value="#OFF"/>
					<config name="OINITMUX" value="#OFF"/>
					<config name="OMUX" value="#OFF"/>
					<config name="OUTMUX" value="#OFF"/>
					<config name="PULL" value="#OFF"/>
					<config name="SLEW" value="#OFF"/>
					<config name="SRMUX" value="#OFF"/>
					<config name="TCEMUX" value="#OFF"/>
					<config name="TCKINV" value="#OFF"/>
					<config name="TFF" value="#OFF"/>
					<config name="TFFATTRBOX" value="#OFF"/>
					<config name="TINITMUX" value="#OFF"/>
					<config name="TRIMUX" value="#OFF"/>
					<config name="TSEL" value="#OFF"/>
				</instance>
				<instance name="row1" moduleRef="iob" libraryRef="template_work_lib">
					<config name="DRIVEATTRBOX" value="#OFF"/>
					<config name="FFATTRBOX" value="#OFF"/>
					<config name="ICEMUX" value="#OFF"/>
					<config name="ICKINV" value="#OFF"/>
					<config name="IFF" value="#OFF"/>
					<config name="IFFINITATTR" value="#OFF"/>
					<config name="IFFMUX" value="#OFF"/>
					<config name="IINITMUX" value="#OFF"/>
					<config name="IMUX" value="1"/>
					<config name="IOATTRBOX" value="LVTTL"/>
					<config name="OCEMUX" value="#OFF"/>
					<config name="OCKINV" value="#OFF"/>
					<config name="OFF" value="#OFF"/>
					<config name="OFFATTRBOX" value="#OFF"/>
					<config name="OINITMUX" value="#OFF"/>
					<config name="OMUX" value="#OFF"/>
					<config name="OUTMUX" value="#OFF"/>
					<config name="PULL" value="#OFF"/>
					<config name="SLEW" value="#OFF"/>
					<config name="SRMUX" value="#OFF"/>
					<config name="TCEMUX" value="#OFF"/>
					<config name="TCKINV" value="#OFF"/>
					<config name="TFF" value="#OFF"/>
					<config name="TFFATTRBOX" value="#OFF"/>
					<config name="TINITMUX" value="#OFF"/>
					<config name="TRIMUX" value="#OFF"/>
					<config name="TSEL" value="#OFF"/>
				</instance>
				<instance name="row2" moduleRef="iob" libraryRef="template_work_lib">
					<config name="DRIVEATTRBOX" value="#OFF"/>
					<config name="FFATTRBOX" value="#OFF"/>
					<config name="ICEMUX" value="#OFF"/>
					<config name="ICKINV" value="#OFF"/>
					<config name="IFF" value="#OFF"/>
					<config name="IFFINITATTR" value="#OFF"/>
					<config name="IFFMUX" value="#OFF"/>
					<config name="IINITMUX" value="#OFF"/>
					<config name="IMUX" value="1"/>
					<config name="IOATTRBOX" value="LVTTL"/>
					<config name="OCEMUX" value="#OFF"/>
					<config name="OCKINV" value="#OFF"/>
					<config name="OFF" value="#OFF"/>
					<config name="OFFATTRBOX" value="#OFF"/>
					<config name="OINITMUX" value="#OFF"/>
					<config name="OMUX" value="#OFF"/>
					<config name="OUTMUX" value="#OFF"/>
					<config name="PULL" value="#OFF"/>
					<config name="SLEW" value="#OFF"/>
					<config name="SRMUX" value="#OFF"/>
					<config name="TCEMUX" value="#OFF"/>
					<config name="TCKINV" value="#OFF"/>
					<config name="TFF" value="#OFF"/>
					<config name="TFFATTRBOX" value="#OFF"/>
					<config name="TINITMUX" value="#OFF"/>
					<config name="TRIMUX" value="#OFF"/>
					<config name="TSEL" value="#OFF"/>
				</instance>
				<instance name="row3" moduleRef="iob" libraryRef="template_work_lib">
					<config name="DRIVEATTRBOX" value="#OFF"/>
					<config name="FFATTRBOX" value="#OFF"/>
					<config name="ICEMUX" value="#OFF"/>
					<config name="ICKINV" value="#OFF"/>
					<config name="IFF" value="#OFF"/>
					<config name="IFFINITATTR" value="#OFF"/>
					<config name="IFFMUX" value="#OFF"/>
					<config name="IINITMUX" value="#OFF"/>
					<config name="IMUX" value="1"/>
					<config name="IOATTRBOX" value="LVTTL"/>
					<config name="OCEMUX" value="#OFF"/>
					<config name="OCKINV" value="#OFF"/>
					<config name="OFF" value="#OFF"/>
					<config name="OFFATTRBOX" value="#OFF"/>
					<config name="OINITMUX" value="#OFF"/>
					<config name="OMUX" value="#OFF"/>
					<config name="OUTMUX" value="#OFF"/>
					<config name="PULL" value="#OFF"/>
					<config name="SLEW" value="#OFF"/>
					<config name="SRMUX" value="#OFF"/>
					<config name="TCEMUX" value="#OFF"/>
					<config name="TCKINV" value="#OFF"/>
					<config name="TFF" value="#OFF"/>
					<config name="TFFATTRBOX" value="#OFF"/>
					<config name="TINITMUX" value="#OFF"/>
					<config name="TRIMUX" value="#OFF"/>
					<config name="TSEL" value="#OFF"/>
				</instance>
				<instance name="col0" moduleRef="iob" libraryRef="template_work_lib">
					<config name="DRIVEATTRBOX" value="#OFF"/>
					<config name="FFATTRBOX" value="#OFF"/>
					<config name="ICEMUX" value="#OFF"/>
					<config name="ICKINV" value="#OFF"/>
					<config name="IFF" value="#OFF"/>
					<config name="IFFINITATTR" value="#OFF"/>
					<config name="IFFMUX" value="#OFF"/>
					<config name="IINITMUX" value="#OFF"/>
					<config name="IMUX" value="1"/>
					<config name="IOATTRBOX" value="LVTTL"/>
					<config name="OCEMUX" value="#OFF"/>
					<config name="OCKINV" value="#OFF"/>
					<config name="OFF" value="#OFF"/>
					<config name="OFFATTRBOX" value="#OFF"/>
					<config name="OINITMUX" value="#OFF"/>
					<config name="OMUX" value="#OFF"/>
					<config name="OUTMUX" value="#OFF"/>
					<config name="PULL" value="#OFF"/>
					<config name="SLEW" value="#OFF"/>
					<config name="SRMUX" value="#OFF"/>
					<config name="TCEMUX" value="#OFF"/>
					<config name="TCKINV" value="#OFF"/>
					<config name="TFF" value="#OFF"/>
					<config name="TFFATTRBOX" value="#OFF"/>
					<config name="TINITMUX" value="#OFF"/>
					<config name="TRIMUX" value="#OFF"/>
					<config name="TSEL" value="#OFF"/>
				</instance>
				<instance name="col1" moduleRef="iob" libraryRef="template_work_lib">
					<config name="DRIVEATTRBOX" value="#OFF"/>
					<config name="FFATTRBOX" value="#OFF"/>
					<config name="ICEMUX" value="#OFF"/>
					<config name="ICKINV" value="#OFF"/>
					<config name="IFF" value="#OFF"/>
					<config name="IFFINITATTR" value="#OFF"/>
					<config name="IFFMUX" value="#OFF"/>
					<config name="IINITMUX" value="#OFF"/>
					<config name="IMUX" value="1"/>
					<config name="IOATTRBOX" value="LVTTL"/>
					<config name="OCEMUX" value="#OFF"/>
					<config name="OCKINV" value="#OFF"/>
					<config name="OFF" value="#OFF"/>
					<config name="OFFATTRBOX" value="#OFF"/>
					<config name="OINITMUX" value="#OFF"/>
					<config name="OMUX" value="#OFF"/>
					<config name="OUTMUX" value="#OFF"/>
					<config name="PULL" value="#OFF"/>
					<config name="SLEW" value="#OFF"/>
					<config name="SRMUX" value="#OFF"/>
					<config name="TCEMUX" value="#OFF"/>
					<config name="TCKINV" value="#OFF"/>
					<config name="TFF" value="#OFF"/>
					<config name="TFFATTRBOX" value="#OFF"/>
					<config name="TINITMUX" value="#OFF"/>
					<config name="TRIMUX" value="#OFF"/>
					<config name="TSEL" value="#OFF"/>
				</instance>
				<instance name="col2" moduleRef="iob" libraryRef="template_work_lib">
					<config name="DRIVEATTRBOX" value="#OFF"/>
					<config name="FFATTRBOX" value="#OFF"/>
					<config name="ICEMUX" value="#OFF"/>
					<config name="ICKINV" value="#OFF"/>
					<config name="IFF" value="#OFF"/>
					<config name="IFFINITATTR" value="#OFF"/>
					<config name="IFFMUX" value="#OFF"/>
					<config name="IINITMUX" value="#OFF"/>
					<config name="IMUX" value="1"/>
					<config name="IOATTRBOX" value="LVTTL"/>
					<config name="OCEMUX" value="#OFF"/>
					<config name="OCKINV" value="#OFF"/>
					<config name="OFF" value="#OFF"/>
					<config name="OFFATTRBOX" value="#OFF"/>
					<config name="OINITMUX" value="#OFF"/>
					<config name="OMUX" value="#OFF"/>
					<config name="OUTMUX" value="#OFF"/>
					<config name="PULL" value="#OFF"/>
					<config name="SLEW" value="#OFF"/>
					<config name="SRMUX" value="#OFF"/>
					<config name="TCEMUX" value="#OFF"/>
					<config name="TCKINV" value="#OFF"/>
					<config name="TFF" value="#OFF"/>
					<config name="TFFATTRBOX" value="#OFF"/>
					<config name="TINITMUX" value="#OFF"/>
					<config name="TRIMUX" value="#OFF"/>
					<config name="TSEL" value="#OFF"/>
				</instance>
				<instance name="col3" moduleRef="iob" libraryRef="template_work_lib">
					<config name="DRIVEATTRBOX" value="#OFF"/>
					<config name="FFATTRBOX" value="#OFF"/>
					<config name="ICEMUX" value="#OFF"/>
					<config name="ICKINV" value="#OFF"/>
					<config name="IFF" value="#OFF"/>
					<config name="IFFINITATTR" value="#OFF"/>
					<config name="IFFMUX" value="#OFF"/>
					<config name="IINITMUX" value="#OFF"/>
					<config name="IMUX" value="1"/>
					<config name="IOATTRBOX" value="LVTTL"/>
					<config name="OCEMUX" value="#OFF"/>
					<config name="OCKINV" value="#OFF"/>
					<config name="OFF" value="#OFF"/>
					<config name="OFFATTRBOX" value="#OFF"/>
					<config name="OINITMUX" value="#OFF"/>
					<config name="OMUX" value="#OFF"/>
					<config name="OUTMUX" value="#OFF"/>
					<config name="PULL" value="#OFF"/>
					<config name="SLEW" value="#OFF"/>
					<config name="SRMUX" value="#OFF"/>
					<config name="TCEMUX" value="#OFF"/>
					<config name="TCKINV" value="#OFF"/>
					<config name="TFF" value="#OFF"/>
					<config name="TFFATTRBOX" value="#OFF"/>
					<config name="TINITMUX" value="#OFF"/>
					<config name="TRIMUX" value="#OFF"/>
					<config name="TSEL" value="#OFF"/>
				</instance>
				<instance name="led0" moduleRef="iob" libraryRef="template_work_lib">
					<config name="DRIVEATTRBOX" value="12"/>
					<config name="FFATTRBOX" value="#OFF"/>
					<config name="ICEMUX" value="#OFF"/>
					<config name="ICKINV" value="#OFF"/>
					<config name="IFF" value="#OFF"/>
					<config name="IFFINITATTR" value="#OFF"/>
					<config name="IFFMUX" value="#OFF"/>
					<config name="IINITMUX" value="#OFF"/>
					<config name="IMUX" value="#OFF"/>
					<config name="IOATTRBOX" value="LVTTL"/>
					<config name="OCEMUX" value="#OFF"/>
					<config name="OCKINV" value="#OFF"/>
					<config name="OFF" value="#OFF"/>
					<config name="OFFATTRBOX" value="#OFF"/>
					<config name="OINITMUX" value="#OFF"/>
					<config name="OMUX" value="O"/>
					<config name="OUTMUX" value="1"/>
					<config name="PULL" value="#OFF"/>
					<config name="SLEW" value="SLOW"/>
					<config name="SRMUX" value="#OFF"/>
					<config name="TCEMUX" value="#OFF"/>
					<config name="TCKINV" value="#OFF"/>
					<config name="TFF" value="#OFF"/>
					<config name="TFFATTRBOX" value="#OFF"/>
					<config name="TINITMUX" value="#OFF"/>
					<config name="TRIMUX" value="#OFF"/>
					<config name="TSEL" value="#OFF"/>
				</instance>
				<instance name="led1" moduleRef="iob" libraryRef="template_work_lib">
					<config name="DRIVEATTRBOX" value="12"/>
					<config name="FFATTRBOX" value="#OFF"/>
					<config name="ICEMUX" value="#OFF"/>
					<config name="ICKINV" value="#OFF"/>
					<config name="IFF" value="#OFF"/>
					<config name="IFFINITATTR" value="#OFF"/>
					<config name="IFFMUX" value="#OFF"/>
					<config name="IINITMUX" value="#OFF"/>
					<config name="IMUX" value="#OFF"/>
					<config name="IOATTRBOX" value="LVTTL"/>
					<config name="OCEMUX" value="#OFF"/>
					<config name="OCKINV" value="#OFF"/>
					<config name="OFF" value="#OFF"/>
					<config name="OFFATTRBOX" value="#OFF"/>
					<config name="OINITMUX" value="#OFF"/>
					<config name="OMUX" value="O"/>
					<config name="OUTMUX" value="1"/>
					<config name="PULL" value="#OFF"/>
					<config name="SLEW" value="SLOW"/>
					<config name="SRMUX" value="#OFF"/>
					<config name="TCEMUX" value="#OFF"/>
					<config name="TCKINV" value="#OFF"/>
					<config name="TFF" value="#OFF"/>
					<config name="TFFATTRBOX" value="#OFF"/>
					<config name="TINITMUX" value="#OFF"/>
					<config name="TRIMUX" value="#OFF"/>
					<config name="TSEL" value="#OFF"/>
				</instance>
				<instance name="led2" moduleRef="iob" libraryRef="template_work_lib">
					<config name="DRIVEATTRBOX" value="12"/>
					<config name="FFATTRBOX" value="#OFF"/>
					<config name="ICEMUX" value="#OFF"/>
					<config name="ICKINV" value="#OFF"/>
					<config name="IFF" value="#OFF"/>
					<config name="IFFINITATTR" value="#OFF"/>
					<config name="IFFMUX" value="#OFF"/>
					<config name="IINITMUX" value="#OFF"/>
					<config name="IMUX" value="#OFF"/>
					<config name="IOATTRBOX" value="LVTTL"/>
					<config name="OCEMUX" value="#OFF"/>
					<config name="OCKINV" value="#OFF"/>
					<config name="OFF" value="#OFF"/>
					<config name="OFFATTRBOX" value="#OFF"/>
					<config name="OINITMUX" value="#OFF"/>
					<config name="OMUX" value="O"/>
					<config name="OUTMUX" value="1"/>
					<config name="PULL" value="#OFF"/>
					<config name="SLEW" value="SLOW"/>
					<config name="SRMUX" value="#OFF"/>
					<config name="TCEMUX" value="#OFF"/>
					<config name="TCKINV" value="#OFF"/>
					<config name="TFF" value="#OFF"/>
					<config name="TFFATTRBOX" value="#OFF"/>
					<config name="TINITMUX" value="#OFF"/>
					<config name="TRIMUX" value="#OFF"/>
					<config name="TSEL" value="#OFF"/>
				</instance>
				<instance name="led3" moduleRef="iob" libraryRef="template_work_lib">
					<config name="DRIVEATTRBOX" value="12"/>
					<config name="FFATTRBOX" value="#OFF"/>
					<config name="ICEMUX" value="#OFF"/>
					<config name="ICKINV" value="#OFF"/>
					<config name="IFF" value="#OFF"/>
					<config name="IFFINITATTR" value="#OFF"/>
					<config name="IFFMUX" value="#OFF"/>
					<config name="IINITMUX" value="#OFF"/>
					<config name="IMUX" value="#OFF"/>
					<config name="IOATTRBOX" value="LVTTL"/>
					<config name="OCEMUX" value="#OFF"/>
					<config name="OCKINV" value="#OFF"/>
					<config name="OFF" value="#OFF"/>
					<config name="OFFATTRBOX" value="#OFF"/>
					<config name="OINITMUX" value="#OFF"/>
					<config name="OMUX" value="O"/>
					<config name="OUTMUX" value="1"/>
					<config name="PULL" value="#OFF"/>
					<config name="SLEW" value="SLOW"/>
					<config name="SRMUX" value="#OFF"/>
					<config name="TCEMUX" value="#OFF"/>
					<config name="TCKINV" value="#OFF"/>
					<config name="TFF" value="#OFF"/>
					<config name="TFFATTRBOX" value="#OFF"/>
					<config name="TINITMUX" value="#OFF"/>
					<config name="TRIMUX" value="#OFF"/>
					<config name="TSEL" value="#OFF"/>
				</instance>
				<instance name="led4" moduleRef="iob" libraryRef="template_work_lib">
					<config name="DRIVEATTRBOX" value="12"/>
					<config name="FFATTRBOX" value="#OFF"/>
					<config name="ICEMUX" value="#OFF"/>
					<config name="ICKINV" value="#OFF"/>
					<config name="IFF" value="#OFF"/>
					<config name="IFFINITATTR" value="#OFF"/>
					<config name="IFFMUX" value="#OFF"/>
					<config name="IINITMUX" value="#OFF"/>
					<config name="IMUX" value="#OFF"/>
					<config name="IOATTRBOX" value="LVTTL"/>
					<config name="OCEMUX" value="#OFF"/>
					<config name="OCKINV" value="#OFF"/>
					<config name="OFF" value="#OFF"/>
					<config name="OFFATTRBOX" value="#OFF"/>
					<config name="OINITMUX" value="#OFF"/>
					<config name="OMUX" value="O"/>
					<config name="OUTMUX" value="1"/>
					<config name="PULL" value="#OFF"/>
					<config name="SLEW" value="SLOW"/>
					<config name="SRMUX" value="#OFF"/>
					<config name="TCEMUX" value="#OFF"/>
					<config name="TCKINV" value="#OFF"/>
					<config name="TFF" value="#OFF"/>
					<config name="TFFATTRBOX" value="#OFF"/>
					<config name="TINITMUX" value="#OFF"/>
					<config name="TRIMUX" value="#OFF"/>
					<config name="TSEL" value="#OFF"/>
				</instance>
				<instance name="led5" moduleRef="iob" libraryRef="template_work_lib">
					<config name="DRIVEATTRBOX" value="12"/>
					<config name="FFATTRBOX" value="#OFF"/>
					<config name="ICEMUX" value="#OFF"/>
					<config name="ICKINV" value="#OFF"/>
					<config name="IFF" value="#OFF"/>
					<config name="IFFINITATTR" value="#OFF"/>
					<config name="IFFMUX" value="#OFF"/>
					<config name="IINITMUX" value="#OFF"/>
					<config name="IMUX" value="#OFF"/>
					<config name="IOATTRBOX" value="LVTTL"/>
					<config name="OCEMUX" value="#OFF"/>
					<config name="OCKINV" value="#OFF"/>
					<config name="OFF" value="#OFF"/>
					<config name="OFFATTRBOX" value="#OFF"/>
					<config name="OINITMUX" value="#OFF"/>
					<config name="OMUX" value="O"/>
					<config name="OUTMUX" value="1"/>
					<config name="PULL" value="#OFF"/>
					<config name="SLEW" value="SLOW"/>
					<config name="SRMUX" value="#OFF"/>
					<config name="TCEMUX" value="#OFF"/>
					<config name="TCKINV" value="#OFF"/>
					<config name="TFF" value="#OFF"/>
					<config name="TFFATTRBOX" value="#OFF"/>
					<config name="TINITMUX" value="#OFF"/>
					<config name="TRIMUX" value="#OFF"/>
					<config name="TSEL" value="#OFF"/>
				</instance>
				<instance name="led6" moduleRef="iob" libraryRef="template_work_lib">
					<config name="DRIVEATTRBOX" value="12"/>
					<config name="FFATTRBOX" value="#OFF"/>
					<config name="ICEMUX" value="#OFF"/>
					<config name="ICKINV" value="#OFF"/>
					<config name="IFF" value="#OFF"/>
					<config name="IFFINITATTR" value="#OFF"/>
					<config name="IFFMUX" value="#OFF"/>
					<config name="IINITMUX" value="#OFF"/>
					<config name="IMUX" value="#OFF"/>
					<config name="IOATTRBOX" value="LVTTL"/>
					<config name="OCEMUX" value="#OFF"/>
					<config name="OCKINV" value="#OFF"/>
					<config name="OFF" value="#OFF"/>
					<config name="OFFATTRBOX" value="#OFF"/>
					<config name="OINITMUX" value="#OFF"/>
					<config name="OMUX" value="O"/>
					<config name="OUTMUX" value="1"/>
					<config name="PULL" value="#OFF"/>
					<config name="SLEW" value="SLOW"/>
					<config name="SRMUX" value="#OFF"/>
					<config name="TCEMUX" value="#OFF"/>
					<config name="TCKINV" value="#OFF"/>
					<config name="TFF" value="#OFF"/>
					<config name="TFFATTRBOX" value="#OFF"/>
					<config name="TINITMUX" value="#OFF"/>
					<config name="TRIMUX" value="#OFF"/>
					<config name="TSEL" value="#OFF"/>
				</instance>
				<instance name="led7" moduleRef="iob" libraryRef="template_work_lib">
					<config name="DRIVEATTRBOX" value="12"/>
					<config name="FFATTRBOX" value="#OFF"/>
					<config name="ICEMUX" value="#OFF"/>
					<config name="ICKINV" value="#OFF"/>
					<config name="IFF" value="#OFF"/>
					<config name="IFFINITATTR" value="#OFF"/>
					<config name="IFFMUX" value="#OFF"/>
					<config name="IINITMUX" value="#OFF"/>
					<config name="IMUX" value="#OFF"/>
					<config name="IOATTRBOX" value="LVTTL"/>
					<config name="OCEMUX" value="#OFF"/>
					<config name="OCKINV" value="#OFF"/>
					<config name="OFF" value="#OFF"/>
					<config name="OFFATTRBOX" value="#OFF"/>
					<config name="OINITMUX" value="#OFF"/>
					<config name="OMUX" value="O"/>
					<config name="OUTMUX" value="1"/>
					<config name="PULL" value="#OFF"/>
					<config name="SLEW" value="SLOW"/>
					<config name="SRMUX" value="#OFF"/>
					<config name="TCEMUX" value="#OFF"/>
					<config name="TCKINV" value="#OFF"/>
					<config name="TFF" value="#OFF"/>
					<config name="TFFATTRBOX" value="#OFF"/>
					<config name="TINITMUX" value="#OFF"/>
					<config name="TRIMUX" value="#OFF"/>
					<config name="TSEL" value="#OFF"/>
				</instance>
				<instance name="iGclk_buf__0__" moduleRef="gclk" libraryRef="template_work_lib">
					<config name="CEMUX" value="1"/>
					<config name="DISABLE_ATTR" value="LOW"/>
					<config name="CE_POWER" value="#OFF"/>
					<config name="GCLK_BUFFER" value="#OFF"/>
				</instance>
				<instance name="clk" moduleRef="gclkiob" libraryRef="template_work_lib">
					<config name="IOATTRBOX" value="LVTTL"/>
					<config name="GCLK_BUF" value="#OFF"/>
					<config name="PAD" value="#OFF"/>
				</instance>
				<net name="clk">
					<portRef name="clk"/>
					<portRef name="PAD" instanceRef="clk"/>
				</net>
				<net name="row0">
					<portRef name="row0"/>
					<portRef name="PAD" instanceRef="row0"/>
				</net>
				<net name="row1">
					<portRef name="row1"/>
					<portRef name="PAD" instanceRef="row1"/>
				</net>
				<net name="row2">
					<portRef name="row2"/>
					<portRef name="PAD" instanceRef="row2"/>
				</net>
				<net name="row3">
					<portRef name="row3"/>
					<portRef name="PAD" instanceRef="row3"/>
				</net>
				<net name="col0">
					<portRef name="col0"/>
					<portRef name="PAD" instanceRef="col0"/>
				</net>
				<net name="col1">
					<portRef name="col1"/>
					<portRef name="PAD" instanceRef="col1"/>
				</net>
				<net name="col2">
					<portRef name="col2"/>
					<portRef name="PAD" instanceRef="col2"/>
				</net>
				<net name="col3">
					<portRef name="col3"/>
					<portRef name="PAD" instanceRef="col3"/>
				</net>
				<net name="net_Buf-pad-clk">
					<portRef name="GCLKOUT" instanceRef="clk"/>
					<portRef name="IN" instanceRef="iGclk_buf__0__"/>
				</net>
				<net name="net_led0_reg">
					<portRef name="XQ" instanceRef="iSlice__0__"/>
					<portRef name="OUT" instanceRef="led0"/>
				</net>
				<net name="net_led1_reg">
					<portRef name="YQ" instanceRef="iSlice__0__"/>
					<portRef name="OUT" instanceRef="led1"/>
				</net>
				<net name="net_led2_reg">
					<portRef name="XQ" instanceRef="iSlice__1__"/>
					<portRef name="OUT" instanceRef="led2"/>
				</net>
				<net name="net_led3_reg">
					<portRef name="YQ" instanceRef="iSlice__1__"/>
					<portRef name="OUT" instanceRef="led3"/>
				</net>
				<net name="net_led4_reg">
					<portRef name="XQ" instanceRef="iSlice__2__"/>
					<portRef name="OUT" instanceRef="led4"/>
				</net>
				<net name="net_led5_reg">
					<portRef name="YQ" instanceRef="iSlice__2__"/>
					<portRef name="OUT" instanceRef="led5"/>
				</net>
				<net name="net_led6_reg">
					<portRef name="XQ" instanceRef="iSlice__3__"/>
					<portRef name="OUT" instanceRef="led6"/>
				</net>
				<net name="net_led7_reg">
					<portRef name="YQ" instanceRef="iSlice__3__"/>
					<portRef name="OUT" instanceRef="led7"/>
				</net>
				<net name="net_Buf-pad-row0">
					<portRef name="IN" instanceRef="row0"/>
					<portRef name="BX" instanceRef="iSlice__0__"/>
				</net>
				<net name="net_IBuf-clkpad-clk" type="clock">
					<portRef name="OUT" instanceRef="iGclk_buf__0__"/>
					<portRef name="CLK" instanceRef="iSlice__0__"/>
					<portRef name="CLK" instanceRef="iSlice__1__"/>
					<portRef name="CLK" instanceRef="iSlice__2__"/>
					<portRef name="CLK" instanceRef="iSlice__3__"/>
				</net>
				<net name="net_Buf-pad-row1">
					<portRef name="IN" instanceRef="row1"/>
					<portRef name="BY" instanceRef="iSlice__0__"/>
				</net>
				<net name="net_Buf-pad-row2">
					<portRef name="IN" instanceRef="row2"/>
					<portRef name="BX" instanceRef="iSlice__1__"/>
				</net>
				<net name="net_Buf-pad-row3">
					<portRef name="IN" instanceRef="row3"/>
					<portRef name="BY" instanceRef="iSlice__1__"/>
				</net>
				<net name="net_Buf-pad-col0">
					<portRef name="IN" instanceRef="col0"/>
					<portRef name="BX" instanceRef="iSlice__2__"/>
				</net>
				<net name="net_Buf-pad-col1">
					<portRef name="IN" instanceRef="col1"/>
					<portRef name="BY" instanceRef="iSlice__2__"/>
				</net>
				<net name="net_Buf-pad-col2">
					<portRef name="IN" instanceRef="col2"/>
					<portRef name="BX" instanceRef="iSlice__3__"/>
				</net>
				<net name="net_Buf-pad-col3">
					<portRef name="IN" instanceRef="col3"/>
					<portRef name="BY" instanceRef="iSlice__3__"/>
				</net>
				<net name="led0">
					<portRef name="PAD" instanceRef="led0"/>
					<portRef name="led0"/>
				</net>
				<net name="led1">
					<portRef name="PAD" instanceRef="led1"/>
					<portRef name="led1"/>
				</net>
				<net name="led2">
					<portRef name="PAD" instanceRef="led2"/>
					<portRef name="led2"/>
				</net>
				<net name="led3">
					<portRef name="PAD" instanceRef="led3"/>
					<portRef name="led3"/>
				</net>
				<net name="led4">
					<portRef name="PAD" instanceRef="led4"/>
					<portRef name="led4"/>
				</net>
				<net name="led5">
					<portRef name="PAD" instanceRef="led5"/>
					<portRef name="led5"/>
				</net>
				<net name="led6">
					<portRef name="PAD" instanceRef="led6"/>
					<portRef name="led6"/>
				</net>
				<net name="led7">
					<portRef name="PAD" instanceRef="led7"/>
					<portRef name="led7"/>
				</net>
			</contents>
		</module>
	</library>
	<topModule name="keypad" libraryRef="work_lib"/>
</design>

