<design name="keypad">
	<external name="cell_lib">
		<module name="DFFHQ" type="FFLATCH">
			<property name="edge" value="rise"/>
			<port name="D" direction="input"/>
			<port name="CK" direction="input" type="clock"/>
			<port name="Q" direction="output"/>
		</module>
	</external>
	<library name="work_lib">
		<module name="keypad" type="GENERIC">
			<port name="clk" direction="input"/>
			<port name="row0" direction="input"/>
			<port name="row1" direction="input"/>
			<port name="row2" direction="input"/>
			<port name="row3" direction="input"/>
			<port name="col0" direction="input"/>
			<port name="col1" direction="input"/>
			<port name="col2" direction="input"/>
			<port name="col3" direction="input"/>
			<port name="led0" direction="output"/>
			<port name="led1" direction="output"/>
			<port name="led2" direction="output"/>
			<port name="led3" direction="output"/>
			<port name="led4" direction="output"/>
			<port name="led5" direction="output"/>
			<port name="led6" direction="output"/>
			<port name="led7" direction="output"/>
			<contents>
				<instance name="led0_reg" moduleRef="DFFHQ" libraryRef="cell_lib"/>
				<instance name="led1_reg" moduleRef="DFFHQ" libraryRef="cell_lib"/>
				<instance name="led2_reg" moduleRef="DFFHQ" libraryRef="cell_lib"/>
				<instance name="led3_reg" moduleRef="DFFHQ" libraryRef="cell_lib"/>
				<instance name="led4_reg" moduleRef="DFFHQ" libraryRef="cell_lib"/>
				<instance name="led5_reg" moduleRef="DFFHQ" libraryRef="cell_lib"/>
				<instance name="led6_reg" moduleRef="DFFHQ" libraryRef="cell_lib"/>
				<instance name="led7_reg" moduleRef="DFFHQ" libraryRef="cell_lib"/>
				<net name="clk">
					<portRef name="clk"/>
					<portRef name="CK" instanceRef="led0_reg"/>
					<portRef name="CK" instanceRef="led1_reg"/>
					<portRef name="CK" instanceRef="led2_reg"/>
					<portRef name="CK" instanceRef="led3_reg"/>
					<portRef name="CK" instanceRef="led4_reg"/>
					<portRef name="CK" instanceRef="led5_reg"/>
					<portRef name="CK" instanceRef="led6_reg"/>
					<portRef name="CK" instanceRef="led7_reg"/>
				</net>
				<net name="row0">
					<portRef name="row0"/>
					<portRef name="D" instanceRef="led0_reg"/>
				</net>
				<net name="row1">
					<portRef name="row1"/>
					<portRef name="D" instanceRef="led1_reg"/>
				</net>
				<net name="row2">
					<portRef name="row2"/>
					<portRef name="D" instanceRef="led2_reg"/>
				</net>
				<net name="row3">
					<portRef name="row3"/>
					<portRef name="D" instanceRef="led3_reg"/>
				</net>
				<net name="col0">
					<portRef name="col0"/>
					<portRef name="D" instanceRef="led4_reg"/>
				</net>
				<net name="col1">
					<portRef name="col1"/>
					<portRef name="D" instanceRef="led5_reg"/>
				</net>
				<net name="col2">
					<portRef name="col2"/>
					<portRef name="D" instanceRef="led6_reg"/>
				</net>
				<net name="col3">
					<portRef name="col3"/>
					<portRef name="D" instanceRef="led7_reg"/>
				</net>
				<net name="led0">
					<portRef name="Q" instanceRef="led0_reg"/>
					<portRef name="led0"/>
				</net>
				<net name="led1">
					<portRef name="Q" instanceRef="led1_reg"/>
					<portRef name="led1"/>
				</net>
				<net name="led2">
					<portRef name="Q" instanceRef="led2_reg"/>
					<portRef name="led2"/>
				</net>
				<net name="led3">
					<portRef name="Q" instanceRef="led3_reg"/>
					<portRef name="led3"/>
				</net>
				<net name="led4">
					<portRef name="Q" instanceRef="led4_reg"/>
					<portRef name="led4"/>
				</net>
				<net name="led5">
					<portRef name="Q" instanceRef="led5_reg"/>
					<portRef name="led5"/>
				</net>
				<net name="led6">
					<portRef name="Q" instanceRef="led6_reg"/>
					<portRef name="led6"/>
				</net>
				<net name="led7">
					<portRef name="Q" instanceRef="led7_reg"/>
					<portRef name="led7"/>
				</net>
			</contents>
		</module>
	</library>
	<topModule name="keypad" libraryRef="work_lib"/>
</design>

