<design name="keypad">
	<external name="template_work_lib">
		<module name="slice" type="SLICE">
			<port name="CIN" direction="input" capacitance="0.00000"/>
			<port name="SR" direction="input" capacitance="0.00000"/>
			<port name="CLK" direction="input" capacitance="0.00000"/>
			<port name="CE" direction="input" capacitance="0.00000"/>
			<port name="BX" direction="input" capacitance="0.00000"/>
			<port name="F1" direction="input" capacitance="0.00000"/>
			<port name="F2" direction="input" capacitance="0.00000"/>
			<port name="F3" direction="input" capacitance="0.00000"/>
			<port name="F4" direction="input" capacitance="0.00000"/>
			<port name="F5IN" direction="input" capacitance="0.00000"/>
			<port name="BY" direction="input" capacitance="0.00000"/>
			<port name="G1" direction="input" capacitance="0.00000"/>
			<port name="G2" direction="input" capacitance="0.00000"/>
			<port name="G3" direction="input" capacitance="0.00000"/>
			<port name="G4" direction="input" capacitance="0.00000"/>
			<port name="XQ" direction="output" capacitance="0.00000"/>
			<port name="X" direction="output" capacitance="0.00000"/>
			<port name="F5" direction="output" capacitance="0.00000"/>
			<port name="XB" direction="output" capacitance="0.00000"/>
			<port name="YQ" direction="output" capacitance="0.00000"/>
			<port name="Y" direction="output" capacitance="0.00000"/>
			<port name="YB" direction="output" capacitance="0.00000"/>
			<port name="COUT" direction="output" capacitance="0.00000"/>
		</module>
		<module name="iob" type="IOB">
			<port name="TRI" direction="input" capacitance="0.00000"/>
			<port name="TRICE" direction="input" capacitance="0.00000"/>
			<port name="OUT" direction="input" capacitance="0.00000"/>
			<port name="OUTCE" direction="input" capacitance="0.00000"/>
			<port name="INCE" direction="input" capacitance="0.00000"/>
			<port name="CLK" direction="input" capacitance="0.00000"/>
			<port name="SR" direction="input" capacitance="0.00000"/>
			<port name="IN" direction="output" capacitance="0.00000"/>
			<port name="IQ" direction="output" capacitance="0.00000"/>
			<port name="PAD" direction="inout" capacitance="0.00000"/>
		</module>
		<module name="gclk" type="GCLK">
			<port name="CE" direction="input" capacitance="0.00000"/>
			<port name="IN" direction="input" capacitance="0.00000"/>
			<port name="OUT" direction="output" capacitance="0.00000"/>
		</module>
		<module name="gclkiob" type="GCLKIOB">
			<port name="PAD" direction="inout" capacitance="0.00000"/>
			<port name="GCLKOUT" direction="output" capacitance="0.00000"/>
		</module>
	</external>
	<library name="work_lib">
		<module name="keypad">
			<port name="clk" direction="input" capacitance="0.00000"/>
			<port name="row0" direction="input" capacitance="0.00000"/>
			<port name="row1" direction="input" capacitance="0.00000"/>
			<port name="row2" direction="input" capacitance="0.00000"/>
			<port name="row3" direction="input" capacitance="0.00000"/>
			<port name="col0" direction="input" capacitance="0.00000"/>
			<port name="col1" direction="input" capacitance="0.00000"/>
			<port name="col2" direction="input" capacitance="0.00000"/>
			<port name="col3" direction="input" capacitance="0.00000"/>
			<port name="led0" direction="output" capacitance="0.00000"/>
			<port name="led1" direction="output" capacitance="0.00000"/>
			<port name="led2" direction="output" capacitance="0.00000"/>
			<port name="led3" direction="output" capacitance="0.00000"/>
			<port name="led4" direction="output" capacitance="0.00000"/>
			<port name="led5" direction="output" capacitance="0.00000"/>
			<port name="led6" direction="output" capacitance="0.00000"/>
			<port name="led7" direction="output" capacitance="0.00000"/>
			<contents>
				<instance name="iSlice__0__" moduleRef="slice" libraryRef="template_work_lib">
					<property name="position" type="point" value="5,31,0"/>
					<config name="BXMUX" value="BX"/>
					<config name="BYMUX" value="BY"/>
					<config name="CEMUX" value="#OFF"/>
					<config name="CKINV" value="1"/>
					<config name="COUTUSED" value="#OFF"/>
					<config name="CY0F" value="#OFF"/>
					<config name="CY0G" value="#OFF"/>
					<config name="CYINIT" value="#OFF"/>
					<config name="CYSELF" value="#OFF"/>
					<config name="CYSELG" value="#OFF"/>
					<config name="DXMUX" value="0"/>
					<config name="DYMUX" value="0"/>
					<config name="F" value="#OFF"/>
					<config name="F5USED" value="#OFF"/>
					<config name="FFX" value="#FF"/>
					<config name="FFY" value="#FF"/>
					<config name="FXMUX" value="#OFF"/>
					<config name="G" value="#OFF"/>
					<config name="GYMUX" value="#OFF"/>
					<config name="INITX" value="LOW"/>
					<config name="INITY" value="LOW"/>
					<config name="RAMCONFIG" value="#OFF"/>
					<config name="REVUSED" value="#OFF"/>
					<config name="SRFFMUX" value="#OFF"/>
					<config name="SRMUX" value="#OFF"/>
					<config name="SYNC_ATTR" value="ASYNC"/>
					<config name="XBUSED" value="#OFF"/>
					<config name="XUSED" value="#OFF"/>
					<config name="YBMUX" value="#OFF"/>
					<config name="YUSED" value="#OFF"/>
				</instance>
				<instance name="iSlice__1__" moduleRef="slice" libraryRef="template_work_lib">
					<property name="position" type="point" value="3,16,0"/>
					<config name="BXMUX" value="BX"/>
					<config name="BYMUX" value="BY"/>
					<config name="CEMUX" value="#OFF"/>
					<config name="CKINV" value="1"/>
					<config name="COUTUSED" value="#OFF"/>
					<config name="CY0F" value="#OFF"/>
					<config name="CY0G" value="#OFF"/>
					<config name="CYINIT" value="#OFF"/>
					<config name="CYSELF" value="#OFF"/>
					<config name="CYSELG" value="#OFF"/>
					<config name="DXMUX" value="0"/>
					<config name="DYMUX" value="0"/>
					<config name="F" value="#OFF"/>
					<config name="F5USED" value="#OFF"/>
					<config name="FFX" value="#FF"/>
					<config name="FFY" value="#FF"/>
					<config name="FXMUX" value="#OFF"/>
					<config name="G" value="#OFF"/>
					<config name="GYMUX" value="#OFF"/>
					<config name="INITX" value="LOW"/>
					<config name="INITY" value="LOW"/>
					<config name="RAMCONFIG" value="#OFF"/>
					<config name="REVUSED" value="#OFF"/>
					<config name="SRFFMUX" value="#OFF"/>
					<config name="SRMUX" value="#OFF"/>
					<config name="SYNC_ATTR" value="ASYNC"/>
					<config name="XBUSED" value="#OFF"/>
					<config name="XUSED" value="#OFF"/>
					<config name="YBMUX" value="#OFF"/>
					<config name="YUSED" value="#OFF"/>
				</instance>
				<instance name="iSlice__2__" moduleRef="slice" libraryRef="template_work_lib">
					<property name="position" type="point" value="2,23,0"/>
					<config name="BXMUX" value="BX"/>
					<config name="BYMUX" value="BY"/>
					<config name="CEMUX" value="#OFF"/>
					<config name="CKINV" value="1"/>
					<config name="COUTUSED" value="#OFF"/>
					<config name="CY0F" value="#OFF"/>
					<config name="CY0G" value="#OFF"/>
					<config name="CYINIT" value="#OFF"/>
					<config name="CYSELF" value="#OFF"/>
					<config name="CYSELG" value="#OFF"/>
					<config name="DXMUX" value="0"/>
					<config name="DYMUX" value="0"/>
					<config name="F" value="#OFF"/>
					<config name="F5USED" value="#OFF"/>
					<config name="FFX" value="#FF"/>
					<config name="FFY" value="#FF"/>
					<config name="FXMUX" value="#OFF"/>
					<config name="G" value="#OFF"/>
					<config name="GYMUX" value="#OFF"/>
					<config name="INITX" value="LOW"/>
					<config name="INITY" value="LOW"/>
					<config name="RAMCONFIG" value="#OFF"/>
					<config name="REVUSED" value="#OFF"/>
					<config name="SRFFMUX" value="#OFF"/>
					<config name="SRMUX" value="#OFF"/>
					<config name="SYNC_ATTR" value="ASYNC"/>
					<config name="XBUSED" value="#OFF"/>
					<config name="XUSED" value="#OFF"/>
					<config name="YBMUX" value="#OFF"/>
					<config name="YUSED" value="#OFF"/>
				</instance>
				<instance name="iSlice__3__" moduleRef="slice" libraryRef="template_work_lib">
					<property name="position" type="point" value="5,44,0"/>
					<config name="BXMUX" value="BX"/>
					<config name="BYMUX" value="BY"/>
					<config name="CEMUX" value="#OFF"/>
					<config name="CKINV" value="1"/>
					<config name="COUTUSED" value="#OFF"/>
					<config name="CY0F" value="#OFF"/>
					<config name="CY0G" value="#OFF"/>
					<config name="CYINIT" value="#OFF"/>
					<config name="CYSELF" value="#OFF"/>
					<config name="CYSELG" value="#OFF"/>
					<config name="DXMUX" value="0"/>
					<config name="DYMUX" value="0"/>
					<config name="F" value="#OFF"/>
					<config name="F5USED" value="#OFF"/>
					<config name="FFX" value="#FF"/>
					<config name="FFY" value="#FF"/>
					<config name="FXMUX" value="#OFF"/>
					<config name="G" value="#OFF"/>
					<config name="GYMUX" value="#OFF"/>
					<config name="INITX" value="LOW"/>
					<config name="INITY" value="LOW"/>
					<config name="RAMCONFIG" value="#OFF"/>
					<config name="REVUSED" value="#OFF"/>
					<config name="SRFFMUX" value="#OFF"/>
					<config name="SRMUX" value="#OFF"/>
					<config name="SYNC_ATTR" value="ASYNC"/>
					<config name="XBUSED" value="#OFF"/>
					<config name="XUSED" value="#OFF"/>
					<config name="YBMUX" value="#OFF"/>
					<config name="YUSED" value="#OFF"/>
				</instance>
				<instance name="row0" moduleRef="iob" libraryRef="template_work_lib">
					<property name="position" type="point" value="4,53,3"/>
					<config name="DRIVEATTRBOX" value="#OFF"/>
					<config name="FFATTRBOX" value="#OFF"/>
					<config name="ICEMUX" value="#OFF"/>
					<config name="ICKINV" value="#OFF"/>
					<config name="IFF" value="#OFF"/>
					<config name="IFFINITATTR" value="#OFF"/>
					<config name="IFFMUX" value="#OFF"/>
					<config name="IINITMUX" value="#OFF"/>
					<config name="IMUX" value="1"/>
					<config name="IOATTRBOX" value="LVTTL"/>
					<config name="OCEMUX" value="#OFF"/>
					<config name="OCKINV" value="#OFF"/>
					<config name="OFF" value="#OFF"/>
					<config name="OFFATTRBOX" value="#OFF"/>
					<config name="OINITMUX" value="#OFF"/>
					<config name="OMUX" value="#OFF"/>
					<config name="OUTMUX" value="#OFF"/>
					<config name="PULL" value="#OFF"/>
					<config name="SLEW" value="#OFF"/>
					<config name="SRMUX" value="#OFF"/>
					<config name="TCEMUX" value="#OFF"/>
					<config name="TCKINV" value="#OFF"/>
					<config name="TFF" value="#OFF"/>
					<config name="TFFATTRBOX" value="#OFF"/>
					<config name="TINITMUX" value="#OFF"/>
					<config name="TRIMUX" value="#OFF"/>
					<config name="TSEL" value="#OFF"/>
				</instance>
				<instance name="row1" moduleRef="iob" libraryRef="template_work_lib">
					<property name="position" type="point" value="7,53,1"/>
					<config name="DRIVEATTRBOX" value="#OFF"/>
					<config name="FFATTRBOX" value="#OFF"/>
					<config name="ICEMUX" value="#OFF"/>
					<config name="ICKINV" value="#OFF"/>
					<config name="IFF" value="#OFF"/>
					<config name="IFFINITATTR" value="#OFF"/>
					<config name="IFFMUX" value="#OFF"/>
					<config name="IINITMUX" value="#OFF"/>
					<config name="IMUX" value="1"/>
					<config name="IOATTRBOX" value="LVTTL"/>
					<config name="OCEMUX" value="#OFF"/>
					<config name="OCKINV" value="#OFF"/>
					<config name="OFF" value="#OFF"/>
					<config name="OFFATTRBOX" value="#OFF"/>
					<config name="OINITMUX" value="#OFF"/>
					<config name="OMUX" value="#OFF"/>
					<config name="OUTMUX" value="#OFF"/>
					<config name="PULL" value="#OFF"/>
					<config name="SLEW" value="#OFF"/>
					<config name="SRMUX" value="#OFF"/>
					<config name="TCEMUX" value="#OFF"/>
					<config name="TCKINV" value="#OFF"/>
					<config name="TFF" value="#OFF"/>
					<config name="TFFATTRBOX" value="#OFF"/>
					<config name="TINITMUX" value="#OFF"/>
					<config name="TRIMUX" value="#OFF"/>
					<config name="TSEL" value="#OFF"/>
				</instance>
				<instance name="row2" moduleRef="iob" libraryRef="template_work_lib">
					<property name="position" type="point" value="5,53,1"/>
					<config name="DRIVEATTRBOX" value="#OFF"/>
					<config name="FFATTRBOX" value="#OFF"/>
					<config name="ICEMUX" value="#OFF"/>
					<config name="ICKINV" value="#OFF"/>
					<config name="IFF" value="#OFF"/>
					<config name="IFFINITATTR" value="#OFF"/>
					<config name="IFFMUX" value="#OFF"/>
					<config name="IINITMUX" value="#OFF"/>
					<config name="IMUX" value="1"/>
					<config name="IOATTRBOX" value="LVTTL"/>
					<config name="OCEMUX" value="#OFF"/>
					<config name="OCKINV" value="#OFF"/>
					<config name="OFF" value="#OFF"/>
					<config name="OFFATTRBOX" value="#OFF"/>
					<config name="OINITMUX" value="#OFF"/>
					<config name="OMUX" value="#OFF"/>
					<config name="OUTMUX" value="#OFF"/>
					<config name="PULL" value="#OFF"/>
					<config name="SLEW" value="#OFF"/>
					<config name="SRMUX" value="#OFF"/>
					<config name="TCEMUX" value="#OFF"/>
					<config name="TCKINV" value="#OFF"/>
					<config name="TFF" value="#OFF"/>
					<config name="TFFATTRBOX" value="#OFF"/>
					<config name="TINITMUX" value="#OFF"/>
					<config name="TRIMUX" value="#OFF"/>
					<config name="TSEL" value="#OFF"/>
				</instance>
				<instance name="row3" moduleRef="iob" libraryRef="template_work_lib">
					<property name="position" type="point" value="3,53,1"/>
					<config name="DRIVEATTRBOX" value="#OFF"/>
					<config name="FFATTRBOX" value="#OFF"/>
					<config name="ICEMUX" value="#OFF"/>
					<config name="ICKINV" value="#OFF"/>
					<config name="IFF" value="#OFF"/>
					<config name="IFFINITATTR" value="#OFF"/>
					<config name="IFFMUX" value="#OFF"/>
					<config name="IINITMUX" value="#OFF"/>
					<config name="IMUX" value="1"/>
					<config name="IOATTRBOX" value="LVTTL"/>
					<config name="OCEMUX" value="#OFF"/>
					<config name="OCKINV" value="#OFF"/>
					<config name="OFF" value="#OFF"/>
					<config name="OFFATTRBOX" value="#OFF"/>
					<config name="OINITMUX" value="#OFF"/>
					<config name="OMUX" value="#OFF"/>
					<config name="OUTMUX" value="#OFF"/>
					<config name="PULL" value="#OFF"/>
					<config name="SLEW" value="#OFF"/>
					<config name="SRMUX" value="#OFF"/>
					<config name="TCEMUX" value="#OFF"/>
					<config name="TCKINV" value="#OFF"/>
					<config name="TFF" value="#OFF"/>
					<config name="TFFATTRBOX" value="#OFF"/>
					<config name="TINITMUX" value="#OFF"/>
					<config name="TRIMUX" value="#OFF"/>
					<config name="TSEL" value="#OFF"/>
				</instance>
				<instance name="col0" moduleRef="iob" libraryRef="template_work_lib">
					<property name="position" type="point" value="0,52,1"/>
					<config name="DRIVEATTRBOX" value="#OFF"/>
					<config name="FFATTRBOX" value="#OFF"/>
					<config name="ICEMUX" value="#OFF"/>
					<config name="ICKINV" value="#OFF"/>
					<config name="IFF" value="#OFF"/>
					<config name="IFFINITATTR" value="#OFF"/>
					<config name="IFFMUX" value="#OFF"/>
					<config name="IINITMUX" value="#OFF"/>
					<config name="IMUX" value="1"/>
					<config name="IOATTRBOX" value="LVTTL"/>
					<config name="OCEMUX" value="#OFF"/>
					<config name="OCKINV" value="#OFF"/>
					<config name="OFF" value="#OFF"/>
					<config name="OFFATTRBOX" value="#OFF"/>
					<config name="OINITMUX" value="#OFF"/>
					<config name="OMUX" value="#OFF"/>
					<config name="OUTMUX" value="#OFF"/>
					<config name="PULL" value="#OFF"/>
					<config name="SLEW" value="#OFF"/>
					<config name="SRMUX" value="#OFF"/>
					<config name="TCEMUX" value="#OFF"/>
					<config name="TCKINV" value="#OFF"/>
					<config name="TFF" value="#OFF"/>
					<config name="TFFATTRBOX" value="#OFF"/>
					<config name="TINITMUX" value="#OFF"/>
					<config name="TRIMUX" value="#OFF"/>
					<config name="TSEL" value="#OFF"/>
				</instance>
				<instance name="col1" moduleRef="iob" libraryRef="template_work_lib">
					<property name="position" type="point" value="0,52,2"/>
					<config name="DRIVEATTRBOX" value="#OFF"/>
					<config name="FFATTRBOX" value="#OFF"/>
					<config name="ICEMUX" value="#OFF"/>
					<config name="ICKINV" value="#OFF"/>
					<config name="IFF" value="#OFF"/>
					<config name="IFFINITATTR" value="#OFF"/>
					<config name="IFFMUX" value="#OFF"/>
					<config name="IINITMUX" value="#OFF"/>
					<config name="IMUX" value="1"/>
					<config name="IOATTRBOX" value="LVTTL"/>
					<config name="OCEMUX" value="#OFF"/>
					<config name="OCKINV" value="#OFF"/>
					<config name="OFF" value="#OFF"/>
					<config name="OFFATTRBOX" value="#OFF"/>
					<config name="OINITMUX" value="#OFF"/>
					<config name="OMUX" value="#OFF"/>
					<config name="OUTMUX" value="#OFF"/>
					<config name="PULL" value="#OFF"/>
					<config name="SLEW" value="#OFF"/>
					<config name="SRMUX" value="#OFF"/>
					<config name="TCEMUX" value="#OFF"/>
					<config name="TCKINV" value="#OFF"/>
					<config name="TFF" value="#OFF"/>
					<config name="TFFATTRBOX" value="#OFF"/>
					<config name="TINITMUX" value="#OFF"/>
					<config name="TRIMUX" value="#OFF"/>
					<config name="TSEL" value="#OFF"/>
				</instance>
				<instance name="col2" moduleRef="iob" libraryRef="template_work_lib">
					<property name="position" type="point" value="0,49,1"/>
					<config name="DRIVEATTRBOX" value="#OFF"/>
					<config name="FFATTRBOX" value="#OFF"/>
					<config name="ICEMUX" value="#OFF"/>
					<config name="ICKINV" value="#OFF"/>
					<config name="IFF" value="#OFF"/>
					<config name="IFFINITATTR" value="#OFF"/>
					<config name="IFFMUX" value="#OFF"/>
					<config name="IINITMUX" value="#OFF"/>
					<config name="IMUX" value="1"/>
					<config name="IOATTRBOX" value="LVTTL"/>
					<config name="OCEMUX" value="#OFF"/>
					<config name="OCKINV" value="#OFF"/>
					<config name="OFF" value="#OFF"/>
					<config name="OFFATTRBOX" value="#OFF"/>
					<config name="OINITMUX" value="#OFF"/>
					<config name="OMUX" value="#OFF"/>
					<config name="OUTMUX" value="#OFF"/>
					<config name="PULL" value="#OFF"/>
					<config name="SLEW" value="#OFF"/>
					<config name="SRMUX" value="#OFF"/>
					<config name="TCEMUX" value="#OFF"/>
					<config name="TCKINV" value="#OFF"/>
					<config name="TFF" value="#OFF"/>
					<config name="TFFATTRBOX" value="#OFF"/>
					<config name="TINITMUX" value="#OFF"/>
					<config name="TRIMUX" value="#OFF"/>
					<config name="TSEL" value="#OFF"/>
				</instance>
				<instance name="col3" moduleRef="iob" libraryRef="template_work_lib">
					<property name="position" type="point" value="0,47,2"/>
					<config name="DRIVEATTRBOX" value="#OFF"/>
					<config name="FFATTRBOX" value="#OFF"/>
					<config name="ICEMUX" value="#OFF"/>
					<config name="ICKINV" value="#OFF"/>
					<config name="IFF" value="#OFF"/>
					<config name="IFFINITATTR" value="#OFF"/>
					<config name="IFFMUX" value="#OFF"/>
					<config name="IINITMUX" value="#OFF"/>
					<config name="IMUX" value="1"/>
					<config name="IOATTRBOX" value="LVTTL"/>
					<config name="OCEMUX" value="#OFF"/>
					<config name="OCKINV" value="#OFF"/>
					<config name="OFF" value="#OFF"/>
					<config name="OFFATTRBOX" value="#OFF"/>
					<config name="OINITMUX" value="#OFF"/>
					<config name="OMUX" value="#OFF"/>
					<config name="OUTMUX" value="#OFF"/>
					<config name="PULL" value="#OFF"/>
					<config name="SLEW" value="#OFF"/>
					<config name="SRMUX" value="#OFF"/>
					<config name="TCEMUX" value="#OFF"/>
					<config name="TCKINV" value="#OFF"/>
					<config name="TFF" value="#OFF"/>
					<config name="TFFATTRBOX" value="#OFF"/>
					<config name="TINITMUX" value="#OFF"/>
					<config name="TRIMUX" value="#OFF"/>
					<config name="TSEL" value="#OFF"/>
				</instance>
				<instance name="led0" moduleRef="iob" libraryRef="template_work_lib">
					<property name="position" type="point" value="5,1,2"/>
					<config name="DRIVEATTRBOX" value="12"/>
					<config name="FFATTRBOX" value="#OFF"/>
					<config name="ICEMUX" value="#OFF"/>
					<config name="ICKINV" value="#OFF"/>
					<config name="IFF" value="#OFF"/>
					<config name="IFFINITATTR" value="#OFF"/>
					<config name="IFFMUX" value="#OFF"/>
					<config name="IINITMUX" value="#OFF"/>
					<config name="IMUX" value="#OFF"/>
					<config name="IOATTRBOX" value="LVTTL"/>
					<config name="OCEMUX" value="#OFF"/>
					<config name="OCKINV" value="#OFF"/>
					<config name="OFF" value="#OFF"/>
					<config name="OFFATTRBOX" value="#OFF"/>
					<config name="OINITMUX" value="#OFF"/>
					<config name="OMUX" value="O"/>
					<config name="OUTMUX" value="1"/>
					<config name="PULL" value="#OFF"/>
					<config name="SLEW" value="SLOW"/>
					<config name="SRMUX" value="#OFF"/>
					<config name="TCEMUX" value="#OFF"/>
					<config name="TCKINV" value="#OFF"/>
					<config name="TFF" value="#OFF"/>
					<config name="TFFATTRBOX" value="#OFF"/>
					<config name="TINITMUX" value="#OFF"/>
					<config name="TRIMUX" value="#OFF"/>
					<config name="TSEL" value="#OFF"/>
				</instance>
				<instance name="led1" moduleRef="iob" libraryRef="template_work_lib">
					<property name="position" type="point" value="5,1,1"/>
					<config name="DRIVEATTRBOX" value="12"/>
					<config name="FFATTRBOX" value="#OFF"/>
					<config name="ICEMUX" value="#OFF"/>
					<config name="ICKINV" value="#OFF"/>
					<config name="IFF" value="#OFF"/>
					<config name="IFFINITATTR" value="#OFF"/>
					<config name="IFFMUX" value="#OFF"/>
					<config name="IINITMUX" value="#OFF"/>
					<config name="IMUX" value="#OFF"/>
					<config name="IOATTRBOX" value="LVTTL"/>
					<config name="OCEMUX" value="#OFF"/>
					<config name="OCKINV" value="#OFF"/>
					<config name="OFF" value="#OFF"/>
					<config name="OFFATTRBOX" value="#OFF"/>
					<config name="OINITMUX" value="#OFF"/>
					<config name="OMUX" value="O"/>
					<config name="OUTMUX" value="1"/>
					<config name="PULL" value="#OFF"/>
					<config name="SLEW" value="SLOW"/>
					<config name="SRMUX" value="#OFF"/>
					<config name="TCEMUX" value="#OFF"/>
					<config name="TCKINV" value="#OFF"/>
					<config name="TFF" value="#OFF"/>
					<config name="TFFATTRBOX" value="#OFF"/>
					<config name="TINITMUX" value="#OFF"/>
					<config name="TRIMUX" value="#OFF"/>
					<config name="TSEL" value="#OFF"/>
				</instance>
				<instance name="led2" moduleRef="iob" libraryRef="template_work_lib">
					<property name="position" type="point" value="4,1,3"/>
					<config name="DRIVEATTRBOX" value="12"/>
					<config name="FFATTRBOX" value="#OFF"/>
					<config name="ICEMUX" value="#OFF"/>
					<config name="ICKINV" value="#OFF"/>
					<config name="IFF" value="#OFF"/>
					<config name="IFFINITATTR" value="#OFF"/>
					<config name="IFFMUX" value="#OFF"/>
					<config name="IINITMUX" value="#OFF"/>
					<config name="IMUX" value="#OFF"/>
					<config name="IOATTRBOX" value="LVTTL"/>
					<config name="OCEMUX" value="#OFF"/>
					<config name="OCKINV" value="#OFF"/>
					<config name="OFF" value="#OFF"/>
					<config name="OFFATTRBOX" value="#OFF"/>
					<config name="OINITMUX" value="#OFF"/>
					<config name="OMUX" value="O"/>
					<config name="OUTMUX" value="1"/>
					<config name="PULL" value="#OFF"/>
					<config name="SLEW" value="SLOW"/>
					<config name="SRMUX" value="#OFF"/>
					<config name="TCEMUX" value="#OFF"/>
					<config name="TCKINV" value="#OFF"/>
					<config name="TFF" value="#OFF"/>
					<config name="TFFATTRBOX" value="#OFF"/>
					<config name="TINITMUX" value="#OFF"/>
					<config name="TRIMUX" value="#OFF"/>
					<config name="TSEL" value="#OFF"/>
				</instance>
				<instance name="led3" moduleRef="iob" libraryRef="template_work_lib">
					<property name="position" type="point" value="3,1,1"/>
					<config name="DRIVEATTRBOX" value="12"/>
					<config name="FFATTRBOX" value="#OFF"/>
					<config name="ICEMUX" value="#OFF"/>
					<config name="ICKINV" value="#OFF"/>
					<config name="IFF" value="#OFF"/>
					<config name="IFFINITATTR" value="#OFF"/>
					<config name="IFFMUX" value="#OFF"/>
					<config name="IINITMUX" value="#OFF"/>
					<config name="IMUX" value="#OFF"/>
					<config name="IOATTRBOX" value="LVTTL"/>
					<config name="OCEMUX" value="#OFF"/>
					<config name="OCKINV" value="#OFF"/>
					<config name="OFF" value="#OFF"/>
					<config name="OFFATTRBOX" value="#OFF"/>
					<config name="OINITMUX" value="#OFF"/>
					<config name="OMUX" value="O"/>
					<config name="OUTMUX" value="1"/>
					<config name="PULL" value="#OFF"/>
					<config name="SLEW" value="SLOW"/>
					<config name="SRMUX" value="#OFF"/>
					<config name="TCEMUX" value="#OFF"/>
					<config name="TCKINV" value="#OFF"/>
					<config name="TFF" value="#OFF"/>
					<config name="TFFATTRBOX" value="#OFF"/>
					<config name="TINITMUX" value="#OFF"/>
					<config name="TRIMUX" value="#OFF"/>
					<config name="TSEL" value="#OFF"/>
				</instance>
				<instance name="led4" moduleRef="iob" libraryRef="template_work_lib">
					<property name="position" type="point" value="8,1,1"/>
					<config name="DRIVEATTRBOX" value="12"/>
					<config name="FFATTRBOX" value="#OFF"/>
					<config name="ICEMUX" value="#OFF"/>
					<config name="ICKINV" value="#OFF"/>
					<config name="IFF" value="#OFF"/>
					<config name="IFFINITATTR" value="#OFF"/>
					<config name="IFFMUX" value="#OFF"/>
					<config name="IINITMUX" value="#OFF"/>
					<config name="IMUX" value="#OFF"/>
					<config name="IOATTRBOX" value="LVTTL"/>
					<config name="OCEMUX" value="#OFF"/>
					<config name="OCKINV" value="#OFF"/>
					<config name="OFF" value="#OFF"/>
					<config name="OFFATTRBOX" value="#OFF"/>
					<config name="OINITMUX" value="#OFF"/>
					<config name="OMUX" value="O"/>
					<config name="OUTMUX" value="1"/>
					<config name="PULL" value="#OFF"/>
					<config name="SLEW" value="SLOW"/>
					<config name="SRMUX" value="#OFF"/>
					<config name="TCEMUX" value="#OFF"/>
					<config name="TCKINV" value="#OFF"/>
					<config name="TFF" value="#OFF"/>
					<config name="TFFATTRBOX" value="#OFF"/>
					<config name="TINITMUX" value="#OFF"/>
					<config name="TRIMUX" value="#OFF"/>
					<config name="TSEL" value="#OFF"/>
				</instance>
				<instance name="led5" moduleRef="iob" libraryRef="template_work_lib">
					<property name="position" type="point" value="7,1,1"/>
					<config name="DRIVEATTRBOX" value="12"/>
					<config name="FFATTRBOX" value="#OFF"/>
					<config name="ICEMUX" value="#OFF"/>
					<config name="ICKINV" value="#OFF"/>
					<config name="IFF" value="#OFF"/>
					<config name="IFFINITATTR" value="#OFF"/>
					<config name="IFFMUX" value="#OFF"/>
					<config name="IINITMUX" value="#OFF"/>
					<config name="IMUX" value="#OFF"/>
					<config name="IOATTRBOX" value="LVTTL"/>
					<config name="OCEMUX" value="#OFF"/>
					<config name="OCKINV" value="#OFF"/>
					<config name="OFF" value="#OFF"/>
					<config name="OFFATTRBOX" value="#OFF"/>
					<config name="OINITMUX" value="#OFF"/>
					<config name="OMUX" value="O"/>
					<config name="OUTMUX" value="1"/>
					<config name="PULL" value="#OFF"/>
					<config name="SLEW" value="SLOW"/>
					<config name="SRMUX" value="#OFF"/>
					<config name="TCEMUX" value="#OFF"/>
					<config name="TCKINV" value="#OFF"/>
					<config name="TFF" value="#OFF"/>
					<config name="TFFATTRBOX" value="#OFF"/>
					<config name="TINITMUX" value="#OFF"/>
					<config name="TRIMUX" value="#OFF"/>
					<config name="TSEL" value="#OFF"/>
				</instance>
				<instance name="led6" moduleRef="iob" libraryRef="template_work_lib">
					<property name="position" type="point" value="9,1,2"/>
					<config name="DRIVEATTRBOX" value="12"/>
					<config name="FFATTRBOX" value="#OFF"/>
					<config name="ICEMUX" value="#OFF"/>
					<config name="ICKINV" value="#OFF"/>
					<config name="IFF" value="#OFF"/>
					<config name="IFFINITATTR" value="#OFF"/>
					<config name="IFFMUX" value="#OFF"/>
					<config name="IINITMUX" value="#OFF"/>
					<config name="IMUX" value="#OFF"/>
					<config name="IOATTRBOX" value="LVTTL"/>
					<config name="OCEMUX" value="#OFF"/>
					<config name="OCKINV" value="#OFF"/>
					<config name="OFF" value="#OFF"/>
					<config name="OFFATTRBOX" value="#OFF"/>
					<config name="OINITMUX" value="#OFF"/>
					<config name="OMUX" value="O"/>
					<config name="OUTMUX" value="1"/>
					<config name="PULL" value="#OFF"/>
					<config name="SLEW" value="SLOW"/>
					<config name="SRMUX" value="#OFF"/>
					<config name="TCEMUX" value="#OFF"/>
					<config name="TCKINV" value="#OFF"/>
					<config name="TFF" value="#OFF"/>
					<config name="TFFATTRBOX" value="#OFF"/>
					<config name="TINITMUX" value="#OFF"/>
					<config name="TRIMUX" value="#OFF"/>
					<config name="TSEL" value="#OFF"/>
				</instance>
				<instance name="led7" moduleRef="iob" libraryRef="template_work_lib">
					<property name="position" type="point" value="9,1,1"/>
					<config name="DRIVEATTRBOX" value="12"/>
					<config name="FFATTRBOX" value="#OFF"/>
					<config name="ICEMUX" value="#OFF"/>
					<config name="ICKINV" value="#OFF"/>
					<config name="IFF" value="#OFF"/>
					<config name="IFFINITATTR" value="#OFF"/>
					<config name="IFFMUX" value="#OFF"/>
					<config name="IINITMUX" value="#OFF"/>
					<config name="IMUX" value="#OFF"/>
					<config name="IOATTRBOX" value="LVTTL"/>
					<config name="OCEMUX" value="#OFF"/>
					<config name="OCKINV" value="#OFF"/>
					<config name="OFF" value="#OFF"/>
					<config name="OFFATTRBOX" value="#OFF"/>
					<config name="OINITMUX" value="#OFF"/>
					<config name="OMUX" value="O"/>
					<config name="OUTMUX" value="1"/>
					<config name="PULL" value="#OFF"/>
					<config name="SLEW" value="SLOW"/>
					<config name="SRMUX" value="#OFF"/>
					<config name="TCEMUX" value="#OFF"/>
					<config name="TCKINV" value="#OFF"/>
					<config name="TFF" value="#OFF"/>
					<config name="TFFATTRBOX" value="#OFF"/>
					<config name="TINITMUX" value="#OFF"/>
					<config name="TRIMUX" value="#OFF"/>
					<config name="TSEL" value="#OFF"/>
				</instance>
				<instance name="iGclk_buf__0__" moduleRef="gclk" libraryRef="template_work_lib">
					<property name="position" type="point" value="34,27,1"/>
					<config name="CEMUX" value="1"/>
					<config name="DISABLE_ATTR" value="LOW"/>
					<config name="CE_POWER" value="#OFF"/>
					<config name="GCLK_BUFFER" value="#OFF"/>
				</instance>
				<instance name="clk" moduleRef="gclkiob" libraryRef="template_work_lib">
					<property name="position" type="point" value="34,27,1"/>
					<config name="IOATTRBOX" value="LVTTL"/>
					<config name="GCLK_BUF" value="#OFF"/>
					<config name="PAD" value="#OFF"/>
				</instance>
				<net name="clk">
					<portRef name="clk"/>
					<portRef name="PAD" instanceRef="clk"/>
				</net>
				<net name="row0">
					<portRef name="row0"/>
					<portRef name="PAD" instanceRef="row0"/>
				</net>
				<net name="row1">
					<portRef name="row1"/>
					<portRef name="PAD" instanceRef="row1"/>
				</net>
				<net name="row2">
					<portRef name="row2"/>
					<portRef name="PAD" instanceRef="row2"/>
				</net>
				<net name="row3">
					<portRef name="row3"/>
					<portRef name="PAD" instanceRef="row3"/>
				</net>
				<net name="col0">
					<portRef name="col0"/>
					<portRef name="PAD" instanceRef="col0"/>
				</net>
				<net name="col1">
					<portRef name="col1"/>
					<portRef name="PAD" instanceRef="col1"/>
				</net>
				<net name="col2">
					<portRef name="col2"/>
					<portRef name="PAD" instanceRef="col2"/>
				</net>
				<net name="col3">
					<portRef name="col3"/>
					<portRef name="PAD" instanceRef="col3"/>
				</net>
				<net name="net_Buf-pad-clk" type="clock">
					<portRef name="GCLKOUT" instanceRef="clk"/>
					<portRef name="IN" instanceRef="iGclk_buf__0__"/>
					<pip from="CLKB_CLKPAD1" to="CLKB_GCLKBUF1_IN" position="34,27" dir="-&gt;"/>
				</net>
				<net name="net_led0_reg">
					<portRef name="XQ" instanceRef="iSlice__0__"/>
					<portRef name="OUT" instanceRef="led0"/>
					<pip from="S0_XQ" to="OUT5" position="5,31" dir="-&gt;"/>
					<pip from="OUT5" to="H6W2" position="5,31" dir="-&gt;"/>
					<pip from="H6E2" to="H6W2" position="5,24" dir="-&gt;"/>
					<pip from="H6E2" to="H6W2" position="5,18" dir="-&gt;"/>
					<pip from="H6E2" to="H6W2" position="5,11" dir="-&gt;"/>
					<pip from="H6E2" to="H6W2" position="5,5" dir="-&gt;"/>
					<pip from="LEFT_H6B2" to="LEFT_H6B_BUF2" position="5,1" dir="-&gt;"/>
					<pip from="LEFT_H6B_BUF2" to="LEFT_O2" position="5,1" dir="-&gt;"/>
				</net>
				<net name="net_led1_reg">
					<portRef name="YQ" instanceRef="iSlice__0__"/>
					<portRef name="OUT" instanceRef="led1"/>
					<pip from="S0_YQ" to="OUT3" position="5,31" dir="-&gt;"/>
					<pip from="OUT3" to="H6W1" position="5,31" dir="-&gt;"/>
					<pip from="H6E1" to="H6W1" position="5,24" dir="-&gt;"/>
					<pip from="H6E1" to="H6W1" position="5,18" dir="-&gt;"/>
					<pip from="H6E1" to="H6W1" position="5,11" dir="-&gt;"/>
					<pip from="H6E1" to="H6W1" position="5,5" dir="-&gt;"/>
					<pip from="LEFT_H6B1" to="LEFT_H6B_BUF1" position="5,1" dir="-&gt;"/>
					<pip from="LEFT_H6B_BUF1" to="LEFT_O1" position="5,1" dir="-&gt;"/>
				</net>
				<net name="net_led2_reg">
					<portRef name="XQ" instanceRef="iSlice__1__"/>
					<portRef name="OUT" instanceRef="led2"/>
					<pip from="S0_XQ" to="OUT5" position="3,16" dir="-&gt;"/>
					<pip from="OUT5" to="LLH6" position="3,16" dir="-&gt;"/>
					<pip from="LEFT_LLH8" to="LEFT_H6C1" position="3,1" dir="-&gt;"/>
					<pip from="H6W1" to="S8" position="3,3" dir="-&gt;"/>
					<pip from="N8" to="W13" position="4,3" dir="-&gt;"/>
					<pip from="E13" to="W13" position="4,2" dir="-&gt;"/>
					<pip from="LEFT_E13" to="LEFT_E_BUF13" position="4,1" dir="-&gt;"/>
					<pip from="LEFT_E_BUF13" to="LEFT_O3" position="4,1" dir="-&gt;"/>
				</net>
				<net name="net_led3_reg">
					<portRef name="YQ" instanceRef="iSlice__1__"/>
					<portRef name="OUT" instanceRef="led3"/>
					<pip from="S0_YQ" to="OUT3" position="3,16" dir="-&gt;"/>
					<pip from="OUT3" to="LLH0" position="3,16" dir="-&gt;"/>
					<pip from="LLH0" to="H6E1" position="3,3" dir="-&gt;"/>
					<pip from="H6M1" to="V6N1" position="3,6" dir="-&gt;"/>
					<pip from="V6N1" to="H6W1" position="3,6" dir="-&gt;"/>
					<pip from="LEFT_H6A1" to="LEFT_H6A_BUF1" position="3,1" dir="-&gt;"/>
					<pip from="LEFT_H6A_BUF1" to="LEFT_O1" position="3,1" dir="-&gt;"/>
				</net>
				<net name="net_led4_reg">
					<portRef name="XQ" instanceRef="iSlice__2__"/>
					<portRef name="OUT" instanceRef="led4"/>
					<pip from="S0_XQ" to="OUT5" position="2,23" dir="-&gt;"/>
					<pip from="OUT5" to="LLH6" position="2,23" dir="-&gt;"/>
					<pip from="LLH0" to="H6W0" position="2,4" dir="-&gt;"/>
					<pip from="LEFT_H6M0" to="LEFT_V6S2" position="2,1" dir="-&gt;"/>
					<pip from="LEFT_V6N2" to="LEFT_H6E1" position="8,1" dir="-&gt;"/>
					<pip from="LEFT_H6E1" to="LEFT_H6E_BUF1" position="8,1" dir="-&gt;"/>
					<pip from="LEFT_H6E_BUF1" to="LEFT_O1" position="8,1" dir="-&gt;"/>
				</net>
				<net name="net_led5_reg">
					<portRef name="YQ" instanceRef="iSlice__2__"/>
					<portRef name="OUT" instanceRef="led5"/>
					<pip from="S0_YQ" to="OUT3" position="2,23" dir="-&gt;"/>
					<pip from="OUT3" to="LLH0" position="2,23" dir="-&gt;"/>
					<pip from="LLH6" to="H6W3" position="2,4" dir="-&gt;"/>
					<pip from="LEFT_H6M3" to="LEFT_V6S1" position="2,1" dir="-&gt;"/>
					<pip from="LEFT_V6N1" to="LEFT_E8" position="8,1" dir="-&gt;"/>
					<pip from="W8" to="N7" position="8,2" dir="-&gt;"/>
					<pip from="S7" to="W9" position="7,2" dir="-&gt;"/>
					<pip from="LEFT_E9" to="LEFT_E_BUF9" position="7,1" dir="-&gt;"/>
					<pip from="LEFT_E_BUF9" to="LEFT_O1" position="7,1" dir="-&gt;"/>
				</net>
				<net name="net_led6_reg">
					<portRef name="XQ" instanceRef="iSlice__3__"/>
					<portRef name="OUT" instanceRef="led6"/>
					<pip from="S0_XQ" to="OUT3" position="5,44" dir="-&gt;"/>
					<pip from="OUT3" to="LLH0" position="5,44" dir="-&gt;"/>
					<pip from="LLH0" to="H6W0" position="5,5" dir="-&gt;"/>
					<pip from="H6M0" to="V6S0" position="5,2" dir="-&gt;"/>
					<pip from="V6M0" to="W3" position="8,2" dir="-&gt;"/>
					<pip from="W3" to="S21" position="8,2" dir="-&gt;"/>
					<pip from="N21" to="W22" position="9,2" dir="-&gt;"/>
					<pip from="LEFT_E22" to="LEFT_E_BUF22" position="9,1" dir="-&gt;"/>
					<pip from="LEFT_E_BUF22" to="LEFT_O2" position="9,1" dir="-&gt;"/>
				</net>
				<net name="net_led7_reg">
					<portRef name="YQ" instanceRef="iSlice__3__"/>
					<portRef name="OUT" instanceRef="led7"/>
					<pip from="S0_YQ" to="OUT5" position="5,44" dir="-&gt;"/>
					<pip from="OUT5" to="LLH6" position="5,44" dir="-&gt;"/>
					<pip from="LLH6" to="H6W3" position="5,5" dir="-&gt;"/>
					<pip from="H6M3" to="V6S3" position="5,2" dir="-&gt;"/>
					<pip from="V6M3" to="H6W3" position="8,2" dir="-&gt;"/>
					<pip from="H6W3" to="S20" position="8,2" dir="-&gt;"/>
					<pip from="N20" to="W1" position="9,2" dir="-&gt;"/>
					<pip from="LEFT_E1" to="LEFT_E_BUF1" position="9,1" dir="-&gt;"/>
					<pip from="LEFT_E_BUF1" to="LEFT_O1" position="9,1" dir="-&gt;"/>
				</net>
				<net name="net_Buf-pad-row0">
					<portRef name="IN" instanceRef="row0"/>
					<portRef name="BX" instanceRef="iSlice__0__"/>
					<pip from="RIGHT_I3" to="RIGHT_LLH3" position="4,53" dir="-&gt;"/>
					<pip from="LLH6" to="H6W3" position="4,37" dir="-&gt;"/>
					<pip from="H6E3" to="V6N0" position="4,31" dir="-&gt;"/>
					<pip from="V6N0" to="S2" position="4,31" dir="-&gt;"/>
					<pip from="N2" to="N_P2" position="5,31" dir="-&gt;"/>
					<pip from="N_P2" to="S0_BX_B" position="5,31" dir="-&gt;"/>
				</net>
				<net name="net_IBuf-clkpad-clk" type="clock">
					<portRef name="OUT" instanceRef="iGclk_buf__0__"/>
					<portRef name="CLK" instanceRef="iSlice__0__"/>
					<portRef name="CLK" instanceRef="iSlice__1__"/>
					<portRef name="CLK" instanceRef="iSlice__2__"/>
					<portRef name="CLK" instanceRef="iSlice__3__"/>
					<pip from="CLKB_GCLK1_PW" to="CLKB_GCLK1" position="34,27" dir="-&gt;"/>
					<pip from="CLKC_GCLK1" to="CLKC_HGCLK1" position="17,27" dir="-&gt;"/>
					<pip from="CLKC_HGCLK1" to="CLKC_VGCLK1" position="17,27" dir="-&gt;"/>
					<pip from="CLKV_VGCLK1" to="CLKV_GCLK_BUFR1" position="5,27" dir="-&gt;"/>
					<pip from="GCLK1" to="S0_CLK_B" position="5,31" dir="-&gt;"/>
					<pip from="CLKV_VGCLK1" to="CLKV_GCLK_BUFL1" position="3,27" dir="-&gt;"/>
					<pip from="GCLK1" to="S0_CLK_B" position="3,16" dir="-&gt;"/>
					<pip from="CLKV_VGCLK1" to="CLKV_GCLK_BUFL1" position="2,27" dir="-&gt;"/>
					<pip from="GCLK1" to="S0_CLK_B" position="2,23" dir="-&gt;"/>
					<pip from="BRAM_CLKH_GCLK1" to="BRAM_CLKH_VGCLK1" position="17,54" dir="-&gt;"/>
					<pip from="BRAM_GCLKIN1" to="RBRAM_GCLK_CLBA1" position="5,54" dir="-&gt;"/>
					<pip from="GCLK1" to="S0_CLK_B" position="5,44" dir="-&gt;"/>
				</net>
				<net name="net_Buf-pad-row1">
					<portRef name="IN" instanceRef="row1"/>
					<portRef name="BY" instanceRef="iSlice__0__"/>
					<pip from="RIGHT_I1" to="RIGHT_LLH4" position="7,53" dir="-&gt;"/>
					<pip from="LLH0" to="H6E1" position="7,32" dir="-&gt;"/>
					<pip from="H6E1" to="N6" position="7,32" dir="-&gt;"/>
					<pip from="S6" to="W4" position="6,32" dir="-&gt;"/>
					<pip from="E4" to="N8" position="6,31" dir="-&gt;"/>
					<pip from="S8" to="S_P8" position="5,31" dir="-&gt;"/>
					<pip from="S_P8" to="S0_BY_B" position="5,31" dir="-&gt;"/>
				</net>
				<net name="net_Buf-pad-row2">
					<portRef name="IN" instanceRef="row2"/>
					<portRef name="BX" instanceRef="iSlice__1__"/>
					<pip from="RIGHT_I1" to="RIGHT_LLH7" position="5,53" dir="-&gt;"/>
					<pip from="LLH0" to="H6E0" position="5,9" dir="-&gt;"/>
					<pip from="H6W0" to="N0" position="5,16" dir="-&gt;"/>
					<pip from="S0" to="N0" position="4,16" dir="-&gt;"/>
					<pip from="S0" to="S_P0" position="3,16" dir="-&gt;"/>
					<pip from="S_P0" to="S0_BX_B" position="3,16" dir="-&gt;"/>
				</net>
				<net name="net_Buf-pad-row3">
					<portRef name="IN" instanceRef="row3"/>
					<portRef name="BY" instanceRef="iSlice__1__"/>
					<pip from="RIGHT_I1" to="RIGHT_LLH4" position="3,53" dir="-&gt;"/>
					<pip from="LLH0" to="H6W1" position="3,19" dir="-&gt;"/>
					<pip from="H6M1" to="S9" position="3,16" dir="-&gt;"/>
					<pip from="S9" to="S_P9" position="3,16" dir="-&gt;"/>
					<pip from="S_P9" to="S0_BY_B" position="3,16" dir="-&gt;"/>
				</net>
				<net name="net_Buf-pad-col0">
					<portRef name="IN" instanceRef="col0"/>
					<portRef name="BX" instanceRef="iSlice__2__"/>
					<pip from="TOP_I1" to="TOP_LLH6" position="0,52" dir="-&gt;"/>
					<pip from="TOP_LLH0" to="TOP_FAKE_LLH0" position="0,20" dir="-&gt;"/>
					<pip from="TOP_FAKE_LLH0" to="TOP_H6E0" position="0,20" dir="-&gt;"/>
					<pip from="TOP_H6M0" to="TOP_V6D6" position="0,23" dir="-&gt;"/>
					<pip from="V6M6" to="W14" position="2,23" dir="-&gt;"/>
					<pip from="W14" to="W_P14" position="2,23" dir="-&gt;"/>
					<pip from="W_P14" to="S0_BX_B" position="2,23" dir="-&gt;"/>
				</net>
				<net name="net_Buf-pad-col1">
					<portRef name="IN" instanceRef="col1"/>
					<portRef name="BY" instanceRef="iSlice__2__"/>
					<pip from="TOP_I2" to="TOP_LLH0" position="0,52" dir="-&gt;"/>
					<pip from="TOP_LLH6" to="TOP_FAKE_LLH6" position="0,20" dir="-&gt;"/>
					<pip from="TOP_FAKE_LLH6" to="TOP_H6E3" position="0,20" dir="-&gt;"/>
					<pip from="TOP_H6M3" to="TOP_V6S0" position="0,23" dir="-&gt;"/>
					<pip from="V6M0" to="H6W0" position="3,23" dir="-&gt;"/>
					<pip from="H6W0" to="N0" position="3,23" dir="-&gt;"/>
					<pip from="S0" to="S_P0" position="2,23" dir="-&gt;"/>
					<pip from="S_P0" to="S0_BY_B" position="2,23" dir="-&gt;"/>
				</net>
				<net name="net_Buf-pad-col2">
					<portRef name="IN" instanceRef="col2"/>
					<portRef name="BX" instanceRef="iSlice__3__"/>
					<pip from="TOP_I1" to="TOP_H6W2" position="0,49" dir="-&gt;"/>
					<pip from="TOP_H6E2" to="TOP_V6D4" position="0,43" dir="-&gt;"/>
					<pip from="V6N4" to="E1" position="5,43" dir="-&gt;"/>
					<pip from="W1" to="E1" position="5,44" dir="-&gt;"/>
					<pip from="E1" to="E_P1" position="5,44" dir="-&gt;"/>
					<pip from="E_P1" to="S0_BX_B" position="5,44" dir="-&gt;"/>
				</net>
				<net name="net_Buf-pad-col3">
					<portRef name="IN" instanceRef="col3"/>
					<portRef name="BY" instanceRef="iSlice__3__"/>
					<pip from="TOP_I2" to="TOP_V6D1" position="0,47" dir="-&gt;"/>
					<pip from="V6N1" to="H6W1" position="5,47" dir="-&gt;"/>
					<pip from="H6M1" to="S9" position="5,44" dir="-&gt;"/>
					<pip from="S9" to="S_P9" position="5,44" dir="-&gt;"/>
					<pip from="S_P9" to="S0_BY_B" position="5,44" dir="-&gt;"/>
				</net>
				<net name="led0">
					<portRef name="PAD" instanceRef="led0"/>
					<portRef name="led0"/>
				</net>
				<net name="led1">
					<portRef name="PAD" instanceRef="led1"/>
					<portRef name="led1"/>
				</net>
				<net name="led2">
					<portRef name="PAD" instanceRef="led2"/>
					<portRef name="led2"/>
				</net>
				<net name="led3">
					<portRef name="PAD" instanceRef="led3"/>
					<portRef name="led3"/>
				</net>
				<net name="led4">
					<portRef name="PAD" instanceRef="led4"/>
					<portRef name="led4"/>
				</net>
				<net name="led5">
					<portRef name="PAD" instanceRef="led5"/>
					<portRef name="led5"/>
				</net>
				<net name="led6">
					<portRef name="PAD" instanceRef="led6"/>
					<portRef name="led6"/>
				</net>
				<net name="led7">
					<portRef name="PAD" instanceRef="led7"/>
					<portRef name="led7"/>
				</net>
			</contents>
		</module>
	</library>
	<topModule name="keypad" libraryRef="work_lib"/>
</design>

