<design name="keypad">
 <port name="clk" position="P77"/>
 <port name="row0" position="P151"/>
 <port name="row1" position="P148"/>
 <port name="row2" position="P150"/>
 <port name="row3" position="P152"/>
 <port name="col0" position="P160"/>
 <port name="col1" position="P161"/>
 <port name="col2" position="P162"/>
 <port name="col3" position="P163"/>
 <port name="led0" position="P7"/>
 <port name="led1" position="P6"/>
 <port name="led2" position="P5"/>
 <port name="led3" position="P4"/>
 <port name="led4" position="P9"/>
 <port name="led5" position="P8"/>
 <port name="led6" position="P16"/>
 <port name="led7" position="P15"/>

</design>