<design name="keypad">
	<external name="cell_lib">
		<module name="IPAD" type="MACRO">
			<port name="PAD" direction="input"/>
		</module>
		<module name="LOGIC_1" type="MACRO">
			<property name="truthtable" value="|1"/>
			<port name="LOGIC_1_PIN" direction="output"/>
		</module>
		<module name="LOGIC_0" type="MACRO">
			<property name="truthtable" value="|0"/>
			<port name="LOGIC_0_PIN" direction="output"/>
		</module>
		<module name="CLKBUF" type="COMB">
			<property name="truthtable" value="1"/>
			<port name="I" direction="input"/>
			<port name="O" direction="output"/>
		</module>
		<module name="IBUF" type="COMB">
			<property name="truthtable" value="1"/>
			<port name="I" direction="input"/>
			<port name="O" direction="output"/>
		</module>
		<module name="OBUF" type="COMB">
			<property name="truthtable" value="1"/>
			<port name="I" direction="input"/>
			<port name="O" direction="output"/>
		</module>
		<module name="DFFHQ" type="FFLATCH">
			<property name="edge" value="rise"/>
			<port name="D" direction="input"/>
			<port name="CK" direction="input" type="clock"/>
			<port name="Q" direction="output"/>
		</module>
		<module name="OPAD" type="MACRO">
			<port name="PAD" direction="output"/>
		</module>
	</external>
	<library name="work_lib">
		<module name="keypad">
			<port name="clk" direction="input"/>
			<port name="row0" direction="input"/>
			<port name="row1" direction="input"/>
			<port name="row2" direction="input"/>
			<port name="row3" direction="input"/>
			<port name="col0" direction="input"/>
			<port name="col1" direction="input"/>
			<port name="col2" direction="input"/>
			<port name="col3" direction="input"/>
			<port name="led0" direction="output"/>
			<port name="led1" direction="output"/>
			<port name="led2" direction="output"/>
			<port name="led3" direction="output"/>
			<port name="led4" direction="output"/>
			<port name="led5" direction="output"/>
			<port name="led6" direction="output"/>
			<port name="led7" direction="output"/>
			<contents>
				<instance name="clk_ipad" moduleRef="IPAD" libraryRef="cell_lib"/>
				<instance name="row0_ipad" moduleRef="IPAD" libraryRef="cell_lib"/>
				<instance name="row1_ipad" moduleRef="IPAD" libraryRef="cell_lib"/>
				<instance name="row2_ipad" moduleRef="IPAD" libraryRef="cell_lib"/>
				<instance name="row3_ipad" moduleRef="IPAD" libraryRef="cell_lib"/>
				<instance name="col0_ipad" moduleRef="IPAD" libraryRef="cell_lib"/>
				<instance name="col1_ipad" moduleRef="IPAD" libraryRef="cell_lib"/>
				<instance name="col2_ipad" moduleRef="IPAD" libraryRef="cell_lib"/>
				<instance name="col3_ipad" moduleRef="IPAD" libraryRef="cell_lib"/>
				<instance name="VCC" moduleRef="LOGIC_1" libraryRef="cell_lib"/>
				<instance name="GND" moduleRef="LOGIC_0" libraryRef="cell_lib"/>
				<instance name="Buf-pad-clk" moduleRef="CLKBUF" libraryRef="cell_lib"/>
				<instance name="IBuf-clkpad-clk" moduleRef="CLKBUF" libraryRef="cell_lib"/>
				<instance name="Buf-pad-row0" moduleRef="IBUF" libraryRef="cell_lib"/>
				<instance name="Buf-pad-row1" moduleRef="IBUF" libraryRef="cell_lib"/>
				<instance name="Buf-pad-row2" moduleRef="IBUF" libraryRef="cell_lib"/>
				<instance name="Buf-pad-row3" moduleRef="IBUF" libraryRef="cell_lib"/>
				<instance name="Buf-pad-col0" moduleRef="IBUF" libraryRef="cell_lib"/>
				<instance name="Buf-pad-col1" moduleRef="IBUF" libraryRef="cell_lib"/>
				<instance name="Buf-pad-col2" moduleRef="IBUF" libraryRef="cell_lib"/>
				<instance name="Buf-pad-col3" moduleRef="IBUF" libraryRef="cell_lib"/>
				<instance name="Buf-pad-led0" moduleRef="OBUF" libraryRef="cell_lib"/>
				<instance name="Buf-pad-led1" moduleRef="OBUF" libraryRef="cell_lib"/>
				<instance name="Buf-pad-led2" moduleRef="OBUF" libraryRef="cell_lib"/>
				<instance name="Buf-pad-led3" moduleRef="OBUF" libraryRef="cell_lib"/>
				<instance name="Buf-pad-led4" moduleRef="OBUF" libraryRef="cell_lib"/>
				<instance name="Buf-pad-led5" moduleRef="OBUF" libraryRef="cell_lib"/>
				<instance name="Buf-pad-led6" moduleRef="OBUF" libraryRef="cell_lib"/>
				<instance name="Buf-pad-led7" moduleRef="OBUF" libraryRef="cell_lib"/>
				<instance name="led0_reg" moduleRef="DFFHQ" libraryRef="cell_lib"/>
				<instance name="led1_reg" moduleRef="DFFHQ" libraryRef="cell_lib"/>
				<instance name="led2_reg" moduleRef="DFFHQ" libraryRef="cell_lib"/>
				<instance name="led3_reg" moduleRef="DFFHQ" libraryRef="cell_lib"/>
				<instance name="led4_reg" moduleRef="DFFHQ" libraryRef="cell_lib"/>
				<instance name="led5_reg" moduleRef="DFFHQ" libraryRef="cell_lib"/>
				<instance name="led6_reg" moduleRef="DFFHQ" libraryRef="cell_lib"/>
				<instance name="led7_reg" moduleRef="DFFHQ" libraryRef="cell_lib"/>
				<instance name="led0_opad" moduleRef="OPAD" libraryRef="cell_lib"/>
				<instance name="led1_opad" moduleRef="OPAD" libraryRef="cell_lib"/>
				<instance name="led2_opad" moduleRef="OPAD" libraryRef="cell_lib"/>
				<instance name="led3_opad" moduleRef="OPAD" libraryRef="cell_lib"/>
				<instance name="led4_opad" moduleRef="OPAD" libraryRef="cell_lib"/>
				<instance name="led5_opad" moduleRef="OPAD" libraryRef="cell_lib"/>
				<instance name="led6_opad" moduleRef="OPAD" libraryRef="cell_lib"/>
				<instance name="led7_opad" moduleRef="OPAD" libraryRef="cell_lib"/>
				<net name="clk">
					<portRef name="clk"/>
					<portRef name="PAD" instanceRef="clk_ipad"/>
					<portRef name="I" instanceRef="Buf-pad-clk"/>
				</net>
				<net name="row0">
					<portRef name="row0"/>
					<portRef name="PAD" instanceRef="row0_ipad"/>
					<portRef name="I" instanceRef="Buf-pad-row0"/>
				</net>
				<net name="row1">
					<portRef name="row1"/>
					<portRef name="PAD" instanceRef="row1_ipad"/>
					<portRef name="I" instanceRef="Buf-pad-row1"/>
				</net>
				<net name="row2">
					<portRef name="row2"/>
					<portRef name="PAD" instanceRef="row2_ipad"/>
					<portRef name="I" instanceRef="Buf-pad-row2"/>
				</net>
				<net name="row3">
					<portRef name="row3"/>
					<portRef name="PAD" instanceRef="row3_ipad"/>
					<portRef name="I" instanceRef="Buf-pad-row3"/>
				</net>
				<net name="col0">
					<portRef name="col0"/>
					<portRef name="PAD" instanceRef="col0_ipad"/>
					<portRef name="I" instanceRef="Buf-pad-col0"/>
				</net>
				<net name="col1">
					<portRef name="col1"/>
					<portRef name="PAD" instanceRef="col1_ipad"/>
					<portRef name="I" instanceRef="Buf-pad-col1"/>
				</net>
				<net name="col2">
					<portRef name="col2"/>
					<portRef name="PAD" instanceRef="col2_ipad"/>
					<portRef name="I" instanceRef="Buf-pad-col2"/>
				</net>
				<net name="col3">
					<portRef name="col3"/>
					<portRef name="PAD" instanceRef="col3_ipad"/>
					<portRef name="I" instanceRef="Buf-pad-col3"/>
				</net>
				<net name="net_Buf-pad-clk">
					<portRef name="O" instanceRef="Buf-pad-clk"/>
					<portRef name="I" instanceRef="IBuf-clkpad-clk"/>
				</net>
				<net name="net_led0_reg">
					<portRef name="Q" instanceRef="led0_reg"/>
					<portRef name="I" instanceRef="Buf-pad-led0"/>
				</net>
				<net name="net_led1_reg">
					<portRef name="Q" instanceRef="led1_reg"/>
					<portRef name="I" instanceRef="Buf-pad-led1"/>
				</net>
				<net name="net_led2_reg">
					<portRef name="Q" instanceRef="led2_reg"/>
					<portRef name="I" instanceRef="Buf-pad-led2"/>
				</net>
				<net name="net_led3_reg">
					<portRef name="Q" instanceRef="led3_reg"/>
					<portRef name="I" instanceRef="Buf-pad-led3"/>
				</net>
				<net name="net_led4_reg">
					<portRef name="Q" instanceRef="led4_reg"/>
					<portRef name="I" instanceRef="Buf-pad-led4"/>
				</net>
				<net name="net_led5_reg">
					<portRef name="Q" instanceRef="led5_reg"/>
					<portRef name="I" instanceRef="Buf-pad-led5"/>
				</net>
				<net name="net_led6_reg">
					<portRef name="Q" instanceRef="led6_reg"/>
					<portRef name="I" instanceRef="Buf-pad-led6"/>
				</net>
				<net name="net_led7_reg">
					<portRef name="Q" instanceRef="led7_reg"/>
					<portRef name="I" instanceRef="Buf-pad-led7"/>
				</net>
				<net name="net_Buf-pad-row0">
					<portRef name="O" instanceRef="Buf-pad-row0"/>
					<portRef name="D" instanceRef="led0_reg"/>
				</net>
				<net name="net_IBuf-clkpad-clk" type="clock">
					<portRef name="O" instanceRef="IBuf-clkpad-clk"/>
					<portRef name="CK" instanceRef="led0_reg"/>
					<portRef name="CK" instanceRef="led1_reg"/>
					<portRef name="CK" instanceRef="led2_reg"/>
					<portRef name="CK" instanceRef="led3_reg"/>
					<portRef name="CK" instanceRef="led4_reg"/>
					<portRef name="CK" instanceRef="led5_reg"/>
					<portRef name="CK" instanceRef="led6_reg"/>
					<portRef name="CK" instanceRef="led7_reg"/>
				</net>
				<net name="net_Buf-pad-row1">
					<portRef name="O" instanceRef="Buf-pad-row1"/>
					<portRef name="D" instanceRef="led1_reg"/>
				</net>
				<net name="net_Buf-pad-row2">
					<portRef name="O" instanceRef="Buf-pad-row2"/>
					<portRef name="D" instanceRef="led2_reg"/>
				</net>
				<net name="net_Buf-pad-row3">
					<portRef name="O" instanceRef="Buf-pad-row3"/>
					<portRef name="D" instanceRef="led3_reg"/>
				</net>
				<net name="net_Buf-pad-col0">
					<portRef name="O" instanceRef="Buf-pad-col0"/>
					<portRef name="D" instanceRef="led4_reg"/>
				</net>
				<net name="net_Buf-pad-col1">
					<portRef name="O" instanceRef="Buf-pad-col1"/>
					<portRef name="D" instanceRef="led5_reg"/>
				</net>
				<net name="net_Buf-pad-col2">
					<portRef name="O" instanceRef="Buf-pad-col2"/>
					<portRef name="D" instanceRef="led6_reg"/>
				</net>
				<net name="net_Buf-pad-col3">
					<portRef name="O" instanceRef="Buf-pad-col3"/>
					<portRef name="D" instanceRef="led7_reg"/>
				</net>
				<net name="led0">
					<portRef name="PAD" instanceRef="led0_opad"/>
					<portRef name="O" instanceRef="Buf-pad-led0"/>
					<portRef name="led0"/>
				</net>
				<net name="led1">
					<portRef name="PAD" instanceRef="led1_opad"/>
					<portRef name="O" instanceRef="Buf-pad-led1"/>
					<portRef name="led1"/>
				</net>
				<net name="led2">
					<portRef name="PAD" instanceRef="led2_opad"/>
					<portRef name="O" instanceRef="Buf-pad-led2"/>
					<portRef name="led2"/>
				</net>
				<net name="led3">
					<portRef name="PAD" instanceRef="led3_opad"/>
					<portRef name="O" instanceRef="Buf-pad-led3"/>
					<portRef name="led3"/>
				</net>
				<net name="led4">
					<portRef name="PAD" instanceRef="led4_opad"/>
					<portRef name="O" instanceRef="Buf-pad-led4"/>
					<portRef name="led4"/>
				</net>
				<net name="led5">
					<portRef name="PAD" instanceRef="led5_opad"/>
					<portRef name="O" instanceRef="Buf-pad-led5"/>
					<portRef name="led5"/>
				</net>
				<net name="led6">
					<portRef name="PAD" instanceRef="led6_opad"/>
					<portRef name="O" instanceRef="Buf-pad-led6"/>
					<portRef name="led6"/>
				</net>
				<net name="led7">
					<portRef name="PAD" instanceRef="led7_opad"/>
					<portRef name="O" instanceRef="Buf-pad-led7"/>
					<portRef name="led7"/>
				</net>
			</contents>
		</module>
	</library>
	<topModule name="keypad" libraryRef="work_lib"/>
</design>

