<design name="lab2">
	<external name="cell_lib">
		<module name="IPAD" type="MACRO">
			<port name="PAD" direction="input"/>
		</module>
		<module name="LOGIC_1" type="MACRO">
			<property name="truthtable" value="|1"/>
			<port name="LOGIC_1_PIN" direction="output"/>
		</module>
		<module name="LOGIC_0" type="MACRO">
			<property name="truthtable" value="|0"/>
			<port name="LOGIC_0_PIN" direction="output"/>
		</module>
		<module name="LUT2" type="LUT">
			<port name="ADR0" direction="input"/>
			<port name="ADR1" direction="input"/>
			<port name="O" direction="output"/>
		</module>
		<module name="LUT3" type="LUT">
			<port name="ADR0" direction="input"/>
			<port name="ADR1" direction="input"/>
			<port name="ADR2" direction="input"/>
			<port name="O" direction="output"/>
		</module>
		<module name="LUT4" type="LUT">
			<port name="ADR0" direction="input"/>
			<port name="ADR1" direction="input"/>
			<port name="ADR2" direction="input"/>
			<port name="ADR3" direction="input"/>
			<port name="O" direction="output"/>
		</module>
		<module name="CLKBUF" type="COMB">
			<property name="truthtable" value="1"/>
			<port name="I" direction="input"/>
			<port name="O" direction="output"/>
		</module>
		<module name="IBUF" type="COMB">
			<property name="truthtable" value="1"/>
			<port name="I" direction="input"/>
			<port name="O" direction="output"/>
		</module>
		<module name="OBUF" type="COMB">
			<property name="truthtable" value="1"/>
			<port name="I" direction="input"/>
			<port name="O" direction="output"/>
		</module>
		<module name="DFFHQ" type="FFLATCH">
			<property name="edge" value="rise"/>
			<port name="D" direction="input"/>
			<port name="CK" direction="input" type="clock"/>
			<port name="Q" direction="output"/>
		</module>
		<module name="OPAD" type="MACRO">
			<port name="PAD" direction="output"/>
		</module>
	</external>
	<library name="work_lib">
		<module name="lab2">
			<port name="clk" direction="input"/>
			<port name="switch" direction="input"/>
			<port name="row_out" msb="15" lsb="0" direction="output"/>
			<port name="col_out" msb="15" lsb="0" direction="output"/>
			<contents>
				<instance name="clk_ipad" moduleRef="IPAD" libraryRef="cell_lib"/>
				<instance name="switch_ipad" moduleRef="IPAD" libraryRef="cell_lib"/>
				<instance name="VCC" moduleRef="LOGIC_1" libraryRef="cell_lib"/>
				<instance name="GND" moduleRef="LOGIC_0" libraryRef="cell_lib"/>
				<instance name="Lut-U114_0_0" moduleRef="LUT2" libraryRef="cell_lib">
					<property name="INIT" value="8"/>
				</instance>
				<instance name="Lut-U129_0" moduleRef="LUT2" libraryRef="cell_lib">
					<property name="INIT" value="4"/>
				</instance>
				<instance name="Lut-U130_0_0" moduleRef="LUT2" libraryRef="cell_lib">
					<property name="INIT" value="8"/>
				</instance>
				<instance name="Lut-U131_0_0" moduleRef="LUT2" libraryRef="cell_lib">
					<property name="INIT" value="8"/>
				</instance>
				<instance name="Lut-U132_0_0" moduleRef="LUT2" libraryRef="cell_lib">
					<property name="INIT" value="8"/>
				</instance>
				<instance name="Lut-U133_0_0" moduleRef="LUT2" libraryRef="cell_lib">
					<property name="INIT" value="8"/>
				</instance>
				<instance name="Lut-U134_0_0" moduleRef="LUT2" libraryRef="cell_lib">
					<property name="INIT" value="8"/>
				</instance>
				<instance name="Lut-U135_0_0" moduleRef="LUT2" libraryRef="cell_lib">
					<property name="INIT" value="8"/>
				</instance>
				<instance name="Lut-U136_0_0" moduleRef="LUT2" libraryRef="cell_lib">
					<property name="INIT" value="8"/>
				</instance>
				<instance name="Lut-U137_0_0" moduleRef="LUT2" libraryRef="cell_lib">
					<property name="INIT" value="8"/>
				</instance>
				<instance name="Lut-U108_0_0" moduleRef="LUT2" libraryRef="cell_lib">
					<property name="INIT" value="8"/>
				</instance>
				<instance name="Lut-U109_0_0" moduleRef="LUT2" libraryRef="cell_lib">
					<property name="INIT" value="8"/>
				</instance>
				<instance name="Lut-U110_0_0" moduleRef="LUT2" libraryRef="cell_lib">
					<property name="INIT" value="8"/>
				</instance>
				<instance name="Lut-U111_0_0" moduleRef="LUT2" libraryRef="cell_lib">
					<property name="INIT" value="8"/>
				</instance>
				<instance name="Lut-U112_0_0" moduleRef="LUT2" libraryRef="cell_lib">
					<property name="INIT" value="8"/>
				</instance>
				<instance name="Lut-U113_0_0" moduleRef="LUT2" libraryRef="cell_lib">
					<property name="INIT" value="8"/>
				</instance>
				<instance name="Lut-U128_0_0" moduleRef="LUT2" libraryRef="cell_lib">
					<property name="INIT" value="4"/>
				</instance>
				<instance name="Lut-U126_0" moduleRef="LUT3" libraryRef="cell_lib">
					<property name="INIT" value="B7"/>
				</instance>
				<instance name="Lut-U121_0" moduleRef="LUT4" libraryRef="cell_lib">
					<property name="INIT" value="8F7F"/>
				</instance>
				<instance name="Lut-U115_0" moduleRef="LUT4" libraryRef="cell_lib">
					<property name="INIT" value="B37F"/>
				</instance>
				<instance name="Lut-U73_0" moduleRef="LUT4" libraryRef="cell_lib">
					<property name="INIT" value="707F"/>
				</instance>
				<instance name="Lut-U104_0" moduleRef="LUT4" libraryRef="cell_lib">
					<property name="INIT" value="1D00"/>
				</instance>
				<instance name="Lut-U101_0" moduleRef="LUT4" libraryRef="cell_lib">
					<property name="INIT" value="707F"/>
				</instance>
				<instance name="Lut-U99_0" moduleRef="LUT4" libraryRef="cell_lib">
					<property name="INIT" value="707F"/>
				</instance>
				<instance name="Lut-U97_0" moduleRef="LUT4" libraryRef="cell_lib">
					<property name="INIT" value="707F"/>
				</instance>
				<instance name="Lut-U95_0" moduleRef="LUT4" libraryRef="cell_lib">
					<property name="INIT" value="707F"/>
				</instance>
				<instance name="Lut-U93_0" moduleRef="LUT4" libraryRef="cell_lib">
					<property name="INIT" value="707F"/>
				</instance>
				<instance name="Lut-U91_0" moduleRef="LUT4" libraryRef="cell_lib">
					<property name="INIT" value="707F"/>
				</instance>
				<instance name="Lut-U89_0" moduleRef="LUT4" libraryRef="cell_lib">
					<property name="INIT" value="707F"/>
				</instance>
				<instance name="Lut-U87_0" moduleRef="LUT4" libraryRef="cell_lib">
					<property name="INIT" value="707F"/>
				</instance>
				<instance name="Lut-U85_0" moduleRef="LUT4" libraryRef="cell_lib">
					<property name="INIT" value="707F"/>
				</instance>
				<instance name="Lut-U83_0" moduleRef="LUT4" libraryRef="cell_lib">
					<property name="INIT" value="707F"/>
				</instance>
				<instance name="Lut-U81_0" moduleRef="LUT4" libraryRef="cell_lib">
					<property name="INIT" value="707F"/>
				</instance>
				<instance name="Lut-U79_0" moduleRef="LUT4" libraryRef="cell_lib">
					<property name="INIT" value="707F"/>
				</instance>
				<instance name="Lut-U77_0" moduleRef="LUT4" libraryRef="cell_lib">
					<property name="INIT" value="707F"/>
				</instance>
				<instance name="Lut-U75_0" moduleRef="LUT4" libraryRef="cell_lib">
					<property name="INIT" value="707F"/>
				</instance>
				<instance name="Lut-U124_0_0" moduleRef="LUT2" libraryRef="cell_lib">
					<property name="INIT" value="8"/>
				</instance>
				<instance name="Lut-U106_0_0" moduleRef="LUT4" libraryRef="cell_lib">
					<property name="INIT" value="D555"/>
				</instance>
				<instance name="Lut-U129_0InvLut" moduleRef="LUT2" libraryRef="cell_lib">
					<property name="INIT" value="5"/>
				</instance>
				<instance name="Lut-U126_0InvLut" moduleRef="LUT2" libraryRef="cell_lib">
					<property name="INIT" value="5"/>
				</instance>
				<instance name="Lut-U121_0InvLut" moduleRef="LUT2" libraryRef="cell_lib">
					<property name="INIT" value="5"/>
				</instance>
				<instance name="Lut-U115_0InvLut" moduleRef="LUT2" libraryRef="cell_lib">
					<property name="INIT" value="5"/>
				</instance>
				<instance name="Lut-U73_0InvLut" moduleRef="LUT2" libraryRef="cell_lib">
					<property name="INIT" value="5"/>
				</instance>
				<instance name="Lut-U104_0InvLut" moduleRef="LUT2" libraryRef="cell_lib">
					<property name="INIT" value="5"/>
				</instance>
				<instance name="Lut-U101_0InvLut" moduleRef="LUT2" libraryRef="cell_lib">
					<property name="INIT" value="5"/>
				</instance>
				<instance name="Lut-U99_0InvLut" moduleRef="LUT2" libraryRef="cell_lib">
					<property name="INIT" value="5"/>
				</instance>
				<instance name="Lut-U97_0InvLut" moduleRef="LUT2" libraryRef="cell_lib">
					<property name="INIT" value="5"/>
				</instance>
				<instance name="Lut-U95_0InvLut" moduleRef="LUT2" libraryRef="cell_lib">
					<property name="INIT" value="5"/>
				</instance>
				<instance name="Lut-U93_0InvLut" moduleRef="LUT2" libraryRef="cell_lib">
					<property name="INIT" value="5"/>
				</instance>
				<instance name="Lut-U91_0InvLut" moduleRef="LUT2" libraryRef="cell_lib">
					<property name="INIT" value="5"/>
				</instance>
				<instance name="Lut-U89_0InvLut" moduleRef="LUT2" libraryRef="cell_lib">
					<property name="INIT" value="5"/>
				</instance>
				<instance name="Lut-U87_0InvLut" moduleRef="LUT2" libraryRef="cell_lib">
					<property name="INIT" value="5"/>
				</instance>
				<instance name="Lut-U85_0InvLut" moduleRef="LUT2" libraryRef="cell_lib">
					<property name="INIT" value="5"/>
				</instance>
				<instance name="Lut-U83_0InvLut" moduleRef="LUT2" libraryRef="cell_lib">
					<property name="INIT" value="5"/>
				</instance>
				<instance name="Lut-U81_0InvLut" moduleRef="LUT2" libraryRef="cell_lib">
					<property name="INIT" value="5"/>
				</instance>
				<instance name="Lut-U79_0InvLut" moduleRef="LUT2" libraryRef="cell_lib">
					<property name="INIT" value="5"/>
				</instance>
				<instance name="Lut-U77_0InvLut" moduleRef="LUT2" libraryRef="cell_lib">
					<property name="INIT" value="5"/>
				</instance>
				<instance name="Lut-U75_0InvLut" moduleRef="LUT2" libraryRef="cell_lib">
					<property name="INIT" value="5"/>
				</instance>
				<instance name="Buf-pad-clk" moduleRef="CLKBUF" libraryRef="cell_lib"/>
				<instance name="IBuf-clkpad-clk" moduleRef="CLKBUF" libraryRef="cell_lib"/>
				<instance name="Buf-pad-switch" moduleRef="IBUF" libraryRef="cell_lib"/>
				<instance name="Buf-pad-row_out[15]" moduleRef="OBUF" libraryRef="cell_lib"/>
				<instance name="Buf-pad-row_out[14]" moduleRef="OBUF" libraryRef="cell_lib"/>
				<instance name="Buf-pad-row_out[13]" moduleRef="OBUF" libraryRef="cell_lib"/>
				<instance name="Buf-pad-row_out[12]" moduleRef="OBUF" libraryRef="cell_lib"/>
				<instance name="Buf-pad-row_out[11]" moduleRef="OBUF" libraryRef="cell_lib"/>
				<instance name="Buf-pad-row_out[10]" moduleRef="OBUF" libraryRef="cell_lib"/>
				<instance name="Buf-pad-row_out[9]" moduleRef="OBUF" libraryRef="cell_lib"/>
				<instance name="Buf-pad-row_out[8]" moduleRef="OBUF" libraryRef="cell_lib"/>
				<instance name="Buf-pad-row_out[7]" moduleRef="OBUF" libraryRef="cell_lib"/>
				<instance name="Buf-pad-row_out[6]" moduleRef="OBUF" libraryRef="cell_lib"/>
				<instance name="Buf-pad-row_out[5]" moduleRef="OBUF" libraryRef="cell_lib"/>
				<instance name="Buf-pad-row_out[4]" moduleRef="OBUF" libraryRef="cell_lib"/>
				<instance name="Buf-pad-row_out[3]" moduleRef="OBUF" libraryRef="cell_lib"/>
				<instance name="Buf-pad-row_out[2]" moduleRef="OBUF" libraryRef="cell_lib"/>
				<instance name="Buf-pad-row_out[1]" moduleRef="OBUF" libraryRef="cell_lib"/>
				<instance name="Buf-pad-row_out[0]" moduleRef="OBUF" libraryRef="cell_lib"/>
				<instance name="Buf-pad-col_out[15]" moduleRef="OBUF" libraryRef="cell_lib"/>
				<instance name="Buf-pad-col_out[14]" moduleRef="OBUF" libraryRef="cell_lib"/>
				<instance name="Buf-pad-col_out[13]" moduleRef="OBUF" libraryRef="cell_lib"/>
				<instance name="Buf-pad-col_out[12]" moduleRef="OBUF" libraryRef="cell_lib"/>
				<instance name="Buf-pad-col_out[11]" moduleRef="OBUF" libraryRef="cell_lib"/>
				<instance name="Buf-pad-col_out[10]" moduleRef="OBUF" libraryRef="cell_lib"/>
				<instance name="Buf-pad-col_out[9]" moduleRef="OBUF" libraryRef="cell_lib"/>
				<instance name="Buf-pad-col_out[8]" moduleRef="OBUF" libraryRef="cell_lib"/>
				<instance name="Buf-pad-col_out[7]" moduleRef="OBUF" libraryRef="cell_lib"/>
				<instance name="Buf-pad-col_out[6]" moduleRef="OBUF" libraryRef="cell_lib"/>
				<instance name="Buf-pad-col_out[5]" moduleRef="OBUF" libraryRef="cell_lib"/>
				<instance name="Buf-pad-col_out[4]" moduleRef="OBUF" libraryRef="cell_lib"/>
				<instance name="Buf-pad-col_out[3]" moduleRef="OBUF" libraryRef="cell_lib"/>
				<instance name="Buf-pad-col_out[2]" moduleRef="OBUF" libraryRef="cell_lib"/>
				<instance name="Buf-pad-col_out[1]" moduleRef="OBUF" libraryRef="cell_lib"/>
				<instance name="Buf-pad-col_out[0]" moduleRef="OBUF" libraryRef="cell_lib"/>
				<instance name="col_reg[0]" moduleRef="DFFHQ" libraryRef="cell_lib"/>
				<instance name="col_reg[15]" moduleRef="DFFHQ" libraryRef="cell_lib"/>
				<instance name="col_reg[14]" moduleRef="DFFHQ" libraryRef="cell_lib"/>
				<instance name="col_reg[13]" moduleRef="DFFHQ" libraryRef="cell_lib"/>
				<instance name="col_reg[12]" moduleRef="DFFHQ" libraryRef="cell_lib"/>
				<instance name="col_reg[11]" moduleRef="DFFHQ" libraryRef="cell_lib"/>
				<instance name="col_reg[10]" moduleRef="DFFHQ" libraryRef="cell_lib"/>
				<instance name="col_reg[9]" moduleRef="DFFHQ" libraryRef="cell_lib"/>
				<instance name="col_reg[8]" moduleRef="DFFHQ" libraryRef="cell_lib"/>
				<instance name="col_reg[7]" moduleRef="DFFHQ" libraryRef="cell_lib"/>
				<instance name="col_reg[6]" moduleRef="DFFHQ" libraryRef="cell_lib"/>
				<instance name="col_reg[5]" moduleRef="DFFHQ" libraryRef="cell_lib"/>
				<instance name="col_reg[4]" moduleRef="DFFHQ" libraryRef="cell_lib"/>
				<instance name="col_reg[3]" moduleRef="DFFHQ" libraryRef="cell_lib"/>
				<instance name="col_reg[2]" moduleRef="DFFHQ" libraryRef="cell_lib"/>
				<instance name="col_reg[1]" moduleRef="DFFHQ" libraryRef="cell_lib"/>
				<instance name="temp_reg[0]" moduleRef="DFFHQ" libraryRef="cell_lib"/>
				<instance name="temp_reg[1]" moduleRef="DFFHQ" libraryRef="cell_lib"/>
				<instance name="temp_reg[2]" moduleRef="DFFHQ" libraryRef="cell_lib"/>
				<instance name="temp_reg[3]" moduleRef="DFFHQ" libraryRef="cell_lib"/>
				<instance name="row_reg[0]" moduleRef="DFFHQ" libraryRef="cell_lib"/>
				<instance name="row_reg[15]" moduleRef="DFFHQ" libraryRef="cell_lib"/>
				<instance name="row_reg[14]" moduleRef="DFFHQ" libraryRef="cell_lib"/>
				<instance name="row_reg[13]" moduleRef="DFFHQ" libraryRef="cell_lib"/>
				<instance name="row_reg[12]" moduleRef="DFFHQ" libraryRef="cell_lib"/>
				<instance name="row_reg[11]" moduleRef="DFFHQ" libraryRef="cell_lib"/>
				<instance name="row_reg[10]" moduleRef="DFFHQ" libraryRef="cell_lib"/>
				<instance name="row_reg[9]" moduleRef="DFFHQ" libraryRef="cell_lib"/>
				<instance name="row_reg[8]" moduleRef="DFFHQ" libraryRef="cell_lib"/>
				<instance name="row_reg[7]" moduleRef="DFFHQ" libraryRef="cell_lib"/>
				<instance name="row_reg[6]" moduleRef="DFFHQ" libraryRef="cell_lib"/>
				<instance name="row_reg[5]" moduleRef="DFFHQ" libraryRef="cell_lib"/>
				<instance name="row_reg[4]" moduleRef="DFFHQ" libraryRef="cell_lib"/>
				<instance name="row_reg[3]" moduleRef="DFFHQ" libraryRef="cell_lib"/>
				<instance name="row_reg[2]" moduleRef="DFFHQ" libraryRef="cell_lib"/>
				<instance name="row_reg[1]" moduleRef="DFFHQ" libraryRef="cell_lib"/>
				<instance name="row_out[15]_opad" moduleRef="OPAD" libraryRef="cell_lib"/>
				<instance name="row_out[14]_opad" moduleRef="OPAD" libraryRef="cell_lib"/>
				<instance name="row_out[13]_opad" moduleRef="OPAD" libraryRef="cell_lib"/>
				<instance name="row_out[12]_opad" moduleRef="OPAD" libraryRef="cell_lib"/>
				<instance name="row_out[11]_opad" moduleRef="OPAD" libraryRef="cell_lib"/>
				<instance name="row_out[10]_opad" moduleRef="OPAD" libraryRef="cell_lib"/>
				<instance name="row_out[9]_opad" moduleRef="OPAD" libraryRef="cell_lib"/>
				<instance name="row_out[8]_opad" moduleRef="OPAD" libraryRef="cell_lib"/>
				<instance name="row_out[7]_opad" moduleRef="OPAD" libraryRef="cell_lib"/>
				<instance name="row_out[6]_opad" moduleRef="OPAD" libraryRef="cell_lib"/>
				<instance name="row_out[5]_opad" moduleRef="OPAD" libraryRef="cell_lib"/>
				<instance name="row_out[4]_opad" moduleRef="OPAD" libraryRef="cell_lib"/>
				<instance name="row_out[3]_opad" moduleRef="OPAD" libraryRef="cell_lib"/>
				<instance name="row_out[2]_opad" moduleRef="OPAD" libraryRef="cell_lib"/>
				<instance name="row_out[1]_opad" moduleRef="OPAD" libraryRef="cell_lib"/>
				<instance name="row_out[0]_opad" moduleRef="OPAD" libraryRef="cell_lib"/>
				<instance name="col_out[15]_opad" moduleRef="OPAD" libraryRef="cell_lib"/>
				<instance name="col_out[14]_opad" moduleRef="OPAD" libraryRef="cell_lib"/>
				<instance name="col_out[13]_opad" moduleRef="OPAD" libraryRef="cell_lib"/>
				<instance name="col_out[12]_opad" moduleRef="OPAD" libraryRef="cell_lib"/>
				<instance name="col_out[11]_opad" moduleRef="OPAD" libraryRef="cell_lib"/>
				<instance name="col_out[10]_opad" moduleRef="OPAD" libraryRef="cell_lib"/>
				<instance name="col_out[9]_opad" moduleRef="OPAD" libraryRef="cell_lib"/>
				<instance name="col_out[8]_opad" moduleRef="OPAD" libraryRef="cell_lib"/>
				<instance name="col_out[7]_opad" moduleRef="OPAD" libraryRef="cell_lib"/>
				<instance name="col_out[6]_opad" moduleRef="OPAD" libraryRef="cell_lib"/>
				<instance name="col_out[5]_opad" moduleRef="OPAD" libraryRef="cell_lib"/>
				<instance name="col_out[4]_opad" moduleRef="OPAD" libraryRef="cell_lib"/>
				<instance name="col_out[3]_opad" moduleRef="OPAD" libraryRef="cell_lib"/>
				<instance name="col_out[2]_opad" moduleRef="OPAD" libraryRef="cell_lib"/>
				<instance name="col_out[1]_opad" moduleRef="OPAD" libraryRef="cell_lib"/>
				<instance name="col_out[0]_opad" moduleRef="OPAD" libraryRef="cell_lib"/>
				<net name="clk">
					<portRef name="clk"/>
					<portRef name="PAD" instanceRef="clk_ipad"/>
					<portRef name="I" instanceRef="Buf-pad-clk"/>
				</net>
				<net name="switch">
					<portRef name="switch"/>
					<portRef name="PAD" instanceRef="switch_ipad"/>
					<portRef name="I" instanceRef="Buf-pad-switch"/>
				</net>
				<net name="net_col_reg[1]">
					<portRef name="Q" instanceRef="col_reg[1]"/>
					<portRef name="ADR0" instanceRef="Lut-U114_0_0"/>
					<portRef name="I" instanceRef="Buf-pad-col_out[1]"/>
				</net>
				<net name="net_Buf-pad-switch">
					<portRef name="O" instanceRef="Buf-pad-switch"/>
					<portRef name="ADR1" instanceRef="Lut-U114_0_0"/>
					<portRef name="ADR1" instanceRef="Lut-U129_0"/>
					<portRef name="ADR1" instanceRef="Lut-U130_0_0"/>
					<portRef name="ADR1" instanceRef="Lut-U131_0_0"/>
					<portRef name="ADR1" instanceRef="Lut-U132_0_0"/>
					<portRef name="ADR1" instanceRef="Lut-U133_0_0"/>
					<portRef name="ADR1" instanceRef="Lut-U134_0_0"/>
					<portRef name="ADR1" instanceRef="Lut-U135_0_0"/>
					<portRef name="ADR1" instanceRef="Lut-U136_0_0"/>
					<portRef name="ADR1" instanceRef="Lut-U137_0_0"/>
					<portRef name="ADR1" instanceRef="Lut-U108_0_0"/>
					<portRef name="ADR1" instanceRef="Lut-U109_0_0"/>
					<portRef name="ADR1" instanceRef="Lut-U110_0_0"/>
					<portRef name="ADR1" instanceRef="Lut-U111_0_0"/>
					<portRef name="ADR1" instanceRef="Lut-U112_0_0"/>
					<portRef name="ADR1" instanceRef="Lut-U113_0_0"/>
					<portRef name="ADR1" instanceRef="Lut-U128_0_0"/>
					<portRef name="ADR1" instanceRef="Lut-U126_0"/>
					<portRef name="ADR2" instanceRef="Lut-U121_0"/>
					<portRef name="ADR1" instanceRef="Lut-U115_0"/>
					<portRef name="ADR1" instanceRef="Lut-U73_0"/>
					<portRef name="ADR3" instanceRef="Lut-U104_0"/>
					<portRef name="ADR1" instanceRef="Lut-U101_0"/>
					<portRef name="ADR1" instanceRef="Lut-U99_0"/>
					<portRef name="ADR1" instanceRef="Lut-U97_0"/>
					<portRef name="ADR1" instanceRef="Lut-U95_0"/>
					<portRef name="ADR1" instanceRef="Lut-U93_0"/>
					<portRef name="ADR1" instanceRef="Lut-U91_0"/>
					<portRef name="ADR1" instanceRef="Lut-U89_0"/>
					<portRef name="ADR1" instanceRef="Lut-U87_0"/>
					<portRef name="ADR1" instanceRef="Lut-U85_0"/>
					<portRef name="ADR1" instanceRef="Lut-U83_0"/>
					<portRef name="ADR1" instanceRef="Lut-U81_0"/>
					<portRef name="ADR1" instanceRef="Lut-U79_0"/>
					<portRef name="ADR1" instanceRef="Lut-U77_0"/>
					<portRef name="ADR1" instanceRef="Lut-U75_0"/>
					<portRef name="ADR0" instanceRef="Lut-U106_0_0"/>
				</net>
				<net name="net_col_reg[0]">
					<portRef name="Q" instanceRef="col_reg[0]"/>
					<portRef name="ADR0" instanceRef="Lut-U129_0"/>
					<portRef name="I" instanceRef="Buf-pad-col_out[0]"/>
				</net>
				<net name="net_col_reg[15]">
					<portRef name="Q" instanceRef="col_reg[15]"/>
					<portRef name="ADR0" instanceRef="Lut-U130_0_0"/>
					<portRef name="I" instanceRef="Buf-pad-col_out[15]"/>
				</net>
				<net name="net_col_reg[14]">
					<portRef name="Q" instanceRef="col_reg[14]"/>
					<portRef name="ADR0" instanceRef="Lut-U131_0_0"/>
					<portRef name="I" instanceRef="Buf-pad-col_out[14]"/>
				</net>
				<net name="net_col_reg[13]">
					<portRef name="Q" instanceRef="col_reg[13]"/>
					<portRef name="ADR0" instanceRef="Lut-U132_0_0"/>
					<portRef name="I" instanceRef="Buf-pad-col_out[13]"/>
				</net>
				<net name="net_col_reg[12]">
					<portRef name="Q" instanceRef="col_reg[12]"/>
					<portRef name="ADR0" instanceRef="Lut-U133_0_0"/>
					<portRef name="I" instanceRef="Buf-pad-col_out[12]"/>
				</net>
				<net name="net_col_reg[11]">
					<portRef name="Q" instanceRef="col_reg[11]"/>
					<portRef name="ADR0" instanceRef="Lut-U134_0_0"/>
					<portRef name="I" instanceRef="Buf-pad-col_out[11]"/>
				</net>
				<net name="net_col_reg[10]">
					<portRef name="Q" instanceRef="col_reg[10]"/>
					<portRef name="ADR0" instanceRef="Lut-U135_0_0"/>
					<portRef name="I" instanceRef="Buf-pad-col_out[10]"/>
				</net>
				<net name="net_col_reg[9]">
					<portRef name="Q" instanceRef="col_reg[9]"/>
					<portRef name="ADR0" instanceRef="Lut-U136_0_0"/>
					<portRef name="I" instanceRef="Buf-pad-col_out[9]"/>
				</net>
				<net name="net_col_reg[8]">
					<portRef name="Q" instanceRef="col_reg[8]"/>
					<portRef name="ADR0" instanceRef="Lut-U137_0_0"/>
					<portRef name="I" instanceRef="Buf-pad-col_out[8]"/>
				</net>
				<net name="net_col_reg[7]">
					<portRef name="Q" instanceRef="col_reg[7]"/>
					<portRef name="ADR0" instanceRef="Lut-U108_0_0"/>
					<portRef name="I" instanceRef="Buf-pad-col_out[7]"/>
				</net>
				<net name="net_col_reg[6]">
					<portRef name="Q" instanceRef="col_reg[6]"/>
					<portRef name="ADR0" instanceRef="Lut-U109_0_0"/>
					<portRef name="I" instanceRef="Buf-pad-col_out[6]"/>
				</net>
				<net name="net_col_reg[5]">
					<portRef name="Q" instanceRef="col_reg[5]"/>
					<portRef name="ADR0" instanceRef="Lut-U110_0_0"/>
					<portRef name="I" instanceRef="Buf-pad-col_out[5]"/>
				</net>
				<net name="net_col_reg[4]">
					<portRef name="Q" instanceRef="col_reg[4]"/>
					<portRef name="ADR0" instanceRef="Lut-U111_0_0"/>
					<portRef name="I" instanceRef="Buf-pad-col_out[4]"/>
				</net>
				<net name="net_col_reg[3]">
					<portRef name="Q" instanceRef="col_reg[3]"/>
					<portRef name="ADR0" instanceRef="Lut-U112_0_0"/>
					<portRef name="I" instanceRef="Buf-pad-col_out[3]"/>
				</net>
				<net name="net_col_reg[2]">
					<portRef name="Q" instanceRef="col_reg[2]"/>
					<portRef name="ADR0" instanceRef="Lut-U113_0_0"/>
					<portRef name="I" instanceRef="Buf-pad-col_out[2]"/>
				</net>
				<net name="net_temp_reg[0]">
					<portRef name="Q" instanceRef="temp_reg[0]"/>
					<portRef name="ADR0" instanceRef="Lut-U128_0_0"/>
					<portRef name="ADR0" instanceRef="Lut-U126_0"/>
					<portRef name="ADR0" instanceRef="Lut-U121_0"/>
					<portRef name="ADR0" instanceRef="Lut-U124_0_0"/>
				</net>
				<net name="net_temp_reg[1]">
					<portRef name="Q" instanceRef="temp_reg[1]"/>
					<portRef name="ADR2" instanceRef="Lut-U126_0"/>
					<portRef name="ADR1" instanceRef="Lut-U121_0"/>
					<portRef name="ADR1" instanceRef="Lut-U124_0_0"/>
				</net>
				<net name="net_temp_reg[2]">
					<portRef name="Q" instanceRef="temp_reg[2]"/>
					<portRef name="ADR3" instanceRef="Lut-U121_0"/>
					<portRef name="ADR2" instanceRef="Lut-U115_0"/>
					<portRef name="ADR1" instanceRef="Lut-U106_0_0"/>
				</net>
				<net name="net_Lut-U124_0_0">
					<portRef name="O" instanceRef="Lut-U124_0_0"/>
					<portRef name="ADR0" instanceRef="Lut-U115_0"/>
					<portRef name="ADR2" instanceRef="Lut-U106_0_0"/>
				</net>
				<net name="net_temp_reg[3]">
					<portRef name="Q" instanceRef="temp_reg[3]"/>
					<portRef name="ADR3" instanceRef="Lut-U115_0"/>
					<portRef name="ADR3" instanceRef="Lut-U106_0_0"/>
				</net>
				<net name="net_row_reg[1]">
					<portRef name="Q" instanceRef="row_reg[1]"/>
					<portRef name="ADR0" instanceRef="Lut-U73_0"/>
					<portRef name="ADR3" instanceRef="Lut-U75_0"/>
					<portRef name="I" instanceRef="Buf-pad-row_out[1]"/>
				</net>
				<net name="net_Lut-U106_0_0">
					<portRef name="O" instanceRef="Lut-U106_0_0"/>
					<portRef name="ADR2" instanceRef="Lut-U73_0"/>
					<portRef name="ADR1" instanceRef="Lut-U104_0"/>
					<portRef name="ADR2" instanceRef="Lut-U101_0"/>
					<portRef name="ADR2" instanceRef="Lut-U99_0"/>
					<portRef name="ADR2" instanceRef="Lut-U97_0"/>
					<portRef name="ADR2" instanceRef="Lut-U95_0"/>
					<portRef name="ADR2" instanceRef="Lut-U93_0"/>
					<portRef name="ADR2" instanceRef="Lut-U91_0"/>
					<portRef name="ADR2" instanceRef="Lut-U89_0"/>
					<portRef name="ADR2" instanceRef="Lut-U87_0"/>
					<portRef name="ADR2" instanceRef="Lut-U85_0"/>
					<portRef name="ADR2" instanceRef="Lut-U83_0"/>
					<portRef name="ADR2" instanceRef="Lut-U81_0"/>
					<portRef name="ADR2" instanceRef="Lut-U79_0"/>
					<portRef name="ADR2" instanceRef="Lut-U77_0"/>
					<portRef name="ADR2" instanceRef="Lut-U75_0"/>
				</net>
				<net name="net_row_reg[0]">
					<portRef name="Q" instanceRef="row_reg[0]"/>
					<portRef name="ADR3" instanceRef="Lut-U73_0"/>
					<portRef name="ADR2" instanceRef="Lut-U104_0"/>
					<portRef name="I" instanceRef="Buf-pad-row_out[0]"/>
				</net>
				<net name="net_row_reg[15]">
					<portRef name="Q" instanceRef="row_reg[15]"/>
					<portRef name="ADR0" instanceRef="Lut-U104_0"/>
					<portRef name="ADR0" instanceRef="Lut-U101_0"/>
					<portRef name="I" instanceRef="Buf-pad-row_out[15]"/>
				</net>
				<net name="net_row_reg[14]">
					<portRef name="Q" instanceRef="row_reg[14]"/>
					<portRef name="ADR3" instanceRef="Lut-U101_0"/>
					<portRef name="ADR0" instanceRef="Lut-U99_0"/>
					<portRef name="I" instanceRef="Buf-pad-row_out[14]"/>
				</net>
				<net name="net_row_reg[13]">
					<portRef name="Q" instanceRef="row_reg[13]"/>
					<portRef name="ADR3" instanceRef="Lut-U99_0"/>
					<portRef name="ADR0" instanceRef="Lut-U97_0"/>
					<portRef name="I" instanceRef="Buf-pad-row_out[13]"/>
				</net>
				<net name="net_row_reg[12]">
					<portRef name="Q" instanceRef="row_reg[12]"/>
					<portRef name="ADR3" instanceRef="Lut-U97_0"/>
					<portRef name="ADR0" instanceRef="Lut-U95_0"/>
					<portRef name="I" instanceRef="Buf-pad-row_out[12]"/>
				</net>
				<net name="net_row_reg[11]">
					<portRef name="Q" instanceRef="row_reg[11]"/>
					<portRef name="ADR3" instanceRef="Lut-U95_0"/>
					<portRef name="ADR0" instanceRef="Lut-U93_0"/>
					<portRef name="I" instanceRef="Buf-pad-row_out[11]"/>
				</net>
				<net name="net_row_reg[10]">
					<portRef name="Q" instanceRef="row_reg[10]"/>
					<portRef name="ADR3" instanceRef="Lut-U93_0"/>
					<portRef name="ADR0" instanceRef="Lut-U91_0"/>
					<portRef name="I" instanceRef="Buf-pad-row_out[10]"/>
				</net>
				<net name="net_row_reg[9]">
					<portRef name="Q" instanceRef="row_reg[9]"/>
					<portRef name="ADR3" instanceRef="Lut-U91_0"/>
					<portRef name="ADR0" instanceRef="Lut-U89_0"/>
					<portRef name="I" instanceRef="Buf-pad-row_out[9]"/>
				</net>
				<net name="net_row_reg[8]">
					<portRef name="Q" instanceRef="row_reg[8]"/>
					<portRef name="ADR3" instanceRef="Lut-U89_0"/>
					<portRef name="ADR0" instanceRef="Lut-U87_0"/>
					<portRef name="I" instanceRef="Buf-pad-row_out[8]"/>
				</net>
				<net name="net_row_reg[7]">
					<portRef name="Q" instanceRef="row_reg[7]"/>
					<portRef name="ADR3" instanceRef="Lut-U87_0"/>
					<portRef name="ADR0" instanceRef="Lut-U85_0"/>
					<portRef name="I" instanceRef="Buf-pad-row_out[7]"/>
				</net>
				<net name="net_row_reg[6]">
					<portRef name="Q" instanceRef="row_reg[6]"/>
					<portRef name="ADR3" instanceRef="Lut-U85_0"/>
					<portRef name="ADR0" instanceRef="Lut-U83_0"/>
					<portRef name="I" instanceRef="Buf-pad-row_out[6]"/>
				</net>
				<net name="net_row_reg[5]">
					<portRef name="Q" instanceRef="row_reg[5]"/>
					<portRef name="ADR3" instanceRef="Lut-U83_0"/>
					<portRef name="ADR0" instanceRef="Lut-U81_0"/>
					<portRef name="I" instanceRef="Buf-pad-row_out[5]"/>
				</net>
				<net name="net_row_reg[4]">
					<portRef name="Q" instanceRef="row_reg[4]"/>
					<portRef name="ADR3" instanceRef="Lut-U81_0"/>
					<portRef name="ADR0" instanceRef="Lut-U79_0"/>
					<portRef name="I" instanceRef="Buf-pad-row_out[4]"/>
				</net>
				<net name="net_row_reg[3]">
					<portRef name="Q" instanceRef="row_reg[3]"/>
					<portRef name="ADR3" instanceRef="Lut-U79_0"/>
					<portRef name="ADR0" instanceRef="Lut-U77_0"/>
					<portRef name="I" instanceRef="Buf-pad-row_out[3]"/>
				</net>
				<net name="net_row_reg[2]">
					<portRef name="Q" instanceRef="row_reg[2]"/>
					<portRef name="ADR3" instanceRef="Lut-U77_0"/>
					<portRef name="ADR0" instanceRef="Lut-U75_0"/>
					<portRef name="I" instanceRef="Buf-pad-row_out[2]"/>
				</net>
				<net name="net_Lut-U129_0">
					<portRef name="O" instanceRef="Lut-U129_0"/>
					<portRef name="ADR0" instanceRef="Lut-U129_0InvLut"/>
				</net>
				<net name="net_VCC">
					<portRef name="LOGIC_1_PIN" instanceRef="VCC"/>
					<portRef name="ADR1" instanceRef="Lut-U129_0InvLut"/>
					<portRef name="ADR1" instanceRef="Lut-U126_0InvLut"/>
					<portRef name="ADR1" instanceRef="Lut-U121_0InvLut"/>
					<portRef name="ADR1" instanceRef="Lut-U115_0InvLut"/>
					<portRef name="ADR1" instanceRef="Lut-U73_0InvLut"/>
					<portRef name="ADR1" instanceRef="Lut-U104_0InvLut"/>
					<portRef name="ADR1" instanceRef="Lut-U101_0InvLut"/>
					<portRef name="ADR1" instanceRef="Lut-U99_0InvLut"/>
					<portRef name="ADR1" instanceRef="Lut-U97_0InvLut"/>
					<portRef name="ADR1" instanceRef="Lut-U95_0InvLut"/>
					<portRef name="ADR1" instanceRef="Lut-U93_0InvLut"/>
					<portRef name="ADR1" instanceRef="Lut-U91_0InvLut"/>
					<portRef name="ADR1" instanceRef="Lut-U89_0InvLut"/>
					<portRef name="ADR1" instanceRef="Lut-U87_0InvLut"/>
					<portRef name="ADR1" instanceRef="Lut-U85_0InvLut"/>
					<portRef name="ADR1" instanceRef="Lut-U83_0InvLut"/>
					<portRef name="ADR1" instanceRef="Lut-U81_0InvLut"/>
					<portRef name="ADR1" instanceRef="Lut-U79_0InvLut"/>
					<portRef name="ADR1" instanceRef="Lut-U77_0InvLut"/>
					<portRef name="ADR1" instanceRef="Lut-U75_0InvLut"/>
				</net>
				<net name="net_Lut-U126_0">
					<portRef name="O" instanceRef="Lut-U126_0"/>
					<portRef name="ADR0" instanceRef="Lut-U126_0InvLut"/>
				</net>
				<net name="net_Lut-U121_0">
					<portRef name="O" instanceRef="Lut-U121_0"/>
					<portRef name="ADR0" instanceRef="Lut-U121_0InvLut"/>
				</net>
				<net name="net_Lut-U115_0">
					<portRef name="O" instanceRef="Lut-U115_0"/>
					<portRef name="ADR0" instanceRef="Lut-U115_0InvLut"/>
				</net>
				<net name="net_Lut-U73_0">
					<portRef name="O" instanceRef="Lut-U73_0"/>
					<portRef name="ADR0" instanceRef="Lut-U73_0InvLut"/>
				</net>
				<net name="net_Lut-U104_0">
					<portRef name="O" instanceRef="Lut-U104_0"/>
					<portRef name="ADR0" instanceRef="Lut-U104_0InvLut"/>
				</net>
				<net name="net_Lut-U101_0">
					<portRef name="O" instanceRef="Lut-U101_0"/>
					<portRef name="ADR0" instanceRef="Lut-U101_0InvLut"/>
				</net>
				<net name="net_Lut-U99_0">
					<portRef name="O" instanceRef="Lut-U99_0"/>
					<portRef name="ADR0" instanceRef="Lut-U99_0InvLut"/>
				</net>
				<net name="net_Lut-U97_0">
					<portRef name="O" instanceRef="Lut-U97_0"/>
					<portRef name="ADR0" instanceRef="Lut-U97_0InvLut"/>
				</net>
				<net name="net_Lut-U95_0">
					<portRef name="O" instanceRef="Lut-U95_0"/>
					<portRef name="ADR0" instanceRef="Lut-U95_0InvLut"/>
				</net>
				<net name="net_Lut-U93_0">
					<portRef name="O" instanceRef="Lut-U93_0"/>
					<portRef name="ADR0" instanceRef="Lut-U93_0InvLut"/>
				</net>
				<net name="net_Lut-U91_0">
					<portRef name="O" instanceRef="Lut-U91_0"/>
					<portRef name="ADR0" instanceRef="Lut-U91_0InvLut"/>
				</net>
				<net name="net_Lut-U89_0">
					<portRef name="O" instanceRef="Lut-U89_0"/>
					<portRef name="ADR0" instanceRef="Lut-U89_0InvLut"/>
				</net>
				<net name="net_Lut-U87_0">
					<portRef name="O" instanceRef="Lut-U87_0"/>
					<portRef name="ADR0" instanceRef="Lut-U87_0InvLut"/>
				</net>
				<net name="net_Lut-U85_0">
					<portRef name="O" instanceRef="Lut-U85_0"/>
					<portRef name="ADR0" instanceRef="Lut-U85_0InvLut"/>
				</net>
				<net name="net_Lut-U83_0">
					<portRef name="O" instanceRef="Lut-U83_0"/>
					<portRef name="ADR0" instanceRef="Lut-U83_0InvLut"/>
				</net>
				<net name="net_Lut-U81_0">
					<portRef name="O" instanceRef="Lut-U81_0"/>
					<portRef name="ADR0" instanceRef="Lut-U81_0InvLut"/>
				</net>
				<net name="net_Lut-U79_0">
					<portRef name="O" instanceRef="Lut-U79_0"/>
					<portRef name="ADR0" instanceRef="Lut-U79_0InvLut"/>
				</net>
				<net name="net_Lut-U77_0">
					<portRef name="O" instanceRef="Lut-U77_0"/>
					<portRef name="ADR0" instanceRef="Lut-U77_0InvLut"/>
				</net>
				<net name="net_Lut-U75_0">
					<portRef name="O" instanceRef="Lut-U75_0"/>
					<portRef name="ADR0" instanceRef="Lut-U75_0InvLut"/>
				</net>
				<net name="net_Buf-pad-clk">
					<portRef name="O" instanceRef="Buf-pad-clk"/>
					<portRef name="I" instanceRef="IBuf-clkpad-clk"/>
				</net>
				<net name="net_Lut-U114_0_0">
					<portRef name="O" instanceRef="Lut-U114_0_0"/>
					<portRef name="D" instanceRef="col_reg[0]"/>
				</net>
				<net name="net_IBuf-clkpad-clk" type="clock">
					<portRef name="O" instanceRef="IBuf-clkpad-clk"/>
					<portRef name="CK" instanceRef="col_reg[0]"/>
					<portRef name="CK" instanceRef="col_reg[15]"/>
					<portRef name="CK" instanceRef="col_reg[14]"/>
					<portRef name="CK" instanceRef="col_reg[13]"/>
					<portRef name="CK" instanceRef="col_reg[12]"/>
					<portRef name="CK" instanceRef="col_reg[11]"/>
					<portRef name="CK" instanceRef="col_reg[10]"/>
					<portRef name="CK" instanceRef="col_reg[9]"/>
					<portRef name="CK" instanceRef="col_reg[8]"/>
					<portRef name="CK" instanceRef="col_reg[7]"/>
					<portRef name="CK" instanceRef="col_reg[6]"/>
					<portRef name="CK" instanceRef="col_reg[5]"/>
					<portRef name="CK" instanceRef="col_reg[4]"/>
					<portRef name="CK" instanceRef="col_reg[3]"/>
					<portRef name="CK" instanceRef="col_reg[2]"/>
					<portRef name="CK" instanceRef="col_reg[1]"/>
					<portRef name="CK" instanceRef="temp_reg[0]"/>
					<portRef name="CK" instanceRef="temp_reg[1]"/>
					<portRef name="CK" instanceRef="temp_reg[2]"/>
					<portRef name="CK" instanceRef="temp_reg[3]"/>
					<portRef name="CK" instanceRef="row_reg[0]"/>
					<portRef name="CK" instanceRef="row_reg[15]"/>
					<portRef name="CK" instanceRef="row_reg[14]"/>
					<portRef name="CK" instanceRef="row_reg[13]"/>
					<portRef name="CK" instanceRef="row_reg[12]"/>
					<portRef name="CK" instanceRef="row_reg[11]"/>
					<portRef name="CK" instanceRef="row_reg[10]"/>
					<portRef name="CK" instanceRef="row_reg[9]"/>
					<portRef name="CK" instanceRef="row_reg[8]"/>
					<portRef name="CK" instanceRef="row_reg[7]"/>
					<portRef name="CK" instanceRef="row_reg[6]"/>
					<portRef name="CK" instanceRef="row_reg[5]"/>
					<portRef name="CK" instanceRef="row_reg[4]"/>
					<portRef name="CK" instanceRef="row_reg[3]"/>
					<portRef name="CK" instanceRef="row_reg[2]"/>
					<portRef name="CK" instanceRef="row_reg[1]"/>
				</net>
				<net name="net_Lut-U129_0InvLut">
					<portRef name="O" instanceRef="Lut-U129_0InvLut"/>
					<portRef name="D" instanceRef="col_reg[15]"/>
				</net>
				<net name="net_Lut-U130_0_0">
					<portRef name="O" instanceRef="Lut-U130_0_0"/>
					<portRef name="D" instanceRef="col_reg[14]"/>
				</net>
				<net name="net_Lut-U131_0_0">
					<portRef name="O" instanceRef="Lut-U131_0_0"/>
					<portRef name="D" instanceRef="col_reg[13]"/>
				</net>
				<net name="net_Lut-U132_0_0">
					<portRef name="O" instanceRef="Lut-U132_0_0"/>
					<portRef name="D" instanceRef="col_reg[12]"/>
				</net>
				<net name="net_Lut-U133_0_0">
					<portRef name="O" instanceRef="Lut-U133_0_0"/>
					<portRef name="D" instanceRef="col_reg[11]"/>
				</net>
				<net name="net_Lut-U134_0_0">
					<portRef name="O" instanceRef="Lut-U134_0_0"/>
					<portRef name="D" instanceRef="col_reg[10]"/>
				</net>
				<net name="net_Lut-U135_0_0">
					<portRef name="O" instanceRef="Lut-U135_0_0"/>
					<portRef name="D" instanceRef="col_reg[9]"/>
				</net>
				<net name="net_Lut-U136_0_0">
					<portRef name="O" instanceRef="Lut-U136_0_0"/>
					<portRef name="D" instanceRef="col_reg[8]"/>
				</net>
				<net name="net_Lut-U137_0_0">
					<portRef name="O" instanceRef="Lut-U137_0_0"/>
					<portRef name="D" instanceRef="col_reg[7]"/>
				</net>
				<net name="net_Lut-U108_0_0">
					<portRef name="O" instanceRef="Lut-U108_0_0"/>
					<portRef name="D" instanceRef="col_reg[6]"/>
				</net>
				<net name="net_Lut-U109_0_0">
					<portRef name="O" instanceRef="Lut-U109_0_0"/>
					<portRef name="D" instanceRef="col_reg[5]"/>
				</net>
				<net name="net_Lut-U110_0_0">
					<portRef name="O" instanceRef="Lut-U110_0_0"/>
					<portRef name="D" instanceRef="col_reg[4]"/>
				</net>
				<net name="net_Lut-U111_0_0">
					<portRef name="O" instanceRef="Lut-U111_0_0"/>
					<portRef name="D" instanceRef="col_reg[3]"/>
				</net>
				<net name="net_Lut-U112_0_0">
					<portRef name="O" instanceRef="Lut-U112_0_0"/>
					<portRef name="D" instanceRef="col_reg[2]"/>
				</net>
				<net name="net_Lut-U113_0_0">
					<portRef name="O" instanceRef="Lut-U113_0_0"/>
					<portRef name="D" instanceRef="col_reg[1]"/>
				</net>
				<net name="net_Lut-U128_0_0">
					<portRef name="O" instanceRef="Lut-U128_0_0"/>
					<portRef name="D" instanceRef="temp_reg[0]"/>
				</net>
				<net name="net_Lut-U126_0InvLut">
					<portRef name="O" instanceRef="Lut-U126_0InvLut"/>
					<portRef name="D" instanceRef="temp_reg[1]"/>
				</net>
				<net name="net_Lut-U121_0InvLut">
					<portRef name="O" instanceRef="Lut-U121_0InvLut"/>
					<portRef name="D" instanceRef="temp_reg[2]"/>
				</net>
				<net name="net_Lut-U115_0InvLut">
					<portRef name="O" instanceRef="Lut-U115_0InvLut"/>
					<portRef name="D" instanceRef="temp_reg[3]"/>
				</net>
				<net name="net_Lut-U73_0InvLut">
					<portRef name="O" instanceRef="Lut-U73_0InvLut"/>
					<portRef name="D" instanceRef="row_reg[0]"/>
				</net>
				<net name="net_Lut-U104_0InvLut">
					<portRef name="O" instanceRef="Lut-U104_0InvLut"/>
					<portRef name="D" instanceRef="row_reg[15]"/>
				</net>
				<net name="net_Lut-U101_0InvLut">
					<portRef name="O" instanceRef="Lut-U101_0InvLut"/>
					<portRef name="D" instanceRef="row_reg[14]"/>
				</net>
				<net name="net_Lut-U99_0InvLut">
					<portRef name="O" instanceRef="Lut-U99_0InvLut"/>
					<portRef name="D" instanceRef="row_reg[13]"/>
				</net>
				<net name="net_Lut-U97_0InvLut">
					<portRef name="O" instanceRef="Lut-U97_0InvLut"/>
					<portRef name="D" instanceRef="row_reg[12]"/>
				</net>
				<net name="net_Lut-U95_0InvLut">
					<portRef name="O" instanceRef="Lut-U95_0InvLut"/>
					<portRef name="D" instanceRef="row_reg[11]"/>
				</net>
				<net name="net_Lut-U93_0InvLut">
					<portRef name="O" instanceRef="Lut-U93_0InvLut"/>
					<portRef name="D" instanceRef="row_reg[10]"/>
				</net>
				<net name="net_Lut-U91_0InvLut">
					<portRef name="O" instanceRef="Lut-U91_0InvLut"/>
					<portRef name="D" instanceRef="row_reg[9]"/>
				</net>
				<net name="net_Lut-U89_0InvLut">
					<portRef name="O" instanceRef="Lut-U89_0InvLut"/>
					<portRef name="D" instanceRef="row_reg[8]"/>
				</net>
				<net name="net_Lut-U87_0InvLut">
					<portRef name="O" instanceRef="Lut-U87_0InvLut"/>
					<portRef name="D" instanceRef="row_reg[7]"/>
				</net>
				<net name="net_Lut-U85_0InvLut">
					<portRef name="O" instanceRef="Lut-U85_0InvLut"/>
					<portRef name="D" instanceRef="row_reg[6]"/>
				</net>
				<net name="net_Lut-U83_0InvLut">
					<portRef name="O" instanceRef="Lut-U83_0InvLut"/>
					<portRef name="D" instanceRef="row_reg[5]"/>
				</net>
				<net name="net_Lut-U81_0InvLut">
					<portRef name="O" instanceRef="Lut-U81_0InvLut"/>
					<portRef name="D" instanceRef="row_reg[4]"/>
				</net>
				<net name="net_Lut-U79_0InvLut">
					<portRef name="O" instanceRef="Lut-U79_0InvLut"/>
					<portRef name="D" instanceRef="row_reg[3]"/>
				</net>
				<net name="net_Lut-U77_0InvLut">
					<portRef name="O" instanceRef="Lut-U77_0InvLut"/>
					<portRef name="D" instanceRef="row_reg[2]"/>
				</net>
				<net name="net_Lut-U75_0InvLut">
					<portRef name="O" instanceRef="Lut-U75_0InvLut"/>
					<portRef name="D" instanceRef="row_reg[1]"/>
				</net>
				<net name="row_out[15]">
					<portRef name="PAD" instanceRef="row_out[15]_opad"/>
					<portRef name="O" instanceRef="Buf-pad-row_out[15]"/>
					<portRef name="row_out[15]"/>
				</net>
				<net name="row_out[14]">
					<portRef name="PAD" instanceRef="row_out[14]_opad"/>
					<portRef name="O" instanceRef="Buf-pad-row_out[14]"/>
					<portRef name="row_out[14]"/>
				</net>
				<net name="row_out[13]">
					<portRef name="PAD" instanceRef="row_out[13]_opad"/>
					<portRef name="O" instanceRef="Buf-pad-row_out[13]"/>
					<portRef name="row_out[13]"/>
				</net>
				<net name="row_out[12]">
					<portRef name="PAD" instanceRef="row_out[12]_opad"/>
					<portRef name="O" instanceRef="Buf-pad-row_out[12]"/>
					<portRef name="row_out[12]"/>
				</net>
				<net name="row_out[11]">
					<portRef name="PAD" instanceRef="row_out[11]_opad"/>
					<portRef name="O" instanceRef="Buf-pad-row_out[11]"/>
					<portRef name="row_out[11]"/>
				</net>
				<net name="row_out[10]">
					<portRef name="PAD" instanceRef="row_out[10]_opad"/>
					<portRef name="O" instanceRef="Buf-pad-row_out[10]"/>
					<portRef name="row_out[10]"/>
				</net>
				<net name="row_out[9]">
					<portRef name="PAD" instanceRef="row_out[9]_opad"/>
					<portRef name="O" instanceRef="Buf-pad-row_out[9]"/>
					<portRef name="row_out[9]"/>
				</net>
				<net name="row_out[8]">
					<portRef name="PAD" instanceRef="row_out[8]_opad"/>
					<portRef name="O" instanceRef="Buf-pad-row_out[8]"/>
					<portRef name="row_out[8]"/>
				</net>
				<net name="row_out[7]">
					<portRef name="PAD" instanceRef="row_out[7]_opad"/>
					<portRef name="O" instanceRef="Buf-pad-row_out[7]"/>
					<portRef name="row_out[7]"/>
				</net>
				<net name="row_out[6]">
					<portRef name="PAD" instanceRef="row_out[6]_opad"/>
					<portRef name="O" instanceRef="Buf-pad-row_out[6]"/>
					<portRef name="row_out[6]"/>
				</net>
				<net name="row_out[5]">
					<portRef name="PAD" instanceRef="row_out[5]_opad"/>
					<portRef name="O" instanceRef="Buf-pad-row_out[5]"/>
					<portRef name="row_out[5]"/>
				</net>
				<net name="row_out[4]">
					<portRef name="PAD" instanceRef="row_out[4]_opad"/>
					<portRef name="O" instanceRef="Buf-pad-row_out[4]"/>
					<portRef name="row_out[4]"/>
				</net>
				<net name="row_out[3]">
					<portRef name="PAD" instanceRef="row_out[3]_opad"/>
					<portRef name="O" instanceRef="Buf-pad-row_out[3]"/>
					<portRef name="row_out[3]"/>
				</net>
				<net name="row_out[2]">
					<portRef name="PAD" instanceRef="row_out[2]_opad"/>
					<portRef name="O" instanceRef="Buf-pad-row_out[2]"/>
					<portRef name="row_out[2]"/>
				</net>
				<net name="row_out[1]">
					<portRef name="PAD" instanceRef="row_out[1]_opad"/>
					<portRef name="O" instanceRef="Buf-pad-row_out[1]"/>
					<portRef name="row_out[1]"/>
				</net>
				<net name="row_out[0]">
					<portRef name="PAD" instanceRef="row_out[0]_opad"/>
					<portRef name="O" instanceRef="Buf-pad-row_out[0]"/>
					<portRef name="row_out[0]"/>
				</net>
				<net name="col_out[15]">
					<portRef name="PAD" instanceRef="col_out[15]_opad"/>
					<portRef name="O" instanceRef="Buf-pad-col_out[15]"/>
					<portRef name="col_out[15]"/>
				</net>
				<net name="col_out[14]">
					<portRef name="PAD" instanceRef="col_out[14]_opad"/>
					<portRef name="O" instanceRef="Buf-pad-col_out[14]"/>
					<portRef name="col_out[14]"/>
				</net>
				<net name="col_out[13]">
					<portRef name="PAD" instanceRef="col_out[13]_opad"/>
					<portRef name="O" instanceRef="Buf-pad-col_out[13]"/>
					<portRef name="col_out[13]"/>
				</net>
				<net name="col_out[12]">
					<portRef name="PAD" instanceRef="col_out[12]_opad"/>
					<portRef name="O" instanceRef="Buf-pad-col_out[12]"/>
					<portRef name="col_out[12]"/>
				</net>
				<net name="col_out[11]">
					<portRef name="PAD" instanceRef="col_out[11]_opad"/>
					<portRef name="O" instanceRef="Buf-pad-col_out[11]"/>
					<portRef name="col_out[11]"/>
				</net>
				<net name="col_out[10]">
					<portRef name="PAD" instanceRef="col_out[10]_opad"/>
					<portRef name="O" instanceRef="Buf-pad-col_out[10]"/>
					<portRef name="col_out[10]"/>
				</net>
				<net name="col_out[9]">
					<portRef name="PAD" instanceRef="col_out[9]_opad"/>
					<portRef name="O" instanceRef="Buf-pad-col_out[9]"/>
					<portRef name="col_out[9]"/>
				</net>
				<net name="col_out[8]">
					<portRef name="PAD" instanceRef="col_out[8]_opad"/>
					<portRef name="O" instanceRef="Buf-pad-col_out[8]"/>
					<portRef name="col_out[8]"/>
				</net>
				<net name="col_out[7]">
					<portRef name="PAD" instanceRef="col_out[7]_opad"/>
					<portRef name="O" instanceRef="Buf-pad-col_out[7]"/>
					<portRef name="col_out[7]"/>
				</net>
				<net name="col_out[6]">
					<portRef name="PAD" instanceRef="col_out[6]_opad"/>
					<portRef name="O" instanceRef="Buf-pad-col_out[6]"/>
					<portRef name="col_out[6]"/>
				</net>
				<net name="col_out[5]">
					<portRef name="PAD" instanceRef="col_out[5]_opad"/>
					<portRef name="O" instanceRef="Buf-pad-col_out[5]"/>
					<portRef name="col_out[5]"/>
				</net>
				<net name="col_out[4]">
					<portRef name="PAD" instanceRef="col_out[4]_opad"/>
					<portRef name="O" instanceRef="Buf-pad-col_out[4]"/>
					<portRef name="col_out[4]"/>
				</net>
				<net name="col_out[3]">
					<portRef name="PAD" instanceRef="col_out[3]_opad"/>
					<portRef name="O" instanceRef="Buf-pad-col_out[3]"/>
					<portRef name="col_out[3]"/>
				</net>
				<net name="col_out[2]">
					<portRef name="PAD" instanceRef="col_out[2]_opad"/>
					<portRef name="O" instanceRef="Buf-pad-col_out[2]"/>
					<portRef name="col_out[2]"/>
				</net>
				<net name="col_out[1]">
					<portRef name="PAD" instanceRef="col_out[1]_opad"/>
					<portRef name="O" instanceRef="Buf-pad-col_out[1]"/>
					<portRef name="col_out[1]"/>
				</net>
				<net name="col_out[0]">
					<portRef name="PAD" instanceRef="col_out[0]_opad"/>
					<portRef name="O" instanceRef="Buf-pad-col_out[0]"/>
					<portRef name="col_out[0]"/>
				</net>
			</contents>
		</module>
	</library>
	<topModule name="lab2" libraryRef="work_lib"/>
</design>

