<design name="lab2">
 <port name="row_out[0]" position="P7"/>
 <port name="row_out[1]" position="P6"/>
 <port name="row_out[2]" position="P5"/>
 <port name="row_out[3]" position="P4"/>
 <port name="row_out[4]" position="P9"/>
 <port name="row_out[5]" position="P8"/>
 <port name="row_out[6]" position="P16"/>
 <port name="row_out[7]" position="P15"/>
 <port name="row_out[8]" position="P11"/>
 <port name="row_out[9]" position="P10"/>
 <port name="row_out[10]" position="P20"/>
 <port name="row_out[11]" position="P18"/>
 <port name="row_out[12]" position="P17"/>
 <port name="row_out[13]" position="P22"/>
 <port name="row_out[14]" position="P21"/>
 <port name="row_out[15]" position="P23"/>
 <port name="col_out[0]" position="P44"/>
 <port name="col_out[1]" position="P45"/>
 <port name="col_out[2]" position="P46"/>
 <port name="col_out[3]" position="P43"/>
 <port name="col_out[4]" position="P40"/>
 <port name="col_out[5]" position="P41"/>
 <port name="col_out[6]" position="P42"/>
 <port name="col_out[7]" position="P33"/>
 <port name="col_out[8]" position="P34"/>
 <port name="col_out[9]" position="P35"/>
 <port name="col_out[10]" position="P36"/>
 <port name="col_out[11]" position="P30"/>
 <port name="col_out[12]" position="P31"/>
 <port name="col_out[13]" position="P24"/>
 <port name="col_out[14]" position="P27"/>
 <port name="col_out[15]" position="P29"/>
 <port name="clk" position="P77"/>
 <port name="switch" position="P151"/>

</design>