<design name="lab2">
	<external name="cell_lib">
		<module name="DFFHQ" type="FFLATCH">
			<property name="edge" value="rise"/>
			<port name="D" direction="input"/>
			<port name="CK" direction="input" type="clock"/>
			<port name="Q" direction="output"/>
		</module>
		<module name="INV" type="COMB">
			<property name="truthtable" value="0"/>
			<port name="A" direction="input"/>
			<port name="Y" direction="output"/>
		</module>
		<module name="OAI2BB2" type="COMB">
			<property name="truthtable" value="11--|--00"/>
			<port name="A0N" direction="input"/>
			<port name="A1N" direction="input"/>
			<port name="B0" direction="input"/>
			<port name="B1" direction="input"/>
			<port name="Y" direction="output"/>
		</module>
		<module name="NOR2B" type="COMB">
			<property name="truthtable" value="10"/>
			<port name="AN" direction="input"/>
			<port name="B" direction="input"/>
			<port name="Y" direction="output"/>
		</module>
		<module name="NAND2B" type="COMB">
			<property name="truthtable" value="1-|-0"/>
			<port name="AN" direction="input"/>
			<port name="B" direction="input"/>
			<port name="Y" direction="output"/>
		</module>
		<module name="MX2" type="COMB">
			<property name="truthtable" value="1-0|-11"/>
			<port name="A" direction="input"/>
			<port name="B" direction="input"/>
			<port name="S0" direction="input"/>
			<port name="Y" direction="output"/>
		</module>
		<module name="NOR2" type="COMB">
			<property name="truthtable" value="00"/>
			<port name="A" direction="input"/>
			<port name="B" direction="input"/>
			<port name="Y" direction="output"/>
		</module>
		<module name="NOR3B" type="COMB">
			<property name="truthtable" value="100"/>
			<port name="AN" direction="input"/>
			<port name="B" direction="input"/>
			<port name="C" direction="input"/>
			<port name="Y" direction="output"/>
		</module>
	</external>
	<library name="work_lib">
		<module name="lab2" type="GENERIC">
			<port name="row_out" msb="15" lsb="0" direction="output"/>
			<port name="col_out" msb="15" lsb="0" direction="output"/>
			<port name="clk" direction="input"/>
			<port name="switch" direction="input"/>
			<contents>
				<instance name="col_reg[0]" moduleRef="DFFHQ" libraryRef="cell_lib"/>
				<instance name="col_reg[15]" moduleRef="DFFHQ" libraryRef="cell_lib"/>
				<instance name="col_reg[14]" moduleRef="DFFHQ" libraryRef="cell_lib"/>
				<instance name="col_reg[13]" moduleRef="DFFHQ" libraryRef="cell_lib"/>
				<instance name="col_reg[12]" moduleRef="DFFHQ" libraryRef="cell_lib"/>
				<instance name="col_reg[11]" moduleRef="DFFHQ" libraryRef="cell_lib"/>
				<instance name="col_reg[10]" moduleRef="DFFHQ" libraryRef="cell_lib"/>
				<instance name="col_reg[9]" moduleRef="DFFHQ" libraryRef="cell_lib"/>
				<instance name="col_reg[8]" moduleRef="DFFHQ" libraryRef="cell_lib"/>
				<instance name="col_reg[7]" moduleRef="DFFHQ" libraryRef="cell_lib"/>
				<instance name="col_reg[6]" moduleRef="DFFHQ" libraryRef="cell_lib"/>
				<instance name="col_reg[5]" moduleRef="DFFHQ" libraryRef="cell_lib"/>
				<instance name="col_reg[4]" moduleRef="DFFHQ" libraryRef="cell_lib"/>
				<instance name="col_reg[3]" moduleRef="DFFHQ" libraryRef="cell_lib"/>
				<instance name="col_reg[2]" moduleRef="DFFHQ" libraryRef="cell_lib"/>
				<instance name="col_reg[1]" moduleRef="DFFHQ" libraryRef="cell_lib"/>
				<instance name="temp_reg[0]" moduleRef="DFFHQ" libraryRef="cell_lib"/>
				<instance name="temp_reg[1]" moduleRef="DFFHQ" libraryRef="cell_lib"/>
				<instance name="temp_reg[2]" moduleRef="DFFHQ" libraryRef="cell_lib"/>
				<instance name="temp_reg[3]" moduleRef="DFFHQ" libraryRef="cell_lib"/>
				<instance name="row_reg[0]" moduleRef="DFFHQ" libraryRef="cell_lib"/>
				<instance name="row_reg[15]" moduleRef="DFFHQ" libraryRef="cell_lib"/>
				<instance name="row_reg[14]" moduleRef="DFFHQ" libraryRef="cell_lib"/>
				<instance name="row_reg[13]" moduleRef="DFFHQ" libraryRef="cell_lib"/>
				<instance name="row_reg[12]" moduleRef="DFFHQ" libraryRef="cell_lib"/>
				<instance name="row_reg[11]" moduleRef="DFFHQ" libraryRef="cell_lib"/>
				<instance name="row_reg[10]" moduleRef="DFFHQ" libraryRef="cell_lib"/>
				<instance name="row_reg[9]" moduleRef="DFFHQ" libraryRef="cell_lib"/>
				<instance name="row_reg[8]" moduleRef="DFFHQ" libraryRef="cell_lib"/>
				<instance name="row_reg[7]" moduleRef="DFFHQ" libraryRef="cell_lib"/>
				<instance name="row_reg[6]" moduleRef="DFFHQ" libraryRef="cell_lib"/>
				<instance name="row_reg[5]" moduleRef="DFFHQ" libraryRef="cell_lib"/>
				<instance name="row_reg[4]" moduleRef="DFFHQ" libraryRef="cell_lib"/>
				<instance name="row_reg[3]" moduleRef="DFFHQ" libraryRef="cell_lib"/>
				<instance name="row_reg[2]" moduleRef="DFFHQ" libraryRef="cell_lib"/>
				<instance name="row_reg[1]" moduleRef="DFFHQ" libraryRef="cell_lib"/>
				<instance name="U69" moduleRef="INV" libraryRef="cell_lib"/>
				<instance name="U70" moduleRef="INV" libraryRef="cell_lib"/>
				<instance name="U71" moduleRef="INV" libraryRef="cell_lib"/>
				<instance name="U72" moduleRef="INV" libraryRef="cell_lib"/>
				<instance name="U73" moduleRef="OAI2BB2" libraryRef="cell_lib"/>
				<instance name="U74" moduleRef="INV" libraryRef="cell_lib"/>
				<instance name="U75" moduleRef="OAI2BB2" libraryRef="cell_lib"/>
				<instance name="U76" moduleRef="INV" libraryRef="cell_lib"/>
				<instance name="U77" moduleRef="OAI2BB2" libraryRef="cell_lib"/>
				<instance name="U78" moduleRef="INV" libraryRef="cell_lib"/>
				<instance name="U79" moduleRef="OAI2BB2" libraryRef="cell_lib"/>
				<instance name="U80" moduleRef="INV" libraryRef="cell_lib"/>
				<instance name="U81" moduleRef="OAI2BB2" libraryRef="cell_lib"/>
				<instance name="U82" moduleRef="INV" libraryRef="cell_lib"/>
				<instance name="U83" moduleRef="OAI2BB2" libraryRef="cell_lib"/>
				<instance name="U84" moduleRef="INV" libraryRef="cell_lib"/>
				<instance name="U85" moduleRef="OAI2BB2" libraryRef="cell_lib"/>
				<instance name="U86" moduleRef="INV" libraryRef="cell_lib"/>
				<instance name="U87" moduleRef="OAI2BB2" libraryRef="cell_lib"/>
				<instance name="U88" moduleRef="INV" libraryRef="cell_lib"/>
				<instance name="U89" moduleRef="OAI2BB2" libraryRef="cell_lib"/>
				<instance name="U90" moduleRef="INV" libraryRef="cell_lib"/>
				<instance name="U91" moduleRef="OAI2BB2" libraryRef="cell_lib"/>
				<instance name="U92" moduleRef="INV" libraryRef="cell_lib"/>
				<instance name="U93" moduleRef="OAI2BB2" libraryRef="cell_lib"/>
				<instance name="U94" moduleRef="INV" libraryRef="cell_lib"/>
				<instance name="U95" moduleRef="OAI2BB2" libraryRef="cell_lib"/>
				<instance name="U96" moduleRef="INV" libraryRef="cell_lib"/>
				<instance name="U97" moduleRef="OAI2BB2" libraryRef="cell_lib"/>
				<instance name="U98" moduleRef="INV" libraryRef="cell_lib"/>
				<instance name="U99" moduleRef="OAI2BB2" libraryRef="cell_lib"/>
				<instance name="U100" moduleRef="INV" libraryRef="cell_lib"/>
				<instance name="U101" moduleRef="OAI2BB2" libraryRef="cell_lib"/>
				<instance name="U102" moduleRef="NOR2B" libraryRef="cell_lib"/>
				<instance name="U103" moduleRef="INV" libraryRef="cell_lib"/>
				<instance name="U104" moduleRef="NAND2B" libraryRef="cell_lib"/>
				<instance name="U105" moduleRef="MX2" libraryRef="cell_lib"/>
				<instance name="U106" moduleRef="NOR2B" libraryRef="cell_lib"/>
				<instance name="U107" moduleRef="NOR2B" libraryRef="cell_lib"/>
				<instance name="U108" moduleRef="NOR2B" libraryRef="cell_lib"/>
				<instance name="U109" moduleRef="NOR2B" libraryRef="cell_lib"/>
				<instance name="U110" moduleRef="NOR2B" libraryRef="cell_lib"/>
				<instance name="U111" moduleRef="NOR2B" libraryRef="cell_lib"/>
				<instance name="U112" moduleRef="NOR2B" libraryRef="cell_lib"/>
				<instance name="U113" moduleRef="NOR2B" libraryRef="cell_lib"/>
				<instance name="U114" moduleRef="NOR2B" libraryRef="cell_lib"/>
				<instance name="U115" moduleRef="MX2" libraryRef="cell_lib"/>
				<instance name="U116" moduleRef="INV" libraryRef="cell_lib"/>
				<instance name="U117" moduleRef="NOR2" libraryRef="cell_lib"/>
				<instance name="U118" moduleRef="NOR2B" libraryRef="cell_lib"/>
				<instance name="U119" moduleRef="NOR3B" libraryRef="cell_lib"/>
				<instance name="U120" moduleRef="INV" libraryRef="cell_lib"/>
				<instance name="U121" moduleRef="MX2" libraryRef="cell_lib"/>
				<instance name="U122" moduleRef="NOR2B" libraryRef="cell_lib"/>
				<instance name="U123" moduleRef="NOR2B" libraryRef="cell_lib"/>
				<instance name="U124" moduleRef="NOR2B" libraryRef="cell_lib"/>
				<instance name="U125" moduleRef="INV" libraryRef="cell_lib"/>
				<instance name="U126" moduleRef="MX2" libraryRef="cell_lib"/>
				<instance name="U127" moduleRef="NOR2B" libraryRef="cell_lib"/>
				<instance name="U128" moduleRef="NOR2" libraryRef="cell_lib"/>
				<instance name="U129" moduleRef="NAND2B" libraryRef="cell_lib"/>
				<instance name="U130" moduleRef="NOR2B" libraryRef="cell_lib"/>
				<instance name="U131" moduleRef="NOR2B" libraryRef="cell_lib"/>
				<instance name="U132" moduleRef="NOR2B" libraryRef="cell_lib"/>
				<instance name="U133" moduleRef="NOR2B" libraryRef="cell_lib"/>
				<instance name="U134" moduleRef="NOR2B" libraryRef="cell_lib"/>
				<instance name="U135" moduleRef="NOR2B" libraryRef="cell_lib"/>
				<instance name="U136" moduleRef="NOR2B" libraryRef="cell_lib"/>
				<instance name="U137" moduleRef="NOR2B" libraryRef="cell_lib"/>
				<instance name="U138" moduleRef="INV" libraryRef="cell_lib"/>
				<net name="row_out[15]">
					<portRef name="Q" instanceRef="row_reg[15]"/>
					<portRef name="row_out[15]"/>
					<portRef name="A0N" instanceRef="U101"/>
					<portRef name="A" instanceRef="U105"/>
				</net>
				<net name="row_out[14]">
					<portRef name="Q" instanceRef="row_reg[14]"/>
					<portRef name="row_out[14]"/>
					<portRef name="A0N" instanceRef="U99"/>
					<portRef name="A" instanceRef="U103"/>
				</net>
				<net name="row_out[13]">
					<portRef name="Q" instanceRef="row_reg[13]"/>
					<portRef name="row_out[13]"/>
					<portRef name="A0N" instanceRef="U97"/>
					<portRef name="A" instanceRef="U100"/>
				</net>
				<net name="row_out[12]">
					<portRef name="Q" instanceRef="row_reg[12]"/>
					<portRef name="row_out[12]"/>
					<portRef name="A0N" instanceRef="U95"/>
					<portRef name="A" instanceRef="U98"/>
				</net>
				<net name="row_out[11]">
					<portRef name="Q" instanceRef="row_reg[11]"/>
					<portRef name="row_out[11]"/>
					<portRef name="A0N" instanceRef="U93"/>
					<portRef name="A" instanceRef="U96"/>
				</net>
				<net name="row_out[10]">
					<portRef name="Q" instanceRef="row_reg[10]"/>
					<portRef name="row_out[10]"/>
					<portRef name="A0N" instanceRef="U91"/>
					<portRef name="A" instanceRef="U94"/>
				</net>
				<net name="row_out[9]">
					<portRef name="Q" instanceRef="row_reg[9]"/>
					<portRef name="row_out[9]"/>
					<portRef name="A0N" instanceRef="U89"/>
					<portRef name="A" instanceRef="U92"/>
				</net>
				<net name="row_out[8]">
					<portRef name="Q" instanceRef="row_reg[8]"/>
					<portRef name="row_out[8]"/>
					<portRef name="A0N" instanceRef="U87"/>
					<portRef name="A" instanceRef="U90"/>
				</net>
				<net name="row_out[7]">
					<portRef name="Q" instanceRef="row_reg[7]"/>
					<portRef name="row_out[7]"/>
					<portRef name="A0N" instanceRef="U85"/>
					<portRef name="A" instanceRef="U88"/>
				</net>
				<net name="row_out[6]">
					<portRef name="Q" instanceRef="row_reg[6]"/>
					<portRef name="row_out[6]"/>
					<portRef name="A0N" instanceRef="U83"/>
					<portRef name="A" instanceRef="U86"/>
				</net>
				<net name="row_out[5]">
					<portRef name="Q" instanceRef="row_reg[5]"/>
					<portRef name="row_out[5]"/>
					<portRef name="A0N" instanceRef="U81"/>
					<portRef name="A" instanceRef="U84"/>
				</net>
				<net name="row_out[4]">
					<portRef name="Q" instanceRef="row_reg[4]"/>
					<portRef name="row_out[4]"/>
					<portRef name="A0N" instanceRef="U79"/>
					<portRef name="A" instanceRef="U82"/>
				</net>
				<net name="row_out[3]">
					<portRef name="Q" instanceRef="row_reg[3]"/>
					<portRef name="row_out[3]"/>
					<portRef name="A0N" instanceRef="U77"/>
					<portRef name="A" instanceRef="U80"/>
				</net>
				<net name="row_out[2]">
					<portRef name="Q" instanceRef="row_reg[2]"/>
					<portRef name="row_out[2]"/>
					<portRef name="A0N" instanceRef="U75"/>
					<portRef name="A" instanceRef="U78"/>
				</net>
				<net name="row_out[1]">
					<portRef name="Q" instanceRef="row_reg[1]"/>
					<portRef name="row_out[1]"/>
					<portRef name="A0N" instanceRef="U73"/>
					<portRef name="A" instanceRef="U76"/>
				</net>
				<net name="row_out[0]">
					<portRef name="Q" instanceRef="row_reg[0]"/>
					<portRef name="row_out[0]"/>
					<portRef name="A" instanceRef="U74"/>
					<portRef name="B" instanceRef="U105"/>
				</net>
				<net name="col_out[15]">
					<portRef name="Q" instanceRef="col_reg[15]"/>
					<portRef name="col_out[15]"/>
					<portRef name="AN" instanceRef="U130"/>
				</net>
				<net name="col_out[14]">
					<portRef name="Q" instanceRef="col_reg[14]"/>
					<portRef name="col_out[14]"/>
					<portRef name="AN" instanceRef="U131"/>
				</net>
				<net name="col_out[13]">
					<portRef name="Q" instanceRef="col_reg[13]"/>
					<portRef name="col_out[13]"/>
					<portRef name="AN" instanceRef="U132"/>
				</net>
				<net name="col_out[12]">
					<portRef name="Q" instanceRef="col_reg[12]"/>
					<portRef name="col_out[12]"/>
					<portRef name="AN" instanceRef="U133"/>
				</net>
				<net name="col_out[11]">
					<portRef name="Q" instanceRef="col_reg[11]"/>
					<portRef name="col_out[11]"/>
					<portRef name="AN" instanceRef="U134"/>
				</net>
				<net name="col_out[10]">
					<portRef name="Q" instanceRef="col_reg[10]"/>
					<portRef name="col_out[10]"/>
					<portRef name="AN" instanceRef="U135"/>
				</net>
				<net name="col_out[9]">
					<portRef name="Q" instanceRef="col_reg[9]"/>
					<portRef name="col_out[9]"/>
					<portRef name="AN" instanceRef="U136"/>
				</net>
				<net name="col_out[8]">
					<portRef name="Q" instanceRef="col_reg[8]"/>
					<portRef name="col_out[8]"/>
					<portRef name="AN" instanceRef="U137"/>
				</net>
				<net name="col_out[7]">
					<portRef name="Q" instanceRef="col_reg[7]"/>
					<portRef name="col_out[7]"/>
					<portRef name="AN" instanceRef="U108"/>
				</net>
				<net name="col_out[6]">
					<portRef name="Q" instanceRef="col_reg[6]"/>
					<portRef name="col_out[6]"/>
					<portRef name="AN" instanceRef="U109"/>
				</net>
				<net name="col_out[5]">
					<portRef name="Q" instanceRef="col_reg[5]"/>
					<portRef name="col_out[5]"/>
					<portRef name="AN" instanceRef="U110"/>
				</net>
				<net name="col_out[4]">
					<portRef name="Q" instanceRef="col_reg[4]"/>
					<portRef name="col_out[4]"/>
					<portRef name="AN" instanceRef="U111"/>
				</net>
				<net name="col_out[3]">
					<portRef name="Q" instanceRef="col_reg[3]"/>
					<portRef name="col_out[3]"/>
					<portRef name="AN" instanceRef="U112"/>
				</net>
				<net name="col_out[2]">
					<portRef name="Q" instanceRef="col_reg[2]"/>
					<portRef name="col_out[2]"/>
					<portRef name="AN" instanceRef="U113"/>
				</net>
				<net name="col_out[1]">
					<portRef name="Q" instanceRef="col_reg[1]"/>
					<portRef name="col_out[1]"/>
					<portRef name="AN" instanceRef="U114"/>
				</net>
				<net name="col_out[0]">
					<portRef name="Q" instanceRef="col_reg[0]"/>
					<portRef name="col_out[0]"/>
					<portRef name="AN" instanceRef="U129"/>
				</net>
				<net name="clk">
					<portRef name="clk"/>
					<portRef name="CK" instanceRef="col_reg[0]"/>
					<portRef name="CK" instanceRef="col_reg[15]"/>
					<portRef name="CK" instanceRef="col_reg[14]"/>
					<portRef name="CK" instanceRef="col_reg[13]"/>
					<portRef name="CK" instanceRef="col_reg[12]"/>
					<portRef name="CK" instanceRef="col_reg[11]"/>
					<portRef name="CK" instanceRef="col_reg[10]"/>
					<portRef name="CK" instanceRef="col_reg[9]"/>
					<portRef name="CK" instanceRef="col_reg[8]"/>
					<portRef name="CK" instanceRef="col_reg[7]"/>
					<portRef name="CK" instanceRef="col_reg[6]"/>
					<portRef name="CK" instanceRef="col_reg[5]"/>
					<portRef name="CK" instanceRef="col_reg[4]"/>
					<portRef name="CK" instanceRef="col_reg[3]"/>
					<portRef name="CK" instanceRef="col_reg[2]"/>
					<portRef name="CK" instanceRef="col_reg[1]"/>
					<portRef name="CK" instanceRef="temp_reg[0]"/>
					<portRef name="CK" instanceRef="temp_reg[1]"/>
					<portRef name="CK" instanceRef="temp_reg[2]"/>
					<portRef name="CK" instanceRef="temp_reg[3]"/>
					<portRef name="CK" instanceRef="row_reg[0]"/>
					<portRef name="CK" instanceRef="row_reg[15]"/>
					<portRef name="CK" instanceRef="row_reg[14]"/>
					<portRef name="CK" instanceRef="row_reg[13]"/>
					<portRef name="CK" instanceRef="row_reg[12]"/>
					<portRef name="CK" instanceRef="row_reg[11]"/>
					<portRef name="CK" instanceRef="row_reg[10]"/>
					<portRef name="CK" instanceRef="row_reg[9]"/>
					<portRef name="CK" instanceRef="row_reg[8]"/>
					<portRef name="CK" instanceRef="row_reg[7]"/>
					<portRef name="CK" instanceRef="row_reg[6]"/>
					<portRef name="CK" instanceRef="row_reg[5]"/>
					<portRef name="CK" instanceRef="row_reg[4]"/>
					<portRef name="CK" instanceRef="row_reg[3]"/>
					<portRef name="CK" instanceRef="row_reg[2]"/>
					<portRef name="CK" instanceRef="row_reg[1]"/>
				</net>
				<net name="switch">
					<portRef name="switch"/>
					<portRef name="AN" instanceRef="U102"/>
					<portRef name="B" instanceRef="U104"/>
					<portRef name="AN" instanceRef="U107"/>
					<portRef name="AN" instanceRef="U118"/>
					<portRef name="AN" instanceRef="U122"/>
					<portRef name="B" instanceRef="U129"/>
					<portRef name="A" instanceRef="U138"/>
				</net>
				<net name="N3">
					<portRef name="Y" instanceRef="U114"/>
					<portRef name="D" instanceRef="col_reg[0]"/>
				</net>
				<net name="N4">
					<portRef name="Y" instanceRef="U113"/>
					<portRef name="D" instanceRef="col_reg[1]"/>
				</net>
				<net name="N5">
					<portRef name="Y" instanceRef="U112"/>
					<portRef name="D" instanceRef="col_reg[2]"/>
				</net>
				<net name="N6">
					<portRef name="Y" instanceRef="U111"/>
					<portRef name="D" instanceRef="col_reg[3]"/>
				</net>
				<net name="N7">
					<portRef name="Y" instanceRef="U110"/>
					<portRef name="D" instanceRef="col_reg[4]"/>
				</net>
				<net name="N8">
					<portRef name="Y" instanceRef="U109"/>
					<portRef name="D" instanceRef="col_reg[5]"/>
				</net>
				<net name="N9">
					<portRef name="Y" instanceRef="U108"/>
					<portRef name="D" instanceRef="col_reg[6]"/>
				</net>
				<net name="N10">
					<portRef name="Y" instanceRef="U137"/>
					<portRef name="D" instanceRef="col_reg[7]"/>
				</net>
				<net name="N11">
					<portRef name="Y" instanceRef="U136"/>
					<portRef name="D" instanceRef="col_reg[8]"/>
				</net>
				<net name="N12">
					<portRef name="Y" instanceRef="U135"/>
					<portRef name="D" instanceRef="col_reg[9]"/>
				</net>
				<net name="N13">
					<portRef name="Y" instanceRef="U134"/>
					<portRef name="D" instanceRef="col_reg[10]"/>
				</net>
				<net name="N14">
					<portRef name="Y" instanceRef="U133"/>
					<portRef name="D" instanceRef="col_reg[11]"/>
				</net>
				<net name="N15">
					<portRef name="Y" instanceRef="U132"/>
					<portRef name="D" instanceRef="col_reg[12]"/>
				</net>
				<net name="N16">
					<portRef name="Y" instanceRef="U131"/>
					<portRef name="D" instanceRef="col_reg[13]"/>
				</net>
				<net name="N17">
					<portRef name="Y" instanceRef="U130"/>
					<portRef name="D" instanceRef="col_reg[14]"/>
				</net>
				<net name="N18">
					<portRef name="Y" instanceRef="U129"/>
					<portRef name="D" instanceRef="col_reg[15]"/>
				</net>
				<net name="N23">
					<portRef name="Y" instanceRef="U128"/>
					<portRef name="D" instanceRef="temp_reg[0]"/>
					<portRef name="B" instanceRef="U126"/>
				</net>
				<net name="N24">
					<portRef name="Y" instanceRef="U126"/>
					<portRef name="D" instanceRef="temp_reg[1]"/>
				</net>
				<net name="N25">
					<portRef name="Y" instanceRef="U121"/>
					<portRef name="D" instanceRef="temp_reg[2]"/>
				</net>
				<net name="N26">
					<portRef name="Y" instanceRef="U115"/>
					<portRef name="D" instanceRef="temp_reg[3]"/>
				</net>
				<net name="n31">
					<portRef name="Y" instanceRef="U104"/>
					<portRef name="D" instanceRef="row_reg[15]"/>
				</net>
				<net name="n32">
					<portRef name="Y" instanceRef="U101"/>
					<portRef name="D" instanceRef="row_reg[14]"/>
				</net>
				<net name="n33">
					<portRef name="Y" instanceRef="U99"/>
					<portRef name="D" instanceRef="row_reg[13]"/>
				</net>
				<net name="n34">
					<portRef name="Y" instanceRef="U97"/>
					<portRef name="D" instanceRef="row_reg[12]"/>
				</net>
				<net name="n35">
					<portRef name="Y" instanceRef="U95"/>
					<portRef name="D" instanceRef="row_reg[11]"/>
				</net>
				<net name="n36">
					<portRef name="Y" instanceRef="U93"/>
					<portRef name="D" instanceRef="row_reg[10]"/>
				</net>
				<net name="n37">
					<portRef name="Y" instanceRef="U91"/>
					<portRef name="D" instanceRef="row_reg[9]"/>
				</net>
				<net name="n38">
					<portRef name="Y" instanceRef="U89"/>
					<portRef name="D" instanceRef="row_reg[8]"/>
				</net>
				<net name="n39">
					<portRef name="Y" instanceRef="U87"/>
					<portRef name="D" instanceRef="row_reg[7]"/>
				</net>
				<net name="n40">
					<portRef name="Y" instanceRef="U85"/>
					<portRef name="D" instanceRef="row_reg[6]"/>
				</net>
				<net name="n41">
					<portRef name="Y" instanceRef="U83"/>
					<portRef name="D" instanceRef="row_reg[5]"/>
				</net>
				<net name="n42">
					<portRef name="Y" instanceRef="U81"/>
					<portRef name="D" instanceRef="row_reg[4]"/>
				</net>
				<net name="n43">
					<portRef name="Y" instanceRef="U79"/>
					<portRef name="D" instanceRef="row_reg[3]"/>
				</net>
				<net name="n44">
					<portRef name="Y" instanceRef="U77"/>
					<portRef name="D" instanceRef="row_reg[2]"/>
				</net>
				<net name="n45">
					<portRef name="Y" instanceRef="U75"/>
					<portRef name="D" instanceRef="row_reg[1]"/>
				</net>
				<net name="n46">
					<portRef name="Y" instanceRef="U73"/>
					<portRef name="D" instanceRef="row_reg[0]"/>
				</net>
				<net name="n47">
					<portRef name="Y" instanceRef="U69"/>
					<portRef name="A" instanceRef="U70"/>
				</net>
				<net name="n48">
					<portRef name="Y" instanceRef="U70"/>
					<portRef name="A1N" instanceRef="U73"/>
					<portRef name="A1N" instanceRef="U75"/>
					<portRef name="A1N" instanceRef="U77"/>
					<portRef name="A1N" instanceRef="U79"/>
					<portRef name="A1N" instanceRef="U81"/>
					<portRef name="A1N" instanceRef="U83"/>
					<portRef name="A1N" instanceRef="U85"/>
					<portRef name="A1N" instanceRef="U87"/>
					<portRef name="A1N" instanceRef="U89"/>
					<portRef name="A1N" instanceRef="U91"/>
					<portRef name="A1N" instanceRef="U93"/>
					<portRef name="A1N" instanceRef="U95"/>
					<portRef name="A1N" instanceRef="U97"/>
					<portRef name="A1N" instanceRef="U99"/>
					<portRef name="A1N" instanceRef="U101"/>
				</net>
				<net name="n49">
					<portRef name="Y" instanceRef="U71"/>
					<portRef name="A" instanceRef="U72"/>
					<portRef name="B" instanceRef="U102"/>
				</net>
				<net name="n50">
					<portRef name="Y" instanceRef="U72"/>
					<portRef name="B0" instanceRef="U73"/>
					<portRef name="B0" instanceRef="U75"/>
					<portRef name="B0" instanceRef="U77"/>
					<portRef name="B0" instanceRef="U79"/>
					<portRef name="B0" instanceRef="U81"/>
					<portRef name="B0" instanceRef="U83"/>
					<portRef name="B0" instanceRef="U85"/>
					<portRef name="B0" instanceRef="U87"/>
					<portRef name="B0" instanceRef="U89"/>
					<portRef name="B0" instanceRef="U91"/>
					<portRef name="B0" instanceRef="U93"/>
					<portRef name="B0" instanceRef="U95"/>
					<portRef name="B0" instanceRef="U97"/>
					<portRef name="B0" instanceRef="U99"/>
					<portRef name="B0" instanceRef="U101"/>
					<portRef name="S0" instanceRef="U105"/>
				</net>
				<net name="n51">
					<portRef name="Y" instanceRef="U106"/>
					<portRef name="A" instanceRef="U71"/>
				</net>
				<net name="n52">
					<portRef name="Y" instanceRef="U74"/>
					<portRef name="B1" instanceRef="U73"/>
				</net>
				<net name="n53">
					<portRef name="Y" instanceRef="U102"/>
					<portRef name="A" instanceRef="U69"/>
				</net>
				<net name="n54">
					<portRef name="Y" instanceRef="U76"/>
					<portRef name="B1" instanceRef="U75"/>
				</net>
				<net name="n55">
					<portRef name="Y" instanceRef="U78"/>
					<portRef name="B1" instanceRef="U77"/>
				</net>
				<net name="n56">
					<portRef name="Y" instanceRef="U80"/>
					<portRef name="B1" instanceRef="U79"/>
				</net>
				<net name="n57">
					<portRef name="Y" instanceRef="U82"/>
					<portRef name="B1" instanceRef="U81"/>
				</net>
				<net name="n58">
					<portRef name="Y" instanceRef="U84"/>
					<portRef name="B1" instanceRef="U83"/>
				</net>
				<net name="n59">
					<portRef name="Y" instanceRef="U86"/>
					<portRef name="B1" instanceRef="U85"/>
				</net>
				<net name="n60">
					<portRef name="Y" instanceRef="U88"/>
					<portRef name="B1" instanceRef="U87"/>
				</net>
				<net name="n61">
					<portRef name="Y" instanceRef="U90"/>
					<portRef name="B1" instanceRef="U89"/>
				</net>
				<net name="n62">
					<portRef name="Y" instanceRef="U92"/>
					<portRef name="B1" instanceRef="U91"/>
				</net>
				<net name="n63">
					<portRef name="Y" instanceRef="U94"/>
					<portRef name="B1" instanceRef="U93"/>
				</net>
				<net name="n64">
					<portRef name="Y" instanceRef="U96"/>
					<portRef name="B1" instanceRef="U95"/>
				</net>
				<net name="n65">
					<portRef name="Y" instanceRef="U98"/>
					<portRef name="B1" instanceRef="U97"/>
				</net>
				<net name="n66">
					<portRef name="Y" instanceRef="U100"/>
					<portRef name="B1" instanceRef="U99"/>
				</net>
				<net name="n67">
					<portRef name="Y" instanceRef="U103"/>
					<portRef name="B1" instanceRef="U101"/>
				</net>
				<net name="n68">
					<portRef name="Y" instanceRef="U105"/>
					<portRef name="AN" instanceRef="U104"/>
				</net>
				<net name="n69">
					<portRef name="Y" instanceRef="U117"/>
					<portRef name="AN" instanceRef="U106"/>
					<portRef name="A" instanceRef="U116"/>
				</net>
				<net name="n70">
					<portRef name="Y" instanceRef="U107"/>
					<portRef name="B" instanceRef="U106"/>
				</net>
				<net name="n71">
					<portRef name="Y" instanceRef="U138"/>
					<portRef name="B" instanceRef="U108"/>
					<portRef name="B" instanceRef="U109"/>
					<portRef name="B" instanceRef="U110"/>
					<portRef name="B" instanceRef="U111"/>
					<portRef name="B" instanceRef="U112"/>
					<portRef name="B" instanceRef="U113"/>
					<portRef name="B" instanceRef="U114"/>
					<portRef name="B" instanceRef="U119"/>
					<portRef name="B" instanceRef="U123"/>
					<portRef name="B" instanceRef="U127"/>
					<portRef name="B" instanceRef="U128"/>
					<portRef name="B" instanceRef="U130"/>
					<portRef name="B" instanceRef="U131"/>
					<portRef name="B" instanceRef="U132"/>
					<portRef name="B" instanceRef="U133"/>
					<portRef name="B" instanceRef="U134"/>
					<portRef name="B" instanceRef="U135"/>
					<portRef name="B" instanceRef="U136"/>
					<portRef name="B" instanceRef="U137"/>
				</net>
				<net name="n72">
					<portRef name="Y" instanceRef="U119"/>
					<portRef name="A" instanceRef="U115"/>
				</net>
				<net name="n73">
					<portRef name="Y" instanceRef="U116"/>
					<portRef name="B" instanceRef="U115"/>
				</net>
				<net name="n74">
					<portRef name="Y" instanceRef="U118"/>
					<portRef name="A" instanceRef="U117"/>
				</net>
				<net name="n75">
					<portRef name="Y" instanceRef="U122"/>
					<portRef name="B" instanceRef="U117"/>
					<portRef name="B" instanceRef="U121"/>
				</net>
				<net name="n76">
					<portRef name="Y" instanceRef="U124"/>
					<portRef name="AN" instanceRef="U119"/>
					<portRef name="B" instanceRef="U122"/>
					<portRef name="AN" instanceRef="U123"/>
				</net>
				<net name="n77">
					<portRef name="Y" instanceRef="U120"/>
					<portRef name="C" instanceRef="U119"/>
				</net>
				<net name="n78">
					<portRef name="Y" instanceRef="U123"/>
					<portRef name="A" instanceRef="U121"/>
				</net>
				<net name="n79">
					<portRef name="Y" instanceRef="U125"/>
					<portRef name="B" instanceRef="U124"/>
				</net>
				<net name="n80">
					<portRef name="Y" instanceRef="U127"/>
					<portRef name="A" instanceRef="U126"/>
				</net>
				<net name="temp[3]">
					<portRef name="Q" instanceRef="temp_reg[3]"/>
					<portRef name="B" instanceRef="U107"/>
					<portRef name="S0" instanceRef="U115"/>
				</net>
				<net name="temp[2]">
					<portRef name="Q" instanceRef="temp_reg[2]"/>
					<portRef name="B" instanceRef="U118"/>
					<portRef name="A" instanceRef="U120"/>
					<portRef name="S0" instanceRef="U121"/>
				</net>
				<net name="temp[1]">
					<portRef name="Q" instanceRef="temp_reg[1]"/>
					<portRef name="A" instanceRef="U125"/>
					<portRef name="S0" instanceRef="U126"/>
				</net>
				<net name="temp[0]">
					<portRef name="Q" instanceRef="temp_reg[0]"/>
					<portRef name="AN" instanceRef="U124"/>
					<portRef name="AN" instanceRef="U127"/>
					<portRef name="A" instanceRef="U128"/>
				</net>
			</contents>
		</module>
	</library>
	<topModule name="lab2" libraryRef="work_lib"/>
</design>

