<design name="display">
	<external name="cell_lib">
		<module name="DFFRHQ" type="FFLATCH">
			<property name="edge" value="rise"/>
			<port name="D" direction="input"/>
			<port name="CK" direction="input" type="clock"/>
			<port name="RN" direction="input" type="reset"/>
			<port name="Q" direction="output"/>
		</module>
		<module name="LOGIC_0" type="MACRO">
			<property name="truthtable" value="|0"/>
			<port name="LOGIC_0_PIN" direction="output"/>
		</module>
		<module name="AND2" type="COMB">
			<property name="truthtable" value="11"/>
			<port name="A" direction="input"/>
			<port name="B" direction="input"/>
			<port name="Y" direction="output"/>
		</module>
		<module name="LOGIC_1" type="MACRO">
			<property name="truthtable" value="|1"/>
			<port name="LOGIC_1_PIN" direction="output"/>
		</module>
		<module name="XOR2" type="COMB">
			<property name="truthtable" value="01|10"/>
			<port name="A" direction="input"/>
			<port name="B" direction="input"/>
			<port name="Y" direction="output"/>
		</module>
		<module name="INV" type="COMB">
			<property name="truthtable" value="0"/>
			<port name="A" direction="input"/>
			<port name="Y" direction="output"/>
		</module>
		<module name="NOR4B" type="COMB">
			<property name="truthtable" value="1000"/>
			<port name="AN" direction="input"/>
			<port name="B" direction="input"/>
			<port name="C" direction="input"/>
			<port name="D" direction="input"/>
			<port name="Y" direction="output"/>
		</module>
		<module name="OAI32" type="COMB">
			<property name="truthtable" value="000--|---00"/>
			<port name="A0" direction="input"/>
			<port name="A1" direction="input"/>
			<port name="A2" direction="input"/>
			<port name="B0" direction="input"/>
			<port name="B1" direction="input"/>
			<port name="Y" direction="output"/>
		</module>
		<module name="OAI31" type="COMB">
			<property name="truthtable" value="000-|---0"/>
			<port name="A0" direction="input"/>
			<port name="A1" direction="input"/>
			<port name="A2" direction="input"/>
			<port name="B0" direction="input"/>
			<port name="Y" direction="output"/>
		</module>
		<module name="NOR2" type="COMB">
			<property name="truthtable" value="00"/>
			<port name="A" direction="input"/>
			<port name="B" direction="input"/>
			<port name="Y" direction="output"/>
		</module>
		<module name="NOR4BB" type="COMB">
			<property name="truthtable" value="1100"/>
			<port name="AN" direction="input"/>
			<port name="BN" direction="input"/>
			<port name="C" direction="input"/>
			<port name="D" direction="input"/>
			<port name="Y" direction="output"/>
		</module>
		<module name="OAI21" type="COMB">
			<property name="truthtable" value="00-|--0"/>
			<port name="A0" direction="input"/>
			<port name="A1" direction="input"/>
			<port name="B0" direction="input"/>
			<port name="Y" direction="output"/>
		</module>
		<module name="OAI211" type="COMB">
			<property name="truthtable" value="00--|--0-|---0"/>
			<port name="A0" direction="input"/>
			<port name="A1" direction="input"/>
			<port name="B0" direction="input"/>
			<port name="C0" direction="input"/>
			<port name="Y" direction="output"/>
		</module>
		<module name="NOR2B" type="COMB">
			<property name="truthtable" value="10"/>
			<port name="AN" direction="input"/>
			<port name="B" direction="input"/>
			<port name="Y" direction="output"/>
		</module>
		<module name="AOI2BB1" type="COMB">
			<property name="truthtable" value="1-0|-10"/>
			<port name="A0N" direction="input"/>
			<port name="A1N" direction="input"/>
			<port name="B0" direction="input"/>
			<port name="Y" direction="output"/>
		</module>
		<module name="NOR3B" type="COMB">
			<property name="truthtable" value="100"/>
			<port name="AN" direction="input"/>
			<port name="B" direction="input"/>
			<port name="C" direction="input"/>
			<port name="Y" direction="output"/>
		</module>
		<module name="AOI222" type="COMB">
			<property name="truthtable" value="0-0-0-|0-0--0|0--00-|0--0-0|-00-0-|-00--0|-0-00-|-0-0-0"/>
			<port name="A0" direction="input"/>
			<port name="A1" direction="input"/>
			<port name="B0" direction="input"/>
			<port name="B1" direction="input"/>
			<port name="C0" direction="input"/>
			<port name="C1" direction="input"/>
			<port name="Y" direction="output"/>
		</module>
		<module name="MX2" type="COMB">
			<property name="truthtable" value="1-0|-11"/>
			<port name="A" direction="input"/>
			<port name="B" direction="input"/>
			<port name="S0" direction="input"/>
			<port name="Y" direction="output"/>
		</module>
		<module name="AOI221" type="COMB">
			<property name="truthtable" value="0-0-0|0--00|-00-0|-0-00"/>
			<port name="A0" direction="input"/>
			<port name="A1" direction="input"/>
			<port name="B0" direction="input"/>
			<port name="B1" direction="input"/>
			<port name="C0" direction="input"/>
			<port name="Y" direction="output"/>
		</module>
		<module name="OAI221" type="COMB">
			<property name="truthtable" value="00---|--00-|----0"/>
			<port name="A0" direction="input"/>
			<port name="A1" direction="input"/>
			<port name="B0" direction="input"/>
			<port name="B1" direction="input"/>
			<port name="C0" direction="input"/>
			<port name="Y" direction="output"/>
		</module>
		<module name="NAND3B" type="COMB">
			<property name="truthtable" value="1--|-0-|--0"/>
			<port name="AN" direction="input"/>
			<port name="B" direction="input"/>
			<port name="C" direction="input"/>
			<port name="Y" direction="output"/>
		</module>
		<module name="AOI21" type="COMB">
			<property name="truthtable" value="0-0|-00"/>
			<port name="A0" direction="input"/>
			<port name="A1" direction="input"/>
			<port name="B0" direction="input"/>
			<port name="Y" direction="output"/>
		</module>
		<module name="NOR3" type="COMB">
			<property name="truthtable" value="000"/>
			<port name="A" direction="input"/>
			<port name="B" direction="input"/>
			<port name="C" direction="input"/>
			<port name="Y" direction="output"/>
		</module>
		<module name="OAI222" type="COMB">
			<property name="truthtable" value="00----|--00--|----00"/>
			<port name="A0" direction="input"/>
			<port name="A1" direction="input"/>
			<port name="B0" direction="input"/>
			<port name="B1" direction="input"/>
			<port name="C0" direction="input"/>
			<port name="C1" direction="input"/>
			<port name="Y" direction="output"/>
		</module>
		<module name="AOI211" type="COMB">
			<property name="truthtable" value="0-00|-000"/>
			<port name="A0" direction="input"/>
			<port name="A1" direction="input"/>
			<port name="B0" direction="input"/>
			<port name="C0" direction="input"/>
			<port name="Y" direction="output"/>
		</module>
		<module name="NAND2" type="COMB">
			<property name="truthtable" value="0-|-0"/>
			<port name="A" direction="input"/>
			<port name="B" direction="input"/>
			<port name="Y" direction="output"/>
		</module>
		<module name="AOI33" type="COMB">
			<property name="truthtable" value="0--0--|0---0-|0----0|-0-0--|-0--0-|-0---0|--00--|--0-0-|--0--0"/>
			<port name="A0" direction="input"/>
			<port name="A1" direction="input"/>
			<port name="A2" direction="input"/>
			<port name="B0" direction="input"/>
			<port name="B1" direction="input"/>
			<port name="B2" direction="input"/>
			<port name="Y" direction="output"/>
		</module>
		<module name="NAND2B" type="COMB">
			<property name="truthtable" value="1-|-0"/>
			<port name="AN" direction="input"/>
			<port name="B" direction="input"/>
			<port name="Y" direction="output"/>
		</module>
		<module name="AOI2BB2" type="COMB">
			<property name="truthtable" value="1-0-|1--0|-10-|-1-0"/>
			<port name="A0N" direction="input"/>
			<port name="A1N" direction="input"/>
			<port name="B0" direction="input"/>
			<port name="B1" direction="input"/>
			<port name="Y" direction="output"/>
		</module>
	</external>
	<library name="work_lib">
		<module name="display" type="GENERIC">
			<port name="lcd_db" msb="7" lsb="0" direction="output"/>
			<port name="clk" direction="input"/>
			<port name="rst_n" direction="input"/>
			<port name="lcd_en" direction="output"/>
			<port name="lcd_rs" direction="output"/>
			<port name="lcd_rw" direction="output"/>
			<port name="lcd_rst" direction="output"/>
			<contents>
				<instance name="cnt_lcd_reg[0]" moduleRef="DFFRHQ" libraryRef="cell_lib"/>
				<instance name="cnt_lcd_reg[1]" moduleRef="DFFRHQ" libraryRef="cell_lib"/>
				<instance name="cnt_lcd_reg[2]" moduleRef="DFFRHQ" libraryRef="cell_lib"/>
				<instance name="cnt_lcd_reg[3]" moduleRef="DFFRHQ" libraryRef="cell_lib"/>
				<instance name="cnt_lcd_reg[4]" moduleRef="DFFRHQ" libraryRef="cell_lib"/>
				<instance name="cnt_lcd_reg[5]" moduleRef="DFFRHQ" libraryRef="cell_lib"/>
				<instance name="cnt_lcd_reg[6]" moduleRef="DFFRHQ" libraryRef="cell_lib"/>
				<instance name="cnt_lcd_reg[7]" moduleRef="DFFRHQ" libraryRef="cell_lib"/>
				<instance name="lcd_db_reg[0]" moduleRef="DFFRHQ" libraryRef="cell_lib"/>
				<instance name="lcd_db_reg[6]" moduleRef="DFFRHQ" libraryRef="cell_lib"/>
				<instance name="lcd_db_reg[2]" moduleRef="DFFRHQ" libraryRef="cell_lib"/>
				<instance name="lcd_db_reg[3]" moduleRef="DFFRHQ" libraryRef="cell_lib"/>
				<instance name="lcd_db_reg[5]" moduleRef="DFFRHQ" libraryRef="cell_lib"/>
				<instance name="lcd_db_reg[4]" moduleRef="DFFRHQ" libraryRef="cell_lib"/>
				<instance name="lcd_db_reg[1]" moduleRef="DFFRHQ" libraryRef="cell_lib"/>
				<instance name="U93" moduleRef="LOGIC_0" libraryRef="cell_lib"/>
				<instance name="U94" moduleRef="AND2" libraryRef="cell_lib"/>
				<instance name="U95" moduleRef="AND2" libraryRef="cell_lib"/>
				<instance name="U96" moduleRef="AND2" libraryRef="cell_lib"/>
				<instance name="U97" moduleRef="AND2" libraryRef="cell_lib"/>
				<instance name="U98" moduleRef="AND2" libraryRef="cell_lib"/>
				<instance name="U99" moduleRef="AND2" libraryRef="cell_lib"/>
				<instance name="U100" moduleRef="LOGIC_1" libraryRef="cell_lib"/>
				<instance name="U101" moduleRef="XOR2" libraryRef="cell_lib"/>
				<instance name="U102" moduleRef="XOR2" libraryRef="cell_lib"/>
				<instance name="U103" moduleRef="XOR2" libraryRef="cell_lib"/>
				<instance name="U104" moduleRef="XOR2" libraryRef="cell_lib"/>
				<instance name="U105" moduleRef="XOR2" libraryRef="cell_lib"/>
				<instance name="U106" moduleRef="XOR2" libraryRef="cell_lib"/>
				<instance name="U107" moduleRef="XOR2" libraryRef="cell_lib"/>
				<instance name="U108" moduleRef="INV" libraryRef="cell_lib"/>
				<instance name="U109" moduleRef="INV" libraryRef="cell_lib"/>
				<instance name="U110" moduleRef="NOR4B" libraryRef="cell_lib"/>
				<instance name="U111" moduleRef="OAI32" libraryRef="cell_lib"/>
				<instance name="U112" moduleRef="INV" libraryRef="cell_lib"/>
				<instance name="U113" moduleRef="OAI31" libraryRef="cell_lib"/>
				<instance name="U114" moduleRef="NOR2" libraryRef="cell_lib"/>
				<instance name="U115" moduleRef="INV" libraryRef="cell_lib"/>
				<instance name="U116" moduleRef="NOR4BB" libraryRef="cell_lib"/>
				<instance name="U117" moduleRef="OAI21" libraryRef="cell_lib"/>
				<instance name="U118" moduleRef="OAI211" libraryRef="cell_lib"/>
				<instance name="U119" moduleRef="NOR2B" libraryRef="cell_lib"/>
				<instance name="U120" moduleRef="NOR2B" libraryRef="cell_lib"/>
				<instance name="U121" moduleRef="AOI2BB1" libraryRef="cell_lib"/>
				<instance name="U122" moduleRef="NOR3B" libraryRef="cell_lib"/>
				<instance name="U123" moduleRef="INV" libraryRef="cell_lib"/>
				<instance name="U124" moduleRef="AOI222" libraryRef="cell_lib"/>
				<instance name="U125" moduleRef="OAI21" libraryRef="cell_lib"/>
				<instance name="U126" moduleRef="OAI31" libraryRef="cell_lib"/>
				<instance name="U127" moduleRef="MX2" libraryRef="cell_lib"/>
				<instance name="U128" moduleRef="AOI2BB1" libraryRef="cell_lib"/>
				<instance name="U129" moduleRef="NOR2B" libraryRef="cell_lib"/>
				<instance name="U130" moduleRef="NOR2B" libraryRef="cell_lib"/>
				<instance name="U131" moduleRef="OAI211" libraryRef="cell_lib"/>
				<instance name="U132" moduleRef="INV" libraryRef="cell_lib"/>
				<instance name="U133" moduleRef="NOR4BB" libraryRef="cell_lib"/>
				<instance name="U134" moduleRef="NOR3B" libraryRef="cell_lib"/>
				<instance name="U135" moduleRef="AOI221" libraryRef="cell_lib"/>
				<instance name="U136" moduleRef="MX2" libraryRef="cell_lib"/>
				<instance name="U137" moduleRef="NOR2B" libraryRef="cell_lib"/>
				<instance name="U138" moduleRef="INV" libraryRef="cell_lib"/>
				<instance name="U139" moduleRef="NOR4B" libraryRef="cell_lib"/>
				<instance name="U140" moduleRef="OAI221" libraryRef="cell_lib"/>
				<instance name="U141" moduleRef="INV" libraryRef="cell_lib"/>
				<instance name="U142" moduleRef="OAI221" libraryRef="cell_lib"/>
				<instance name="U143" moduleRef="NAND3B" libraryRef="cell_lib"/>
				<instance name="U144" moduleRef="NOR2B" libraryRef="cell_lib"/>
				<instance name="U145" moduleRef="AOI21" libraryRef="cell_lib"/>
				<instance name="U146" moduleRef="AOI221" libraryRef="cell_lib"/>
				<instance name="U147" moduleRef="NOR3" libraryRef="cell_lib"/>
				<instance name="U148" moduleRef="NOR3B" libraryRef="cell_lib"/>
				<instance name="U149" moduleRef="NOR3B" libraryRef="cell_lib"/>
				<instance name="U150" moduleRef="OAI222" libraryRef="cell_lib"/>
				<instance name="U151" moduleRef="AOI211" libraryRef="cell_lib"/>
				<instance name="U152" moduleRef="OAI21" libraryRef="cell_lib"/>
				<instance name="U153" moduleRef="INV" libraryRef="cell_lib"/>
				<instance name="U154" moduleRef="NAND2" libraryRef="cell_lib"/>
				<instance name="U155" moduleRef="NOR2" libraryRef="cell_lib"/>
				<instance name="U156" moduleRef="MX2" libraryRef="cell_lib"/>
				<instance name="U157" moduleRef="MX2" libraryRef="cell_lib"/>
				<instance name="U158" moduleRef="NAND2" libraryRef="cell_lib"/>
				<instance name="U159" moduleRef="OAI221" libraryRef="cell_lib"/>
				<instance name="U160" moduleRef="AOI33" libraryRef="cell_lib"/>
				<instance name="U161" moduleRef="OAI21" libraryRef="cell_lib"/>
				<instance name="U162" moduleRef="NAND2B" libraryRef="cell_lib"/>
				<instance name="U163" moduleRef="NOR2B" libraryRef="cell_lib"/>
				<instance name="U164" moduleRef="INV" libraryRef="cell_lib"/>
				<instance name="U165" moduleRef="NOR3" libraryRef="cell_lib"/>
				<instance name="U166" moduleRef="INV" libraryRef="cell_lib"/>
				<instance name="U167" moduleRef="NOR2" libraryRef="cell_lib"/>
				<instance name="U168" moduleRef="AOI2BB1" libraryRef="cell_lib"/>
				<instance name="U169" moduleRef="INV" libraryRef="cell_lib"/>
				<instance name="U170" moduleRef="NOR2B" libraryRef="cell_lib"/>
				<instance name="U171" moduleRef="OAI211" libraryRef="cell_lib"/>
				<instance name="U172" moduleRef="AOI2BB2" libraryRef="cell_lib"/>
				<instance name="U173" moduleRef="INV" libraryRef="cell_lib"/>
				<instance name="U174" moduleRef="AOI2BB1" libraryRef="cell_lib"/>
				<instance name="U175" moduleRef="INV" libraryRef="cell_lib"/>
				<instance name="U176" moduleRef="AOI21" libraryRef="cell_lib"/>
				<instance name="U177" moduleRef="AOI2BB1" libraryRef="cell_lib"/>
				<instance name="U178" moduleRef="NAND2" libraryRef="cell_lib"/>
				<instance name="U179" moduleRef="NOR3B" libraryRef="cell_lib"/>
				<instance name="U180" moduleRef="NOR2B" libraryRef="cell_lib"/>
				<instance name="U181" moduleRef="AND2" libraryRef="cell_lib"/>
				<instance name="U182" moduleRef="NAND2" libraryRef="cell_lib"/>
				<instance name="U183" moduleRef="NOR3B" libraryRef="cell_lib"/>
				<instance name="U184" moduleRef="INV" libraryRef="cell_lib"/>
				<instance name="U185" moduleRef="NOR2" libraryRef="cell_lib"/>
				<instance name="U186" moduleRef="INV" libraryRef="cell_lib"/>
				<instance name="U187" moduleRef="NOR2B" libraryRef="cell_lib"/>
				<instance name="U188" moduleRef="NOR2" libraryRef="cell_lib"/>
				<instance name="U189" moduleRef="INV" libraryRef="cell_lib"/>
				<instance name="U190" moduleRef="AOI2BB1" libraryRef="cell_lib"/>
				<instance name="U191" moduleRef="INV" libraryRef="cell_lib"/>
				<instance name="U192" moduleRef="AOI211" libraryRef="cell_lib"/>
				<instance name="U193" moduleRef="NOR3B" libraryRef="cell_lib"/>
				<instance name="U194" moduleRef="NOR2B" libraryRef="cell_lib"/>
				<instance name="U195" moduleRef="INV" libraryRef="cell_lib"/>
				<instance name="U196" moduleRef="NOR2" libraryRef="cell_lib"/>
				<instance name="U197" moduleRef="NOR3B" libraryRef="cell_lib"/>
				<instance name="U198" moduleRef="INV" libraryRef="cell_lib"/>
				<instance name="U199" moduleRef="NAND2" libraryRef="cell_lib"/>
				<instance name="U200" moduleRef="NOR2" libraryRef="cell_lib"/>
				<instance name="U201" moduleRef="INV" libraryRef="cell_lib"/>
				<instance name="U202" moduleRef="INV" libraryRef="cell_lib"/>
				<instance name="U203" moduleRef="INV" libraryRef="cell_lib"/>
				<net name="lcd_db[6]">
					<portRef name="Q" instanceRef="lcd_db_reg[6]"/>
					<portRef name="lcd_db[6]"/>
				</net>
				<net name="lcd_db[5]">
					<portRef name="Q" instanceRef="lcd_db_reg[5]"/>
					<portRef name="lcd_db[5]"/>
				</net>
				<net name="lcd_db[4]">
					<portRef name="Q" instanceRef="lcd_db_reg[4]"/>
					<portRef name="lcd_db[4]"/>
				</net>
				<net name="lcd_db[3]">
					<portRef name="Q" instanceRef="lcd_db_reg[3]"/>
					<portRef name="lcd_db[3]"/>
				</net>
				<net name="lcd_db[2]">
					<portRef name="Q" instanceRef="lcd_db_reg[2]"/>
					<portRef name="lcd_db[2]"/>
				</net>
				<net name="lcd_db[1]">
					<portRef name="Q" instanceRef="lcd_db_reg[1]"/>
					<portRef name="lcd_db[1]"/>
				</net>
				<net name="lcd_db[0]">
					<portRef name="Q" instanceRef="lcd_db_reg[0]"/>
					<portRef name="lcd_db[0]"/>
				</net>
				<net name="clk">
					<portRef name="clk"/>
					<portRef name="CK" instanceRef="cnt_lcd_reg[0]"/>
					<portRef name="CK" instanceRef="cnt_lcd_reg[1]"/>
					<portRef name="CK" instanceRef="cnt_lcd_reg[2]"/>
					<portRef name="CK" instanceRef="cnt_lcd_reg[3]"/>
					<portRef name="CK" instanceRef="cnt_lcd_reg[4]"/>
					<portRef name="CK" instanceRef="cnt_lcd_reg[5]"/>
					<portRef name="CK" instanceRef="cnt_lcd_reg[6]"/>
					<portRef name="CK" instanceRef="cnt_lcd_reg[7]"/>
					<portRef name="CK" instanceRef="lcd_db_reg[0]"/>
					<portRef name="CK" instanceRef="lcd_db_reg[6]"/>
					<portRef name="CK" instanceRef="lcd_db_reg[2]"/>
					<portRef name="CK" instanceRef="lcd_db_reg[3]"/>
					<portRef name="CK" instanceRef="lcd_db_reg[5]"/>
					<portRef name="CK" instanceRef="lcd_db_reg[4]"/>
					<portRef name="CK" instanceRef="lcd_db_reg[1]"/>
				</net>
				<net name="lcd_en">
					<portRef name="Y" instanceRef="U188"/>
					<portRef name="lcd_en"/>
					<portRef name="A" instanceRef="U181"/>
					<portRef name="AN" instanceRef="U187"/>
				</net>
				<net name="N9">
					<portRef name="Y" instanceRef="U125"/>
					<portRef name="D" instanceRef="lcd_db_reg[1]"/>
				</net>
				<net name="N11">
					<portRef name="Y" instanceRef="U171"/>
					<portRef name="D" instanceRef="lcd_db_reg[3]"/>
				</net>
				<net name="N12">
					<portRef name="Y" instanceRef="U159"/>
					<portRef name="D" instanceRef="lcd_db_reg[4]"/>
				</net>
				<net name="N13">
					<portRef name="Y" instanceRef="U150"/>
					<portRef name="D" instanceRef="lcd_db_reg[5]"/>
				</net>
				<net name="N14">
					<portRef name="Y" instanceRef="U138"/>
					<portRef name="D" instanceRef="lcd_db_reg[6]"/>
				</net>
				<net name="N17">
					<portRef name="Y" instanceRef="U101"/>
					<portRef name="D" instanceRef="cnt_lcd_reg[1]"/>
				</net>
				<net name="N18">
					<portRef name="Y" instanceRef="U102"/>
					<portRef name="D" instanceRef="cnt_lcd_reg[2]"/>
				</net>
				<net name="N19">
					<portRef name="Y" instanceRef="U103"/>
					<portRef name="D" instanceRef="cnt_lcd_reg[3]"/>
				</net>
				<net name="N20">
					<portRef name="Y" instanceRef="U104"/>
					<portRef name="D" instanceRef="cnt_lcd_reg[4]"/>
				</net>
				<net name="N21">
					<portRef name="Y" instanceRef="U105"/>
					<portRef name="D" instanceRef="cnt_lcd_reg[5]"/>
				</net>
				<net name="N22">
					<portRef name="Y" instanceRef="U106"/>
					<portRef name="D" instanceRef="cnt_lcd_reg[6]"/>
				</net>
				<net name="N23">
					<portRef name="Y" instanceRef="U107"/>
					<portRef name="D" instanceRef="cnt_lcd_reg[7]"/>
				</net>
				<net name="n84">
					<portRef name="Y" instanceRef="U94"/>
					<portRef name="B" instanceRef="U95"/>
					<portRef name="B" instanceRef="U102"/>
				</net>
				<net name="n85">
					<portRef name="Y" instanceRef="U95"/>
					<portRef name="B" instanceRef="U96"/>
					<portRef name="B" instanceRef="U103"/>
				</net>
				<net name="n86">
					<portRef name="Y" instanceRef="U96"/>
					<portRef name="B" instanceRef="U97"/>
					<portRef name="B" instanceRef="U104"/>
				</net>
				<net name="n87">
					<portRef name="Y" instanceRef="U97"/>
					<portRef name="B" instanceRef="U98"/>
					<portRef name="B" instanceRef="U105"/>
				</net>
				<net name="n88">
					<portRef name="Y" instanceRef="U98"/>
					<portRef name="B" instanceRef="U99"/>
					<portRef name="B" instanceRef="U106"/>
				</net>
				<net name="n89">
					<portRef name="Y" instanceRef="U99"/>
					<portRef name="B" instanceRef="U107"/>
				</net>
				<net name="n90">
					<portRef name="Y" instanceRef="U110"/>
					<portRef name="A" instanceRef="U109"/>
				</net>
				<net name="n91">
					<portRef name="Y" instanceRef="U114"/>
					<portRef name="AN" instanceRef="U110"/>
				</net>
				<net name="n92">
					<portRef name="Y" instanceRef="U142"/>
					<portRef name="B" instanceRef="U110"/>
					<portRef name="A" instanceRef="U141"/>
				</net>
				<net name="n93">
					<portRef name="Y" instanceRef="U113"/>
					<portRef name="C" instanceRef="U110"/>
				</net>
				<net name="n94">
					<portRef name="Y" instanceRef="U111"/>
					<portRef name="D" instanceRef="U110"/>
				</net>
				<net name="n95">
					<portRef name="Y" instanceRef="U112"/>
					<portRef name="A0" instanceRef="U111"/>
				</net>
				<net name="n96">
					<portRef name="Y" instanceRef="U184"/>
					<portRef name="A2" instanceRef="U111"/>
					<portRef name="A1N" instanceRef="U128"/>
					<portRef name="C" instanceRef="U134"/>
					<portRef name="A1" instanceRef="U140"/>
					<portRef name="A0" instanceRef="U152"/>
					<portRef name="B" instanceRef="U154"/>
					<portRef name="B" instanceRef="U167"/>
					<portRef name="AN" instanceRef="U183"/>
				</net>
				<net name="n97">
					<portRef name="Y" instanceRef="U158"/>
					<portRef name="B0" instanceRef="U111"/>
					<portRef name="A0N" instanceRef="U121"/>
					<portRef name="B1" instanceRef="U135"/>
					<portRef name="AN" instanceRef="U143"/>
					<portRef name="B1" instanceRef="U146"/>
					<portRef name="A1" instanceRef="U152"/>
					<portRef name="B" instanceRef="U157"/>
				</net>
				<net name="n98">
					<portRef name="Y" instanceRef="U162"/>
					<portRef name="B1" instanceRef="U111"/>
					<portRef name="AN" instanceRef="U144"/>
					<portRef name="B0" instanceRef="U161"/>
				</net>
				<net name="n99">
					<portRef name="Y" instanceRef="U147"/>
					<portRef name="A" instanceRef="U112"/>
					<portRef name="B1" instanceRef="U124"/>
					<portRef name="B" instanceRef="U144"/>
					<portRef name="C0" instanceRef="U146"/>
				</net>
				<net name="n100">
					<portRef name="Y" instanceRef="U177"/>
					<portRef name="A0" instanceRef="U113"/>
					<portRef name="B0" instanceRef="U140"/>
					<portRef name="A1N" instanceRef="U174"/>
				</net>
				<net name="n101">
					<portRef name="Y" instanceRef="U123"/>
					<portRef name="A2" instanceRef="U113"/>
					<portRef name="A1N" instanceRef="U121"/>
				</net>
				<net name="n102">
					<portRef name="Y" instanceRef="U118"/>
					<portRef name="B0" instanceRef="U113"/>
					<portRef name="B0" instanceRef="U117"/>
				</net>
				<net name="n103">
					<portRef name="Y" instanceRef="U122"/>
					<portRef name="A" instanceRef="U114"/>
					<portRef name="B0" instanceRef="U121"/>
				</net>
				<net name="n104">
					<portRef name="Y" instanceRef="U179"/>
					<portRef name="B" instanceRef="U114"/>
					<portRef name="B0" instanceRef="U172"/>
				</net>
				<net name="n105">
					<portRef name="Y" instanceRef="U116"/>
					<portRef name="A" instanceRef="U115"/>
				</net>
				<net name="n106">
					<portRef name="Y" instanceRef="U124"/>
					<portRef name="AN" instanceRef="U116"/>
				</net>
				<net name="n107">
					<portRef name="Y" instanceRef="U143"/>
					<portRef name="BN" instanceRef="U116"/>
					<portRef name="C0" instanceRef="U142"/>
				</net>
				<net name="n108">
					<portRef name="Y" instanceRef="U148"/>
					<portRef name="C" instanceRef="U116"/>
					<portRef name="C" instanceRef="U139"/>
				</net>
				<net name="n109">
					<portRef name="Y" instanceRef="U117"/>
					<portRef name="D" instanceRef="U116"/>
				</net>
				<net name="n110">
					<portRef name="Y" instanceRef="U121"/>
					<portRef name="A0" instanceRef="U117"/>
				</net>
				<net name="n111">
					<portRef name="Y" instanceRef="U203"/>
					<portRef name="A1" instanceRef="U117"/>
					<portRef name="B0" instanceRef="U118"/>
					<portRef name="B" instanceRef="U129"/>
					<portRef name="AN" instanceRef="U130"/>
					<portRef name="A1" instanceRef="U131"/>
					<portRef name="AN" instanceRef="U134"/>
					<portRef name="B" instanceRef="U137"/>
					<portRef name="B" instanceRef="U147"/>
					<portRef name="A1" instanceRef="U151"/>
					<portRef name="S0" instanceRef="U156"/>
					<portRef name="B1" instanceRef="U160"/>
					<portRef name="B" instanceRef="U165"/>
					<portRef name="B1" instanceRef="U172"/>
					<portRef name="B" instanceRef="U183"/>
					<portRef name="A0N" instanceRef="U190"/>
					<portRef name="A0" instanceRef="U192"/>
					<portRef name="AN" instanceRef="U194"/>
				</net>
				<net name="n112">
					<portRef name="Y" instanceRef="U120"/>
					<portRef name="A0" instanceRef="U118"/>
				</net>
				<net name="n113">
					<portRef name="Y" instanceRef="U119"/>
					<portRef name="A1" instanceRef="U118"/>
				</net>
				<net name="n114">
					<portRef name="Y" instanceRef="U181"/>
					<portRef name="C0" instanceRef="U118"/>
					<portRef name="B0" instanceRef="U126"/>
					<portRef name="AN" instanceRef="U148"/>
					<portRef name="AN" instanceRef="U149"/>
					<portRef name="B" instanceRef="U162"/>
					<portRef name="A" instanceRef="U173"/>
					<portRef name="AN" instanceRef="U180"/>
				</net>
				<net name="n115">
					<portRef name="Y" instanceRef="U198"/>
					<portRef name="AN" instanceRef="U119"/>
					<portRef name="S0" instanceRef="U127"/>
					<portRef name="S0" instanceRef="U136"/>
					<portRef name="A1" instanceRef="U146"/>
					<portRef name="B" instanceRef="U148"/>
					<portRef name="A0" instanceRef="U176"/>
					<portRef name="B" instanceRef="U178"/>
					<portRef name="C" instanceRef="U179"/>
					<portRef name="C" instanceRef="U183"/>
					<portRef name="AN" instanceRef="U193"/>
					<portRef name="B" instanceRef="U197"/>
				</net>
				<net name="n116">
					<portRef name="Y" instanceRef="U153"/>
					<portRef name="B" instanceRef="U119"/>
					<portRef name="B1" instanceRef="U142"/>
					<portRef name="A0" instanceRef="U151"/>
				</net>
				<net name="n117">
					<portRef name="Y" instanceRef="U202"/>
					<portRef name="AN" instanceRef="U120"/>
					<portRef name="AN" instanceRef="U129"/>
					<portRef name="B" instanceRef="U134"/>
					<portRef name="S0" instanceRef="U157"/>
					<portRef name="AN" instanceRef="U163"/>
					<portRef name="B" instanceRef="U185"/>
					<portRef name="C" instanceRef="U197"/>
					<portRef name="A" instanceRef="U200"/>
				</net>
				<net name="n118">
					<portRef name="Y" instanceRef="U166"/>
					<portRef name="B" instanceRef="U120"/>
					<portRef name="B" instanceRef="U130"/>
					<portRef name="C" instanceRef="U149"/>
					<portRef name="C" instanceRef="U165"/>
				</net>
				<net name="n119">
					<portRef name="Y" instanceRef="U180"/>
					<portRef name="AN" instanceRef="U122"/>
					<portRef name="B0" instanceRef="U146"/>
					<portRef name="AN" instanceRef="U179"/>
				</net>
				<net name="n120">
					<portRef name="Y" instanceRef="U178"/>
					<portRef name="B" instanceRef="U122"/>
					<portRef name="A0" instanceRef="U161"/>
					<portRef name="A1N" instanceRef="U177"/>
				</net>
				<net name="n121">
					<portRef name="Y" instanceRef="U201"/>
					<portRef name="C" instanceRef="U122"/>
					<portRef name="B0" instanceRef="U128"/>
					<portRef name="A" instanceRef="U154"/>
					<portRef name="B" instanceRef="U163"/>
					<portRef name="A0N" instanceRef="U174"/>
					<portRef name="B" instanceRef="U200"/>
				</net>
				<net name="n122">
					<portRef name="Y" instanceRef="U185"/>
					<portRef name="A" instanceRef="U123"/>
					<portRef name="A0" instanceRef="U146"/>
					<portRef name="A" instanceRef="U182"/>
				</net>
				<net name="n123">
					<portRef name="Y" instanceRef="U149"/>
					<portRef name="A1" instanceRef="U124"/>
					<portRef name="B" instanceRef="U139"/>
				</net>
				<net name="n124">
					<portRef name="Y" instanceRef="U167"/>
					<portRef name="B0" instanceRef="U124"/>
					<portRef name="A" instanceRef="U166"/>
				</net>
				<net name="n125">
					<portRef name="Y" instanceRef="U191"/>
					<portRef name="C0" instanceRef="U124"/>
					<portRef name="B0" instanceRef="U190"/>
				</net>
				<net name="n126">
					<portRef name="Y" instanceRef="U187"/>
					<portRef name="C1" instanceRef="U124"/>
					<portRef name="C" instanceRef="U143"/>
					<portRef name="A1" instanceRef="U160"/>
					<portRef name="B0" instanceRef="U168"/>
					<portRef name="A" instanceRef="U186"/>
				</net>
				<net name="n127">
					<portRef name="Y" instanceRef="U133"/>
					<portRef name="A0" instanceRef="U125"/>
				</net>
				<net name="n128">
					<portRef name="Y" instanceRef="U186"/>
					<portRef name="A1" instanceRef="U125"/>
					<portRef name="A1" instanceRef="U142"/>
					<portRef name="C" instanceRef="U147"/>
					<portRef name="A1" instanceRef="U150"/>
					<portRef name="A1" instanceRef="U161"/>
					<portRef name="A1" instanceRef="U171"/>
					<portRef name="A" instanceRef="U185"/>
				</net>
				<net name="n129">
					<portRef name="Y" instanceRef="U126"/>
					<portRef name="B0" instanceRef="U125"/>
				</net>
				<net name="n130">
					<portRef name="Y" instanceRef="U131"/>
					<portRef name="A0" instanceRef="U126"/>
				</net>
				<net name="n131">
					<portRef name="Y" instanceRef="U175"/>
					<portRef name="A1" instanceRef="U126"/>
					<portRef name="C0" instanceRef="U151"/>
					<portRef name="B0" instanceRef="U174"/>
				</net>
				<net name="n132">
					<portRef name="Y" instanceRef="U127"/>
					<portRef name="A2" instanceRef="U126"/>
				</net>
				<net name="n133">
					<portRef name="Y" instanceRef="U130"/>
					<portRef name="A" instanceRef="U127"/>
				</net>
				<net name="n134">
					<portRef name="Y" instanceRef="U128"/>
					<portRef name="B" instanceRef="U127"/>
				</net>
				<net name="n135">
					<portRef name="Y" instanceRef="U129"/>
					<portRef name="A0N" instanceRef="U128"/>
				</net>
				<net name="n136">
					<portRef name="Y" instanceRef="U195"/>
					<portRef name="A0" instanceRef="U131"/>
					<portRef name="C" instanceRef="U148"/>
					<portRef name="B" instanceRef="U193"/>
					<portRef name="B" instanceRef="U194"/>
				</net>
				<net name="n137">
					<portRef name="Y" instanceRef="U169"/>
					<portRef name="B0" instanceRef="U131"/>
					<portRef name="A1" instanceRef="U159"/>
				</net>
				<net name="n138">
					<portRef name="Y" instanceRef="U132"/>
					<portRef name="C0" instanceRef="U131"/>
				</net>
				<net name="n139">
					<portRef name="Y" instanceRef="U134"/>
					<portRef name="A" instanceRef="U132"/>
					<portRef name="C" instanceRef="U133"/>
				</net>
				<net name="n140">
					<portRef name="Y" instanceRef="U199"/>
					<portRef name="AN" instanceRef="U133"/>
					<portRef name="B0" instanceRef="U152"/>
					<portRef name="A1N" instanceRef="U190"/>
				</net>
				<net name="n141">
					<portRef name="Y" instanceRef="U135"/>
					<portRef name="BN" instanceRef="U133"/>
				</net>
				<net name="n142">
					<portRef name="Y" instanceRef="U193"/>
					<portRef name="D" instanceRef="U133"/>
					<portRef name="C0" instanceRef="U192"/>
				</net>
				<net name="n143">
					<portRef name="Y" instanceRef="U170"/>
					<portRef name="A0" instanceRef="U135"/>
					<portRef name="A" instanceRef="U169"/>
				</net>
				<net name="n144">
					<portRef name="Y" instanceRef="U194"/>
					<portRef name="B0" instanceRef="U135"/>
					<portRef name="A1" instanceRef="U145"/>
					<portRef name="B0" instanceRef="U192"/>
				</net>
				<net name="n145">
					<portRef name="Y" instanceRef="U136"/>
					<portRef name="C0" instanceRef="U135"/>
				</net>
				<net name="n146">
					<portRef name="Y" instanceRef="U165"/>
					<portRef name="A" instanceRef="U136"/>
					<portRef name="B0" instanceRef="U145"/>
					<portRef name="A" instanceRef="U164"/>
				</net>
				<net name="n147">
					<portRef name="Y" instanceRef="U137"/>
					<portRef name="B" instanceRef="U136"/>
				</net>
				<net name="n148">
					<portRef name="Y" instanceRef="U200"/>
					<portRef name="AN" instanceRef="U137"/>
					<portRef name="A" instanceRef="U153"/>
					<portRef name="B2" instanceRef="U160"/>
					<portRef name="B" instanceRef="U199"/>
				</net>
				<net name="n149">
					<portRef name="Y" instanceRef="U139"/>
					<portRef name="A" instanceRef="U138"/>
				</net>
				<net name="n150">
					<portRef name="Y" instanceRef="U182"/>
					<portRef name="AN" instanceRef="U139"/>
					<portRef name="B0" instanceRef="U171"/>
				</net>
				<net name="n151">
					<portRef name="Y" instanceRef="U140"/>
					<portRef name="D" instanceRef="U139"/>
				</net>
				<net name="n152">
					<portRef name="Y" instanceRef="U146"/>
					<portRef name="A0" instanceRef="U140"/>
				</net>
				<net name="n153">
					<portRef name="Y" instanceRef="U173"/>
					<portRef name="B1" instanceRef="U140"/>
					<portRef name="C1" instanceRef="U150"/>
					<portRef name="A0" instanceRef="U159"/>
					<portRef name="A1N" instanceRef="U168"/>
					<portRef name="A1N" instanceRef="U172"/>
				</net>
				<net name="n154">
					<portRef name="Y" instanceRef="U141"/>
					<portRef name="C0" instanceRef="U140"/>
				</net>
				<net name="n155">
					<portRef name="Y" instanceRef="U145"/>
					<portRef name="A0" instanceRef="U142"/>
				</net>
				<net name="n156">
					<portRef name="Y" instanceRef="U144"/>
					<portRef name="B0" instanceRef="U142"/>
				</net>
				<net name="n157">
					<portRef name="Y" instanceRef="U196"/>
					<portRef name="B" instanceRef="U143"/>
					<portRef name="A1" instanceRef="U176"/>
					<portRef name="A" instanceRef="U195"/>
				</net>
				<net name="n158">
					<portRef name="Y" instanceRef="U155"/>
					<portRef name="A0" instanceRef="U150"/>
				</net>
				<net name="n159">
					<portRef name="Y" instanceRef="U168"/>
					<portRef name="B0" instanceRef="U150"/>
					<portRef name="B0" instanceRef="U159"/>
				</net>
				<net name="n160">
					<portRef name="Y" instanceRef="U154"/>
					<portRef name="B1" instanceRef="U150"/>
				</net>
				<net name="n161">
					<portRef name="Y" instanceRef="U151"/>
					<portRef name="C0" instanceRef="U150"/>
				</net>
				<net name="n162">
					<portRef name="Y" instanceRef="U152"/>
					<portRef name="B0" instanceRef="U151"/>
				</net>
				<net name="n163">
					<portRef name="Y" instanceRef="U157"/>
					<portRef name="A" instanceRef="U155"/>
				</net>
				<net name="n164">
					<portRef name="Y" instanceRef="U156"/>
					<portRef name="B" instanceRef="U155"/>
				</net>
				<net name="n165">
					<portRef name="Y" instanceRef="U164"/>
					<portRef name="B1" instanceRef="U159"/>
				</net>
				<net name="n166">
					<portRef name="Y" instanceRef="U160"/>
					<portRef name="C0" instanceRef="U159"/>
				</net>
				<net name="n167">
					<portRef name="Y" instanceRef="U183"/>
					<portRef name="A0" instanceRef="U160"/>
					<portRef name="AN" instanceRef="U170"/>
					<portRef name="B0" instanceRef="U177"/>
					<portRef name="B" instanceRef="U182"/>
				</net>
				<net name="n168">
					<portRef name="Y" instanceRef="U163"/>
					<portRef name="A2" instanceRef="U160"/>
				</net>
				<net name="n169">
					<portRef name="Y" instanceRef="U161"/>
					<portRef name="B0" instanceRef="U160"/>
				</net>
				<net name="n170">
					<portRef name="Y" instanceRef="U190"/>
					<portRef name="A0" instanceRef="U171"/>
				</net>
				<net name="n171">
					<portRef name="Y" instanceRef="U172"/>
					<portRef name="C0" instanceRef="U171"/>
				</net>
				<net name="n172">
					<portRef name="Y" instanceRef="U174"/>
					<portRef name="A0N" instanceRef="U172"/>
				</net>
				<net name="n173">
					<portRef name="Y" instanceRef="U176"/>
					<portRef name="A" instanceRef="U175"/>
				</net>
				<net name="n174">
					<portRef name="Y" instanceRef="U197"/>
					<portRef name="B0" instanceRef="U176"/>
					<portRef name="A1" instanceRef="U192"/>
				</net>
				<net name="n175">
					<portRef name="Y" instanceRef="U192"/>
					<portRef name="A" instanceRef="U191"/>
				</net>
				<net name="n176">
					<portRef name="Y" instanceRef="U108"/>
					<portRef name="RN" instanceRef="cnt_lcd_reg[0]"/>
					<portRef name="RN" instanceRef="cnt_lcd_reg[1]"/>
					<portRef name="RN" instanceRef="cnt_lcd_reg[2]"/>
					<portRef name="RN" instanceRef="cnt_lcd_reg[3]"/>
					<portRef name="RN" instanceRef="cnt_lcd_reg[4]"/>
					<portRef name="RN" instanceRef="cnt_lcd_reg[5]"/>
					<portRef name="RN" instanceRef="cnt_lcd_reg[6]"/>
					<portRef name="RN" instanceRef="cnt_lcd_reg[7]"/>
					<portRef name="RN" instanceRef="lcd_db_reg[0]"/>
					<portRef name="RN" instanceRef="lcd_db_reg[6]"/>
					<portRef name="RN" instanceRef="lcd_db_reg[2]"/>
					<portRef name="RN" instanceRef="lcd_db_reg[3]"/>
					<portRef name="RN" instanceRef="lcd_db_reg[5]"/>
					<portRef name="RN" instanceRef="lcd_db_reg[4]"/>
					<portRef name="RN" instanceRef="lcd_db_reg[1]"/>
				</net>
				<net name="n177">
					<portRef name="Y" instanceRef="U189"/>
					<portRef name="D" instanceRef="cnt_lcd_reg[0]"/>
					<portRef name="A" instanceRef="U188"/>
				</net>
				<net name="n178">
					<portRef name="Y" instanceRef="U109"/>
					<portRef name="D" instanceRef="lcd_db_reg[2]"/>
				</net>
				<net name="n179">
					<portRef name="Y" instanceRef="U115"/>
					<portRef name="D" instanceRef="lcd_db_reg[0]"/>
				</net>
				<net name="cnt_lcd[7]">
					<portRef name="Q" instanceRef="cnt_lcd_reg[7]"/>
					<portRef name="A" instanceRef="U107"/>
					<portRef name="B" instanceRef="U181"/>
					<portRef name="B" instanceRef="U187"/>
				</net>
				<net name="cnt_lcd[6]">
					<portRef name="Q" instanceRef="cnt_lcd_reg[6]"/>
					<portRef name="A" instanceRef="U99"/>
					<portRef name="A" instanceRef="U106"/>
					<portRef name="B" instanceRef="U188"/>
				</net>
				<net name="cnt_lcd[5]">
					<portRef name="Q" instanceRef="cnt_lcd_reg[5]"/>
					<portRef name="A" instanceRef="U98"/>
					<portRef name="A" instanceRef="U105"/>
					<portRef name="A0N" instanceRef="U177"/>
					<portRef name="A" instanceRef="U203"/>
				</net>
				<net name="cnt_lcd[4]">
					<portRef name="Q" instanceRef="cnt_lcd_reg[4]"/>
					<portRef name="A" instanceRef="U97"/>
					<portRef name="A" instanceRef="U104"/>
					<portRef name="A0" instanceRef="U145"/>
					<portRef name="A" instanceRef="U147"/>
					<portRef name="B" instanceRef="U149"/>
					<portRef name="A" instanceRef="U157"/>
					<portRef name="B" instanceRef="U158"/>
					<portRef name="A0N" instanceRef="U168"/>
					<portRef name="A" instanceRef="U198"/>
				</net>
				<net name="cnt_lcd[3]">
					<portRef name="Q" instanceRef="cnt_lcd_reg[3]"/>
					<portRef name="A" instanceRef="U96"/>
					<portRef name="A" instanceRef="U103"/>
					<portRef name="A" instanceRef="U156"/>
					<portRef name="AN" instanceRef="U162"/>
					<portRef name="A" instanceRef="U178"/>
					<portRef name="A" instanceRef="U184"/>
					<portRef name="A" instanceRef="U196"/>
					<portRef name="AN" instanceRef="U197"/>
					<portRef name="A" instanceRef="U199"/>
				</net>
				<net name="cnt_lcd[2]">
					<portRef name="Q" instanceRef="cnt_lcd_reg[2]"/>
					<portRef name="A" instanceRef="U95"/>
					<portRef name="A" instanceRef="U102"/>
					<portRef name="A1" instanceRef="U111"/>
					<portRef name="A0" instanceRef="U124"/>
					<portRef name="A1" instanceRef="U135"/>
					<portRef name="A" instanceRef="U165"/>
					<portRef name="B" instanceRef="U180"/>
					<portRef name="B" instanceRef="U196"/>
					<portRef name="A" instanceRef="U202"/>
				</net>
				<net name="cnt_lcd[1]">
					<portRef name="Q" instanceRef="cnt_lcd_reg[1]"/>
					<portRef name="A" instanceRef="U94"/>
					<portRef name="A" instanceRef="U101"/>
					<portRef name="A1" instanceRef="U113"/>
					<portRef name="B" instanceRef="U156"/>
					<portRef name="A" instanceRef="U158"/>
					<portRef name="A" instanceRef="U167"/>
					<portRef name="B" instanceRef="U170"/>
					<portRef name="B" instanceRef="U179"/>
					<portRef name="C" instanceRef="U193"/>
					<portRef name="A" instanceRef="U201"/>
				</net>
				<net name="cnt_lcd[0]">
					<portRef name="Q" instanceRef="cnt_lcd_reg[0]"/>
					<portRef name="B" instanceRef="U94"/>
					<portRef name="B" instanceRef="U101"/>
					<portRef name="A" instanceRef="U189"/>
				</net>
				<net name="lcd_rs">
					<portRef name="LOGIC_1_PIN" instanceRef="U100"/>
					<portRef name="lcd_rs"/>
				</net>
				<net name="lcd_rw">
					<portRef name="LOGIC_0_PIN" instanceRef="U93"/>
					<portRef name="lcd_db[7]"/>
					<portRef name="lcd_rw"/>
				</net>
				<net name="lcd_rst">
					<portRef name="rst_n"/>
					<portRef name="lcd_rst"/>
					<portRef name="A" instanceRef="U108"/>
				</net>
			</contents>
		</module>
	</library>
	<topModule name="display" libraryRef="work_lib"/>
</design>

