<design name="display">
	<external name="cell_lib">
		<module name="IPAD" type="MACRO">
			<port name="PAD" direction="input"/>
		</module>
		<module name="LOGIC_0" type="MACRO">
			<property name="truthtable" value="|0"/>
			<port name="LOGIC_0_PIN" direction="output"/>
		</module>
		<module name="LOGIC_1" type="MACRO">
			<property name="truthtable" value="|1"/>
			<port name="LOGIC_1_PIN" direction="output"/>
		</module>
		<module name="LUT2" type="LUT">
			<port name="ADR0" direction="input"/>
			<port name="ADR1" direction="input"/>
			<port name="O" direction="output"/>
		</module>
		<module name="LUT3" type="LUT">
			<port name="ADR0" direction="input"/>
			<port name="ADR1" direction="input"/>
			<port name="ADR2" direction="input"/>
			<port name="O" direction="output"/>
		</module>
		<module name="LUT4" type="LUT">
			<port name="ADR0" direction="input"/>
			<port name="ADR1" direction="input"/>
			<port name="ADR2" direction="input"/>
			<port name="ADR3" direction="input"/>
			<port name="O" direction="output"/>
		</module>
		<module name="CLKBUF" type="COMB">
			<property name="truthtable" value="1"/>
			<port name="I" direction="input"/>
			<port name="O" direction="output"/>
		</module>
		<module name="IBUF" type="COMB">
			<property name="truthtable" value="1"/>
			<port name="I" direction="input"/>
			<port name="O" direction="output"/>
		</module>
		<module name="OBUF" type="COMB">
			<property name="truthtable" value="1"/>
			<port name="I" direction="input"/>
			<port name="O" direction="output"/>
		</module>
		<module name="DFFRHQ" type="FFLATCH">
			<property name="edge" value="rise"/>
			<port name="D" direction="input"/>
			<port name="CK" direction="input" type="clock"/>
			<port name="RN" direction="input" type="reset"/>
			<port name="Q" direction="output"/>
		</module>
		<module name="OPAD" type="MACRO">
			<port name="PAD" direction="output"/>
		</module>
	</external>
	<library name="work_lib">
		<module name="display">
			<port name="clk" direction="input"/>
			<port name="rst_n" direction="input"/>
			<port name="lcd_db" msb="7" lsb="0" direction="output"/>
			<port name="lcd_en" direction="output"/>
			<port name="lcd_rs" direction="output"/>
			<port name="lcd_rw" direction="output"/>
			<port name="lcd_rst" direction="output"/>
			<contents>
				<instance name="clk_ipad" moduleRef="IPAD" libraryRef="cell_lib"/>
				<instance name="rst_n_ipad" moduleRef="IPAD" libraryRef="cell_lib"/>
				<instance name="U93" moduleRef="LOGIC_0" libraryRef="cell_lib"/>
				<instance name="U100" moduleRef="LOGIC_1" libraryRef="cell_lib"/>
				<instance name="Lut-U188_0_0" moduleRef="LUT2" libraryRef="cell_lib">
					<property name="INIT" value="2"/>
				</instance>
				<instance name="Lut-U101_0" moduleRef="LUT2" libraryRef="cell_lib">
					<property name="INIT" value="9"/>
				</instance>
				<instance name="Lut-U102_0" moduleRef="LUT3" libraryRef="cell_lib">
					<property name="INIT" value="95"/>
				</instance>
				<instance name="Lut-U103_0" moduleRef="LUT4" libraryRef="cell_lib">
					<property name="INIT" value="9555"/>
				</instance>
				<instance name="Lut-U104_0" moduleRef="LUT2" libraryRef="cell_lib">
					<property name="INIT" value="9"/>
				</instance>
				<instance name="Lut-U105_0" moduleRef="LUT3" libraryRef="cell_lib">
					<property name="INIT" value="95"/>
				</instance>
				<instance name="Lut-U106_0" moduleRef="LUT4" libraryRef="cell_lib">
					<property name="INIT" value="9555"/>
				</instance>
				<instance name="Lut-U107_0" moduleRef="LUT2" libraryRef="cell_lib">
					<property name="INIT" value="9"/>
				</instance>
				<instance name="Lut-U116_0_2" moduleRef="LUT4" libraryRef="cell_lib">
					<property name="INIT" value="0002"/>
				</instance>
				<instance name="Lut-U139_0_2" moduleRef="LUT4" libraryRef="cell_lib">
					<property name="INIT" value="0080"/>
				</instance>
				<instance name="Lut-U110_0_2" moduleRef="LUT4" libraryRef="cell_lib">
					<property name="INIT" value="8000"/>
				</instance>
				<instance name="Lut-U171_1" moduleRef="LUT3" libraryRef="cell_lib">
					<property name="INIT" value="01"/>
				</instance>
				<instance name="Lut-U150_1" moduleRef="LUT4" libraryRef="cell_lib">
					<property name="INIT" value="0111"/>
				</instance>
				<instance name="Lut-U159_1" moduleRef="LUT4" libraryRef="cell_lib">
					<property name="INIT" value="AAA2"/>
				</instance>
				<instance name="Lut-U125_0" moduleRef="LUT4" libraryRef="cell_lib">
					<property name="INIT" value="002F"/>
				</instance>
				<instance name="Lut-U96_0_0" moduleRef="LUT4" libraryRef="cell_lib">
					<property name="INIT" value="8000"/>
				</instance>
				<instance name="Lut-U99_0_0" moduleRef="LUT4" libraryRef="cell_lib">
					<property name="INIT" value="8000"/>
				</instance>
				<instance name="Lut-U116_0_0" moduleRef="LUT4" libraryRef="cell_lib">
					<property name="INIT" value="00FD"/>
				</instance>
				<instance name="Lut-U148_0_1" moduleRef="LUT3" libraryRef="cell_lib">
					<property name="INIT" value="02"/>
				</instance>
				<instance name="Lut-U117_0_0" moduleRef="LUT4" libraryRef="cell_lib">
					<property name="INIT" value="EC00"/>
				</instance>
				<instance name="Lut-U118_1" moduleRef="LUT3" libraryRef="cell_lib">
					<property name="INIT" value="10"/>
				</instance>
				<instance name="Lut-U139_0_1" moduleRef="LUT4" libraryRef="cell_lib">
					<property name="INIT" value="AAA2"/>
				</instance>
				<instance name="Lut-U140_0" moduleRef="LUT4" libraryRef="cell_lib">
					<property name="INIT" value="00DF"/>
				</instance>
				<instance name="Lut-U142_0" moduleRef="LUT4" libraryRef="cell_lib">
					<property name="INIT" value="4555"/>
				</instance>
				<instance name="Lut-U143_1" moduleRef="LUT4" libraryRef="cell_lib">
					<property name="INIT" value="0008"/>
				</instance>
				<instance name="Lut-U114_0_0" moduleRef="LUT4" libraryRef="cell_lib">
					<property name="INIT" value="F75F"/>
				</instance>
				<instance name="Lut-U142_1" moduleRef="LUT4" libraryRef="cell_lib">
					<property name="INIT" value="0045"/>
				</instance>
				<instance name="Lut-U113_0" moduleRef="LUT4" libraryRef="cell_lib">
					<property name="INIT" value="5455"/>
				</instance>
				<instance name="Lut-U111_0" moduleRef="LUT4" libraryRef="cell_lib">
					<property name="INIT" value="4777"/>
				</instance>
				<instance name="Lut-U171_0_0" moduleRef="LUT4" libraryRef="cell_lib">
					<property name="INIT" value="EC00"/>
				</instance>
				<instance name="Lut-U182_0" moduleRef="LUT4" libraryRef="cell_lib">
					<property name="INIT" value="2000"/>
				</instance>
				<instance name="Lut-U172_2" moduleRef="LUT4" libraryRef="cell_lib">
					<property name="INIT" value="AE0C"/>
				</instance>
				<instance name="Lut-U150_0_0" moduleRef="LUT3" libraryRef="cell_lib">
					<property name="INIT" value="70"/>
				</instance>
				<instance name="Lut-U150_1_0" moduleRef="LUT3" libraryRef="cell_lib">
					<property name="INIT" value="02"/>
				</instance>
				<instance name="Lut-U151_0" moduleRef="LUT4" libraryRef="cell_lib">
					<property name="INIT" value="F3F7"/>
				</instance>
				<instance name="Lut-U181_0_0" moduleRef="LUT3" libraryRef="cell_lib">
					<property name="INIT" value="20"/>
				</instance>
				<instance name="Lut-U159_0" moduleRef="LUT4" libraryRef="cell_lib">
					<property name="INIT" value="0777"/>
				</instance>
				<instance name="Lut-U160_5" moduleRef="LUT4" libraryRef="cell_lib">
					<property name="INIT" value="0002"/>
				</instance>
				<instance name="Lut-U160_7_0" moduleRef="LUT3" libraryRef="cell_lib">
					<property name="INIT" value="B0"/>
				</instance>
				<instance name="Lut-U160_8_0" moduleRef="LUT2" libraryRef="cell_lib">
					<property name="INIT" value="3"/>
				</instance>
				<instance name="Lut-U133_0_1" moduleRef="LUT4" libraryRef="cell_lib">
					<property name="INIT" value="0051"/>
				</instance>
				<instance name="Lut-U193_0_1" moduleRef="LUT4" libraryRef="cell_lib">
					<property name="INIT" value="0001"/>
				</instance>
				<instance name="Lut-U187_0_0" moduleRef="LUT3" libraryRef="cell_lib">
					<property name="INIT" value="02"/>
				</instance>
				<instance name="Lut-U126_0" moduleRef="LUT4" libraryRef="cell_lib">
					<property name="INIT" value="DF00"/>
				</instance>
				<instance name="Lut-U124_4" moduleRef="LUT4" libraryRef="cell_lib">
					<property name="INIT" value="0002"/>
				</instance>
				<instance name="Lut-U124_6_1" moduleRef="LUT3" libraryRef="cell_lib">
					<property name="INIT" value="01"/>
				</instance>
				<instance name="Lut-U124_7_1" moduleRef="LUT4" libraryRef="cell_lib">
					<property name="INIT" value="0077"/>
				</instance>
				<instance name="Lut-U148_0_0" moduleRef="LUT4" libraryRef="cell_lib">
					<property name="INIT" value="2000"/>
				</instance>
				<instance name="Lut-U158_0" moduleRef="LUT2" libraryRef="cell_lib">
					<property name="INIT" value="8"/>
				</instance>
				<instance name="Lut-U122_0_1" moduleRef="LUT4" libraryRef="cell_lib">
					<property name="INIT" value="0800"/>
				</instance>
				<instance name="Lut-U185_0_0" moduleRef="LUT4" libraryRef="cell_lib">
					<property name="INIT" value="0200"/>
				</instance>
				<instance name="Lut-U118_0_0" moduleRef="LUT4" libraryRef="cell_lib">
					<property name="INIT" value="EF67"/>
				</instance>
				<instance name="Lut-U139_0_0" moduleRef="LUT4" libraryRef="cell_lib">
					<property name="INIT" value="0777"/>
				</instance>
				<instance name="Lut-U146_1" moduleRef="LUT4" libraryRef="cell_lib">
					<property name="INIT" value="CCCD"/>
				</instance>
				<instance name="Lut-U146_3_1" moduleRef="LUT4" libraryRef="cell_lib">
					<property name="INIT" value="8888"/>
				</instance>
				<instance name="Lut-U140_1_0" moduleRef="LUT4" libraryRef="cell_lib">
					<property name="INIT" value="0800"/>
				</instance>
				<instance name="Lut-U142_0_0" moduleRef="LUT4" libraryRef="cell_lib">
					<property name="INIT" value="EC00"/>
				</instance>
				<instance name="Lut-U144_0_0" moduleRef="LUT4" libraryRef="cell_lib">
					<property name="INIT" value="B3BF"/>
				</instance>
				<instance name="Lut-U143_0" moduleRef="LUT4" libraryRef="cell_lib">
					<property name="INIT" value="0008"/>
				</instance>
				<instance name="Lut-U180_0_0" moduleRef="LUT4" libraryRef="cell_lib">
					<property name="INIT" value="0020"/>
				</instance>
				<instance name="Lut-U200_0_0" moduleRef="LUT2" libraryRef="cell_lib">
					<property name="INIT" value="8"/>
				</instance>
				<instance name="Lut-U113_0_1" moduleRef="LUT2" libraryRef="cell_lib">
					<property name="INIT" value="8"/>
				</instance>
				<instance name="Lut-U111_0_0" moduleRef="LUT4" libraryRef="cell_lib">
					<property name="INIT" value="0040"/>
				</instance>
				<instance name="Lut-U192_0" moduleRef="LUT4" libraryRef="cell_lib">
					<property name="INIT" value="F5F4"/>
				</instance>
				<instance name="Lut-U199_0" moduleRef="LUT3" libraryRef="cell_lib">
					<property name="INIT" value="80"/>
				</instance>
				<instance name="Lut-U174_0" moduleRef="LUT3" libraryRef="cell_lib">
					<property name="INIT" value="EC"/>
				</instance>
				<instance name="Lut-U179_0_1" moduleRef="LUT3" libraryRef="cell_lib">
					<property name="INIT" value="20"/>
				</instance>
				<instance name="Lut-U157_0" moduleRef="LUT3" libraryRef="cell_lib">
					<property name="INIT" value="64"/>
				</instance>
				<instance name="Lut-U156_0" moduleRef="LUT3" libraryRef="cell_lib">
					<property name="INIT" value="47"/>
				</instance>
				<instance name="Lut-U168_0" moduleRef="LUT4" libraryRef="cell_lib">
					<property name="INIT" value="040C"/>
				</instance>
				<instance name="Lut-U152_0" moduleRef="LUT4" libraryRef="cell_lib">
					<property name="INIT" value="777F"/>
				</instance>
				<instance name="Lut-U176_0" moduleRef="LUT3" libraryRef="cell_lib">
					<property name="INIT" value="81"/>
				</instance>
				<instance name="Lut-U170_0_0" moduleRef="LUT4" libraryRef="cell_lib">
					<property name="INIT" value="0040"/>
				</instance>
				<instance name="Lut-U165_0_1" moduleRef="LUT4" libraryRef="cell_lib">
					<property name="INIT" value="0400"/>
				</instance>
				<instance name="Lut-U160_2" moduleRef="LUT4" libraryRef="cell_lib">
					<property name="INIT" value="0001"/>
				</instance>
				<instance name="Lut-U160_4_0" moduleRef="LUT4" libraryRef="cell_lib">
					<property name="INIT" value="FD00"/>
				</instance>
				<instance name="Lut-U160_5_0" moduleRef="LUT3" libraryRef="cell_lib">
					<property name="INIT" value="15"/>
				</instance>
				<instance name="Lut-U160_6_0" moduleRef="LUT4" libraryRef="cell_lib">
					<property name="INIT" value="0015"/>
				</instance>
				<instance name="Lut-U135_1" moduleRef="LUT4" libraryRef="cell_lib">
					<property name="INIT" value="3337"/>
				</instance>
				<instance name="Lut-U135_3_1" moduleRef="LUT4" libraryRef="cell_lib">
					<property name="INIT" value="202A"/>
				</instance>
				<instance name="Lut-U134_0_1" moduleRef="LUT3" libraryRef="cell_lib">
					<property name="INIT" value="40"/>
				</instance>
				<instance name="Lut-U131_1" moduleRef="LUT4" libraryRef="cell_lib">
					<property name="INIT" value="00E7"/>
				</instance>
				<instance name="Lut-U127_0" moduleRef="LUT3" libraryRef="cell_lib">
					<property name="INIT" value="74"/>
				</instance>
				<instance name="Lut-U124_1" moduleRef="LUT4" libraryRef="cell_lib">
					<property name="INIT" value="0C0D"/>
				</instance>
				<instance name="Lut-U124_3_1" moduleRef="LUT4" libraryRef="cell_lib">
					<property name="INIT" value="0055"/>
				</instance>
				<instance name="Lut-U124_4_1" moduleRef="LUT4" libraryRef="cell_lib">
					<property name="INIT" value="00CF"/>
				</instance>
				<instance name="Lut-U124_5_1" moduleRef="LUT4" libraryRef="cell_lib">
					<property name="INIT" value="00DD"/>
				</instance>
				<instance name="Lut-U149_0_1" moduleRef="LUT3" libraryRef="cell_lib">
					<property name="INIT" value="20"/>
				</instance>
				<instance name="Lut-U147_0_1" moduleRef="LUT4" libraryRef="cell_lib">
					<property name="INIT" value="0008"/>
				</instance>
				<instance name="Lut-U149_0_0" moduleRef="LUT4" libraryRef="cell_lib">
					<property name="INIT" value="0020"/>
				</instance>
				<instance name="Lut-U167_0_0" moduleRef="LUT2" libraryRef="cell_lib">
					<property name="INIT" value="4"/>
				</instance>
				<instance name="Lut-U147_0_0" moduleRef="LUT2" libraryRef="cell_lib">
					<property name="INIT" value="4"/>
				</instance>
				<instance name="Lut-U183_0_1" moduleRef="LUT3" libraryRef="cell_lib">
					<property name="INIT" value="40"/>
				</instance>
				<instance name="Lut-U146_0_0" moduleRef="LUT4" libraryRef="cell_lib">
					<property name="INIT" value="FDDF"/>
				</instance>
				<instance name="Lut-U146_1_0" moduleRef="LUT3" libraryRef="cell_lib">
					<property name="INIT" value="40"/>
				</instance>
				<instance name="Lut-U146_2_0" moduleRef="LUT2" libraryRef="cell_lib">
					<property name="INIT" value="2"/>
				</instance>
				<instance name="Lut-U177_0" moduleRef="LUT3" libraryRef="cell_lib">
					<property name="INIT" value="24"/>
				</instance>
				<instance name="Lut-U194_0_0" moduleRef="LUT3" libraryRef="cell_lib">
					<property name="INIT" value="01"/>
				</instance>
				<instance name="Lut-U113_0_0" moduleRef="LUT4" libraryRef="cell_lib">
					<property name="INIT" value="0024"/>
				</instance>
				<instance name="Lut-U196_0_0" moduleRef="LUT2" libraryRef="cell_lib">
					<property name="INIT" value="1"/>
				</instance>
				<instance name="Lut-U197_0_1" moduleRef="LUT3" libraryRef="cell_lib">
					<property name="INIT" value="80"/>
				</instance>
				<instance name="Lut-U160_0_0" moduleRef="LUT4" libraryRef="cell_lib">
					<property name="INIT" value="0015"/>
				</instance>
				<instance name="Lut-U160_1_0" moduleRef="LUT3" libraryRef="cell_lib">
					<property name="INIT" value="8C"/>
				</instance>
				<instance name="Lut-U160_2_0" moduleRef="LUT3" libraryRef="cell_lib">
					<property name="INIT" value="15"/>
				</instance>
				<instance name="Lut-U160_3_0" moduleRef="LUT4" libraryRef="cell_lib">
					<property name="INIT" value="D5D5"/>
				</instance>
				<instance name="Lut-U163_0_0" moduleRef="LUT2" libraryRef="cell_lib">
					<property name="INIT" value="4"/>
				</instance>
				<instance name="Lut-U178_0" moduleRef="LUT2" libraryRef="cell_lib">
					<property name="INIT" value="2"/>
				</instance>
				<instance name="Lut-U162_0" moduleRef="LUT4" libraryRef="cell_lib">
					<property name="INIT" value="0400"/>
				</instance>
				<instance name="Lut-U135_0_0" moduleRef="LUT4" libraryRef="cell_lib">
					<property name="INIT" value="5554"/>
				</instance>
				<instance name="Lut-U136_0" moduleRef="LUT3" libraryRef="cell_lib">
					<property name="INIT" value="47"/>
				</instance>
				<instance name="Lut-U135_1_0" moduleRef="LUT4" libraryRef="cell_lib">
					<property name="INIT" value="F000"/>
				</instance>
				<instance name="Lut-U135_2_0" moduleRef="LUT3" libraryRef="cell_lib">
					<property name="INIT" value="54"/>
				</instance>
				<instance name="Lut-U135_3_0" moduleRef="LUT3" libraryRef="cell_lib">
					<property name="INIT" value="40"/>
				</instance>
				<instance name="Lut-U137_0_0" moduleRef="LUT3" libraryRef="cell_lib">
					<property name="INIT" value="80"/>
				</instance>
				<instance name="Lut-U130_0_0" moduleRef="LUT3" libraryRef="cell_lib">
					<property name="INIT" value="10"/>
				</instance>
				<instance name="Lut-U128_0" moduleRef="LUT4" libraryRef="cell_lib">
					<property name="INIT" value="BF0F"/>
				</instance>
				<instance name="Lut-U124_0_0" moduleRef="LUT3" libraryRef="cell_lib">
					<property name="INIT" value="45"/>
				</instance>
				<instance name="Lut-U124_1_1" moduleRef="LUT4" libraryRef="cell_lib">
					<property name="INIT" value="AAA2"/>
				</instance>
				<instance name="Lut-U124_2_0" moduleRef="LUT4" libraryRef="cell_lib">
					<property name="INIT" value="4555"/>
				</instance>
				<instance name="Lut-U124_1_0" moduleRef="LUT3" libraryRef="cell_lib">
					<property name="INIT" value="45"/>
				</instance>
				<instance name="Q_cnt_lcd_reg[0]InvLut" moduleRef="LUT2" libraryRef="cell_lib">
					<property name="INIT" value="5"/>
				</instance>
				<instance name="rst_nInvLut" moduleRef="LUT2" libraryRef="cell_lib">
					<property name="INIT" value="5"/>
				</instance>
				<instance name="Lut-U101_0InvLut" moduleRef="LUT2" libraryRef="cell_lib">
					<property name="INIT" value="5"/>
				</instance>
				<instance name="Lut-U102_0InvLut" moduleRef="LUT2" libraryRef="cell_lib">
					<property name="INIT" value="5"/>
				</instance>
				<instance name="Lut-U103_0InvLut" moduleRef="LUT2" libraryRef="cell_lib">
					<property name="INIT" value="5"/>
				</instance>
				<instance name="Lut-U104_0InvLut" moduleRef="LUT2" libraryRef="cell_lib">
					<property name="INIT" value="5"/>
				</instance>
				<instance name="Lut-U105_0InvLut" moduleRef="LUT2" libraryRef="cell_lib">
					<property name="INIT" value="5"/>
				</instance>
				<instance name="Lut-U106_0InvLut" moduleRef="LUT2" libraryRef="cell_lib">
					<property name="INIT" value="5"/>
				</instance>
				<instance name="Lut-U107_0InvLut" moduleRef="LUT2" libraryRef="cell_lib">
					<property name="INIT" value="5"/>
				</instance>
				<instance name="Lut-U116_0_2InvLut" moduleRef="LUT2" libraryRef="cell_lib">
					<property name="INIT" value="5"/>
				</instance>
				<instance name="Lut-U139_0_2InvLut" moduleRef="LUT2" libraryRef="cell_lib">
					<property name="INIT" value="5"/>
				</instance>
				<instance name="Lut-U110_0_2InvLut" moduleRef="LUT2" libraryRef="cell_lib">
					<property name="INIT" value="5"/>
				</instance>
				<instance name="Lut-U171_1InvLut" moduleRef="LUT2" libraryRef="cell_lib">
					<property name="INIT" value="5"/>
				</instance>
				<instance name="Lut-U150_1InvLut" moduleRef="LUT2" libraryRef="cell_lib">
					<property name="INIT" value="5"/>
				</instance>
				<instance name="Lut-U159_1InvLut" moduleRef="LUT2" libraryRef="cell_lib">
					<property name="INIT" value="5"/>
				</instance>
				<instance name="Lut-U125_0InvLut" moduleRef="LUT2" libraryRef="cell_lib">
					<property name="INIT" value="5"/>
				</instance>
				<instance name="Buf-pad-clk" moduleRef="CLKBUF" libraryRef="cell_lib"/>
				<instance name="IBuf-clkpad-clk" moduleRef="CLKBUF" libraryRef="cell_lib"/>
				<instance name="Buf-pad-rst_n" moduleRef="IBUF" libraryRef="cell_lib"/>
				<instance name="Buf-pad-lcd_db[7]" moduleRef="OBUF" libraryRef="cell_lib"/>
				<instance name="Buf-pad-lcd_db[6]" moduleRef="OBUF" libraryRef="cell_lib"/>
				<instance name="Buf-pad-lcd_db[5]" moduleRef="OBUF" libraryRef="cell_lib"/>
				<instance name="Buf-pad-lcd_db[4]" moduleRef="OBUF" libraryRef="cell_lib"/>
				<instance name="Buf-pad-lcd_db[3]" moduleRef="OBUF" libraryRef="cell_lib"/>
				<instance name="Buf-pad-lcd_db[2]" moduleRef="OBUF" libraryRef="cell_lib"/>
				<instance name="Buf-pad-lcd_db[1]" moduleRef="OBUF" libraryRef="cell_lib"/>
				<instance name="Buf-pad-lcd_db[0]" moduleRef="OBUF" libraryRef="cell_lib"/>
				<instance name="Buf-pad-lcd_en" moduleRef="OBUF" libraryRef="cell_lib"/>
				<instance name="Buf-pad-lcd_rs" moduleRef="OBUF" libraryRef="cell_lib"/>
				<instance name="Buf-pad-lcd_rw" moduleRef="OBUF" libraryRef="cell_lib"/>
				<instance name="Buf-pad-lcd_rst" moduleRef="OBUF" libraryRef="cell_lib"/>
				<instance name="cnt_lcd_reg[0]" moduleRef="DFFRHQ" libraryRef="cell_lib"/>
				<instance name="cnt_lcd_reg[1]" moduleRef="DFFRHQ" libraryRef="cell_lib"/>
				<instance name="cnt_lcd_reg[2]" moduleRef="DFFRHQ" libraryRef="cell_lib"/>
				<instance name="cnt_lcd_reg[3]" moduleRef="DFFRHQ" libraryRef="cell_lib"/>
				<instance name="cnt_lcd_reg[4]" moduleRef="DFFRHQ" libraryRef="cell_lib"/>
				<instance name="cnt_lcd_reg[5]" moduleRef="DFFRHQ" libraryRef="cell_lib"/>
				<instance name="cnt_lcd_reg[6]" moduleRef="DFFRHQ" libraryRef="cell_lib"/>
				<instance name="cnt_lcd_reg[7]" moduleRef="DFFRHQ" libraryRef="cell_lib"/>
				<instance name="lcd_db_reg[0]" moduleRef="DFFRHQ" libraryRef="cell_lib"/>
				<instance name="lcd_db_reg[6]" moduleRef="DFFRHQ" libraryRef="cell_lib"/>
				<instance name="lcd_db_reg[2]" moduleRef="DFFRHQ" libraryRef="cell_lib"/>
				<instance name="lcd_db_reg[3]" moduleRef="DFFRHQ" libraryRef="cell_lib"/>
				<instance name="lcd_db_reg[5]" moduleRef="DFFRHQ" libraryRef="cell_lib"/>
				<instance name="lcd_db_reg[4]" moduleRef="DFFRHQ" libraryRef="cell_lib"/>
				<instance name="lcd_db_reg[1]" moduleRef="DFFRHQ" libraryRef="cell_lib"/>
				<instance name="lcd_db[7]_opad" moduleRef="OPAD" libraryRef="cell_lib"/>
				<instance name="lcd_db[6]_opad" moduleRef="OPAD" libraryRef="cell_lib"/>
				<instance name="lcd_db[5]_opad" moduleRef="OPAD" libraryRef="cell_lib"/>
				<instance name="lcd_db[4]_opad" moduleRef="OPAD" libraryRef="cell_lib"/>
				<instance name="lcd_db[3]_opad" moduleRef="OPAD" libraryRef="cell_lib"/>
				<instance name="lcd_db[2]_opad" moduleRef="OPAD" libraryRef="cell_lib"/>
				<instance name="lcd_db[1]_opad" moduleRef="OPAD" libraryRef="cell_lib"/>
				<instance name="lcd_db[0]_opad" moduleRef="OPAD" libraryRef="cell_lib"/>
				<instance name="lcd_en_opad" moduleRef="OPAD" libraryRef="cell_lib"/>
				<instance name="lcd_rs_opad" moduleRef="OPAD" libraryRef="cell_lib"/>
				<instance name="lcd_rw_opad" moduleRef="OPAD" libraryRef="cell_lib"/>
				<instance name="lcd_rst_opad" moduleRef="OPAD" libraryRef="cell_lib"/>
				<net name="clk">
					<portRef name="clk"/>
					<portRef name="PAD" instanceRef="clk_ipad"/>
					<portRef name="I" instanceRef="Buf-pad-clk"/>
				</net>
				<net name="rst_n">
					<portRef name="rst_n"/>
					<portRef name="PAD" instanceRef="rst_n_ipad"/>
					<portRef name="I" instanceRef="Buf-pad-rst_n"/>
				</net>
				<net name="net_cnt_lcd_reg[0]">
					<portRef name="Q" instanceRef="cnt_lcd_reg[0]"/>
					<portRef name="ADR0" instanceRef="Lut-U188_0_0"/>
					<portRef name="ADR1" instanceRef="Lut-U101_0"/>
					<portRef name="ADR2" instanceRef="Lut-U102_0"/>
					<portRef name="ADR3" instanceRef="Lut-U103_0"/>
					<portRef name="ADR3" instanceRef="Lut-U96_0_0"/>
					<portRef name="ADR1" instanceRef="Lut-U143_1"/>
					<portRef name="ADR0" instanceRef="Lut-U181_0_0"/>
					<portRef name="ADR0" instanceRef="Lut-U187_0_0"/>
					<portRef name="ADR0" instanceRef="Lut-U148_0_0"/>
					<portRef name="ADR0" instanceRef="Lut-U185_0_0"/>
					<portRef name="ADR1" instanceRef="Lut-U140_1_0"/>
					<portRef name="ADR0" instanceRef="Lut-U180_0_0"/>
					<portRef name="ADR1" instanceRef="Lut-U168_0"/>
					<portRef name="ADR0" instanceRef="Lut-U160_4_0"/>
					<portRef name="ADR1" instanceRef="Lut-U147_0_1"/>
					<portRef name="ADR0" instanceRef="Lut-U149_0_0"/>
					<portRef name="ADR0" instanceRef="Lut-U146_0_0"/>
					<portRef name="ADR1" instanceRef="Lut-U162_0"/>
					<portRef name="ADR1" instanceRef="Lut-U124_1_1"/>
					<portRef name="ADR0" instanceRef="Q_cnt_lcd_reg[0]InvLut"/>
				</net>
				<net name="net_cnt_lcd_reg[6]">
					<portRef name="Q" instanceRef="cnt_lcd_reg[6]"/>
					<portRef name="ADR1" instanceRef="Lut-U188_0_0"/>
					<portRef name="ADR0" instanceRef="Lut-U106_0"/>
					<portRef name="ADR0" instanceRef="Lut-U99_0_0"/>
					<portRef name="ADR2" instanceRef="Lut-U143_1"/>
					<portRef name="ADR1" instanceRef="Lut-U181_0_0"/>
					<portRef name="ADR1" instanceRef="Lut-U187_0_0"/>
					<portRef name="ADR1" instanceRef="Lut-U148_0_0"/>
					<portRef name="ADR1" instanceRef="Lut-U185_0_0"/>
					<portRef name="ADR2" instanceRef="Lut-U140_1_0"/>
					<portRef name="ADR1" instanceRef="Lut-U180_0_0"/>
					<portRef name="ADR2" instanceRef="Lut-U168_0"/>
					<portRef name="ADR1" instanceRef="Lut-U160_4_0"/>
					<portRef name="ADR2" instanceRef="Lut-U147_0_1"/>
					<portRef name="ADR1" instanceRef="Lut-U149_0_0"/>
					<portRef name="ADR1" instanceRef="Lut-U146_0_0"/>
					<portRef name="ADR2" instanceRef="Lut-U162_0"/>
					<portRef name="ADR2" instanceRef="Lut-U124_1_1"/>
				</net>
				<net name="net_cnt_lcd_reg[1]">
					<portRef name="Q" instanceRef="cnt_lcd_reg[1]"/>
					<portRef name="ADR0" instanceRef="Lut-U101_0"/>
					<portRef name="ADR1" instanceRef="Lut-U102_0"/>
					<portRef name="ADR2" instanceRef="Lut-U103_0"/>
					<portRef name="ADR2" instanceRef="Lut-U96_0_0"/>
					<portRef name="ADR3" instanceRef="Lut-U142_0"/>
					<portRef name="ADR3" instanceRef="Lut-U114_0_0"/>
					<portRef name="ADR1" instanceRef="Lut-U150_1_0"/>
					<portRef name="ADR1" instanceRef="Lut-U160_7_0"/>
					<portRef name="ADR1" instanceRef="Lut-U160_8_0"/>
					<portRef name="ADR3" instanceRef="Lut-U193_0_1"/>
					<portRef name="ADR0" instanceRef="Lut-U158_0"/>
					<portRef name="ADR3" instanceRef="Lut-U122_0_1"/>
					<portRef name="ADR1" instanceRef="Lut-U118_0_0"/>
					<portRef name="ADR1" instanceRef="Lut-U146_3_1"/>
					<portRef name="ADR0" instanceRef="Lut-U143_0"/>
					<portRef name="ADR1" instanceRef="Lut-U200_0_0"/>
					<portRef name="ADR2" instanceRef="Lut-U199_0"/>
					<portRef name="ADR0" instanceRef="Lut-U174_0"/>
					<portRef name="ADR1" instanceRef="Lut-U179_0_1"/>
					<portRef name="ADR2" instanceRef="Lut-U157_0"/>
					<portRef name="ADR2" instanceRef="Lut-U156_0"/>
					<portRef name="ADR1" instanceRef="Lut-U152_0"/>
					<portRef name="ADR3" instanceRef="Lut-U170_0_0"/>
					<portRef name="ADR2" instanceRef="Lut-U165_0_1"/>
					<portRef name="ADR2" instanceRef="Lut-U160_5_0"/>
					<portRef name="ADR1" instanceRef="Lut-U124_4_1"/>
					<portRef name="ADR1" instanceRef="Lut-U149_0_1"/>
					<portRef name="ADR0" instanceRef="Lut-U167_0_0"/>
					<portRef name="ADR1" instanceRef="Lut-U146_1_0"/>
					<portRef name="ADR3" instanceRef="Lut-U113_0_0"/>
					<portRef name="ADR2" instanceRef="Lut-U160_2_0"/>
					<portRef name="ADR1" instanceRef="Lut-U163_0_0"/>
					<portRef name="ADR3" instanceRef="Lut-U135_1_0"/>
					<portRef name="ADR1" instanceRef="Lut-U135_3_0"/>
					<portRef name="ADR1" instanceRef="Lut-U137_0_0"/>
					<portRef name="ADR1" instanceRef="Lut-U130_0_0"/>
					<portRef name="ADR2" instanceRef="Lut-U128_0"/>
					<portRef name="ADR1" instanceRef="Lut-U124_0_0"/>
					<portRef name="ADR1" instanceRef="Lut-U124_1_0"/>
				</net>
				<net name="net_cnt_lcd_reg[2]">
					<portRef name="Q" instanceRef="cnt_lcd_reg[2]"/>
					<portRef name="ADR0" instanceRef="Lut-U102_0"/>
					<portRef name="ADR1" instanceRef="Lut-U103_0"/>
					<portRef name="ADR1" instanceRef="Lut-U96_0_0"/>
					<portRef name="ADR2" instanceRef="Lut-U148_0_1"/>
					<portRef name="ADR3" instanceRef="Lut-U139_0_1"/>
					<portRef name="ADR2" instanceRef="Lut-U142_0"/>
					<portRef name="ADR0" instanceRef="Lut-U160_7_0"/>
					<portRef name="ADR0" instanceRef="Lut-U160_8_0"/>
					<portRef name="ADR2" instanceRef="Lut-U193_0_1"/>
					<portRef name="ADR3" instanceRef="Lut-U185_0_0"/>
					<portRef name="ADR0" instanceRef="Lut-U118_0_0"/>
					<portRef name="ADR3" instanceRef="Lut-U143_0"/>
					<portRef name="ADR3" instanceRef="Lut-U180_0_0"/>
					<portRef name="ADR0" instanceRef="Lut-U200_0_0"/>
					<portRef name="ADR3" instanceRef="Lut-U111_0_0"/>
					<portRef name="ADR1" instanceRef="Lut-U199_0"/>
					<portRef name="ADR1" instanceRef="Lut-U157_0"/>
					<portRef name="ADR3" instanceRef="Lut-U152_0"/>
					<portRef name="ADR2" instanceRef="Lut-U176_0"/>
					<portRef name="ADR0" instanceRef="Lut-U165_0_1"/>
					<portRef name="ADR1" instanceRef="Lut-U160_5_0"/>
					<portRef name="ADR1" instanceRef="Lut-U134_0_1"/>
					<portRef name="ADR1" instanceRef="Lut-U131_1"/>
					<portRef name="ADR0" instanceRef="Lut-U124_3_1"/>
					<portRef name="ADR3" instanceRef="Lut-U146_0_0"/>
					<portRef name="ADR2" instanceRef="Lut-U194_0_0"/>
					<portRef name="ADR1" instanceRef="Lut-U196_0_0"/>
					<portRef name="ADR2" instanceRef="Lut-U197_0_1"/>
					<portRef name="ADR1" instanceRef="Lut-U160_2_0"/>
					<portRef name="ADR0" instanceRef="Lut-U163_0_0"/>
					<portRef name="ADR3" instanceRef="Lut-U135_0_0"/>
					<portRef name="ADR0" instanceRef="Lut-U135_2_0"/>
					<portRef name="ADR0" instanceRef="Lut-U135_3_0"/>
					<portRef name="ADR0" instanceRef="Lut-U137_0_0"/>
					<portRef name="ADR0" instanceRef="Lut-U128_0"/>
					<portRef name="ADR0" instanceRef="Lut-U124_0_0"/>
					<portRef name="ADR0" instanceRef="Lut-U124_2_0"/>
					<portRef name="ADR0" instanceRef="Lut-U124_1_0"/>
				</net>
				<net name="net_cnt_lcd_reg[3]">
					<portRef name="Q" instanceRef="cnt_lcd_reg[3]"/>
					<portRef name="ADR0" instanceRef="Lut-U103_0"/>
					<portRef name="ADR0" instanceRef="Lut-U96_0_0"/>
					<portRef name="ADR1" instanceRef="Lut-U148_0_1"/>
					<portRef name="ADR2" instanceRef="Lut-U139_0_1"/>
					<portRef name="ADR2" instanceRef="Lut-U140_0"/>
					<portRef name="ADR1" instanceRef="Lut-U114_0_0"/>
					<portRef name="ADR1" instanceRef="Lut-U111_0"/>
					<portRef name="ADR1" instanceRef="Lut-U182_0"/>
					<portRef name="ADR2" instanceRef="Lut-U150_1_0"/>
					<portRef name="ADR1" instanceRef="Lut-U193_0_1"/>
					<portRef name="ADR1" instanceRef="Lut-U122_0_1"/>
					<portRef name="ADR2" instanceRef="Lut-U118_0_0"/>
					<portRef name="ADR0" instanceRef="Lut-U144_0_0"/>
					<portRef name="ADR2" instanceRef="Lut-U143_0"/>
					<portRef name="ADR0" instanceRef="Lut-U199_0"/>
					<portRef name="ADR0" instanceRef="Lut-U156_0"/>
					<portRef name="ADR0" instanceRef="Lut-U152_0"/>
					<portRef name="ADR1" instanceRef="Lut-U176_0"/>
					<portRef name="ADR0" instanceRef="Lut-U170_0_0"/>
					<portRef name="ADR3" instanceRef="Lut-U165_0_1"/>
					<portRef name="ADR2" instanceRef="Lut-U134_0_1"/>
					<portRef name="ADR0" instanceRef="Lut-U131_1"/>
					<portRef name="ADR2" instanceRef="Lut-U124_4_1"/>
					<portRef name="ADR2" instanceRef="Lut-U149_0_1"/>
					<portRef name="ADR1" instanceRef="Lut-U167_0_0"/>
					<portRef name="ADR0" instanceRef="Lut-U183_0_1"/>
					<portRef name="ADR1" instanceRef="Lut-U177_0"/>
					<portRef name="ADR1" instanceRef="Lut-U194_0_0"/>
					<portRef name="ADR1" instanceRef="Lut-U113_0_0"/>
					<portRef name="ADR0" instanceRef="Lut-U196_0_0"/>
					<portRef name="ADR0" instanceRef="Lut-U197_0_1"/>
					<portRef name="ADR0" instanceRef="Lut-U160_1_0"/>
					<portRef name="ADR2" instanceRef="Lut-U160_3_0"/>
					<portRef name="ADR0" instanceRef="Lut-U178_0"/>
					<portRef name="ADR0" instanceRef="Lut-U162_0"/>
					<portRef name="ADR2" instanceRef="Lut-U135_0_0"/>
					<portRef name="ADR0" instanceRef="Lut-U135_1_0"/>
					<portRef name="ADR2" instanceRef="Lut-U135_2_0"/>
					<portRef name="ADR2" instanceRef="Lut-U130_0_0"/>
					<portRef name="ADR3" instanceRef="Lut-U128_0"/>
					<portRef name="ADR2" instanceRef="Lut-U124_0_0"/>
					<portRef name="ADR2" instanceRef="Lut-U124_1_0"/>
				</net>
				<net name="net_cnt_lcd_reg[4]">
					<portRef name="Q" instanceRef="cnt_lcd_reg[4]"/>
					<portRef name="ADR0" instanceRef="Lut-U104_0"/>
					<portRef name="ADR1" instanceRef="Lut-U105_0"/>
					<portRef name="ADR2" instanceRef="Lut-U106_0"/>
					<portRef name="ADR2" instanceRef="Lut-U99_0_0"/>
					<portRef name="ADR2" instanceRef="Lut-U114_0_0"/>
					<portRef name="ADR3" instanceRef="Lut-U182_0"/>
					<portRef name="ADR0" instanceRef="Lut-U193_0_1"/>
					<portRef name="ADR3" instanceRef="Lut-U148_0_0"/>
					<portRef name="ADR1" instanceRef="Lut-U158_0"/>
					<portRef name="ADR2" instanceRef="Lut-U122_0_1"/>
					<portRef name="ADR3" instanceRef="Lut-U118_0_0"/>
					<portRef name="ADR0" instanceRef="Lut-U146_3_1"/>
					<portRef name="ADR0" instanceRef="Lut-U142_0_0"/>
					<portRef name="ADR1" instanceRef="Lut-U143_0"/>
					<portRef name="ADR0" instanceRef="Lut-U111_0_0"/>
					<portRef name="ADR2" instanceRef="Lut-U179_0_1"/>
					<portRef name="ADR0" instanceRef="Lut-U157_0"/>
					<portRef name="ADR0" instanceRef="Lut-U168_0"/>
					<portRef name="ADR2" instanceRef="Lut-U152_0"/>
					<portRef name="ADR0" instanceRef="Lut-U176_0"/>
					<portRef name="ADR2" instanceRef="Lut-U170_0_0"/>
					<portRef name="ADR2" instanceRef="Lut-U135_3_1"/>
					<portRef name="ADR1" instanceRef="Lut-U127_0"/>
					<portRef name="ADR1" instanceRef="Lut-U124_3_1"/>
					<portRef name="ADR2" instanceRef="Lut-U124_5_1"/>
					<portRef name="ADR3" instanceRef="Lut-U149_0_0"/>
					<portRef name="ADR0" instanceRef="Lut-U147_0_0"/>
					<portRef name="ADR2" instanceRef="Lut-U183_0_1"/>
					<portRef name="ADR2" instanceRef="Lut-U146_1_0"/>
					<portRef name="ADR0" instanceRef="Lut-U146_2_0"/>
					<portRef name="ADR2" instanceRef="Lut-U177_0"/>
					<portRef name="ADR2" instanceRef="Lut-U113_0_0"/>
					<portRef name="ADR1" instanceRef="Lut-U197_0_1"/>
					<portRef name="ADR2" instanceRef="Lut-U160_1_0"/>
					<portRef name="ADR3" instanceRef="Lut-U160_3_0"/>
					<portRef name="ADR1" instanceRef="Lut-U178_0"/>
					<portRef name="ADR1" instanceRef="Lut-U136_0"/>
					<portRef name="ADR2" instanceRef="Lut-U135_1_0"/>
					<portRef name="ADR2" instanceRef="Lut-U135_3_0"/>
					<portRef name="ADR1" instanceRef="Lut-U124_2_0"/>
				</net>
				<net name="net_Lut-U96_0_0">
					<portRef name="O" instanceRef="Lut-U96_0_0"/>
					<portRef name="ADR1" instanceRef="Lut-U104_0"/>
					<portRef name="ADR2" instanceRef="Lut-U105_0"/>
					<portRef name="ADR3" instanceRef="Lut-U106_0"/>
					<portRef name="ADR3" instanceRef="Lut-U99_0_0"/>
				</net>
				<net name="net_cnt_lcd_reg[5]">
					<portRef name="Q" instanceRef="cnt_lcd_reg[5]"/>
					<portRef name="ADR0" instanceRef="Lut-U105_0"/>
					<portRef name="ADR1" instanceRef="Lut-U106_0"/>
					<portRef name="ADR1" instanceRef="Lut-U99_0_0"/>
					<portRef name="ADR3" instanceRef="Lut-U117_0_0"/>
					<portRef name="ADR1" instanceRef="Lut-U118_1"/>
					<portRef name="ADR2" instanceRef="Lut-U113_0"/>
					<portRef name="ADR0" instanceRef="Lut-U171_0_0"/>
					<portRef name="ADR2" instanceRef="Lut-U182_0"/>
					<portRef name="ADR2" instanceRef="Lut-U172_2"/>
					<portRef name="ADR3" instanceRef="Lut-U151_0"/>
					<portRef name="ADR2" instanceRef="Lut-U160_7_0"/>
					<portRef name="ADR2" instanceRef="Lut-U146_3_1"/>
					<portRef name="ADR1" instanceRef="Lut-U111_0_0"/>
					<portRef name="ADR0" instanceRef="Lut-U192_0"/>
					<portRef name="ADR1" instanceRef="Lut-U156_0"/>
					<portRef name="ADR1" instanceRef="Lut-U170_0_0"/>
					<portRef name="ADR1" instanceRef="Lut-U165_0_1"/>
					<portRef name="ADR3" instanceRef="Lut-U160_4_0"/>
					<portRef name="ADR0" instanceRef="Lut-U134_0_1"/>
					<portRef name="ADR2" instanceRef="Lut-U131_1"/>
					<portRef name="ADR2" instanceRef="Lut-U124_3_1"/>
					<portRef name="ADR1" instanceRef="Lut-U147_0_0"/>
					<portRef name="ADR1" instanceRef="Lut-U183_0_1"/>
					<portRef name="ADR0" instanceRef="Lut-U177_0"/>
					<portRef name="ADR0" instanceRef="Lut-U194_0_0"/>
					<portRef name="ADR0" instanceRef="Lut-U113_0_0"/>
					<portRef name="ADR1" instanceRef="Lut-U160_1_0"/>
					<portRef name="ADR1" instanceRef="Lut-U135_0_0"/>
					<portRef name="ADR1" instanceRef="Lut-U135_1_0"/>
					<portRef name="ADR1" instanceRef="Lut-U135_2_0"/>
					<portRef name="ADR2" instanceRef="Lut-U137_0_0"/>
					<portRef name="ADR0" instanceRef="Lut-U130_0_0"/>
					<portRef name="ADR1" instanceRef="Lut-U128_0"/>
					<portRef name="ADR2" instanceRef="Lut-U124_2_0"/>
				</net>
				<net name="net_cnt_lcd_reg[7]">
					<portRef name="Q" instanceRef="cnt_lcd_reg[7]"/>
					<portRef name="ADR0" instanceRef="Lut-U107_0"/>
					<portRef name="ADR3" instanceRef="Lut-U143_1"/>
					<portRef name="ADR2" instanceRef="Lut-U181_0_0"/>
					<portRef name="ADR2" instanceRef="Lut-U187_0_0"/>
					<portRef name="ADR2" instanceRef="Lut-U148_0_0"/>
					<portRef name="ADR2" instanceRef="Lut-U185_0_0"/>
					<portRef name="ADR3" instanceRef="Lut-U140_1_0"/>
					<portRef name="ADR2" instanceRef="Lut-U144_0_0"/>
					<portRef name="ADR2" instanceRef="Lut-U180_0_0"/>
					<portRef name="ADR3" instanceRef="Lut-U168_0"/>
					<portRef name="ADR2" instanceRef="Lut-U160_4_0"/>
					<portRef name="ADR1" instanceRef="Lut-U124_5_1"/>
					<portRef name="ADR3" instanceRef="Lut-U147_0_1"/>
					<portRef name="ADR2" instanceRef="Lut-U149_0_0"/>
					<portRef name="ADR2" instanceRef="Lut-U146_0_0"/>
					<portRef name="ADR1" instanceRef="Lut-U160_3_0"/>
					<portRef name="ADR3" instanceRef="Lut-U162_0"/>
					<portRef name="ADR3" instanceRef="Lut-U124_1_1"/>
				</net>
				<net name="net_Lut-U99_0_0">
					<portRef name="O" instanceRef="Lut-U99_0_0"/>
					<portRef name="ADR1" instanceRef="Lut-U107_0"/>
				</net>
				<net name="net_Lut-U116_0_0">
					<portRef name="O" instanceRef="Lut-U116_0_0"/>
					<portRef name="ADR0" instanceRef="Lut-U116_0_2"/>
				</net>
				<net name="net_Lut-U148_0_1">
					<portRef name="O" instanceRef="Lut-U148_0_1"/>
					<portRef name="ADR1" instanceRef="Lut-U116_0_2"/>
				</net>
				<net name="net_Lut-U117_0_0">
					<portRef name="O" instanceRef="Lut-U117_0_0"/>
					<portRef name="ADR2" instanceRef="Lut-U116_0_2"/>
				</net>
				<net name="net_Lut-U118_1">
					<portRef name="O" instanceRef="Lut-U118_1"/>
					<portRef name="ADR3" instanceRef="Lut-U116_0_2"/>
				</net>
				<net name="net_Lut-U139_0_1">
					<portRef name="O" instanceRef="Lut-U139_0_1"/>
					<portRef name="ADR0" instanceRef="Lut-U139_0_2"/>
				</net>
				<net name="net_Lut-U140_0">
					<portRef name="O" instanceRef="Lut-U140_0"/>
					<portRef name="ADR1" instanceRef="Lut-U139_0_2"/>
				</net>
				<net name="net_Lut-U142_0">
					<portRef name="O" instanceRef="Lut-U142_0"/>
					<portRef name="ADR2" instanceRef="Lut-U139_0_2"/>
				</net>
				<net name="net_Lut-U143_1">
					<portRef name="O" instanceRef="Lut-U143_1"/>
					<portRef name="ADR3" instanceRef="Lut-U139_0_2"/>
					<portRef name="ADR3" instanceRef="Lut-U116_0_0"/>
					<portRef name="ADR3" instanceRef="Lut-U142_1"/>
				</net>
				<net name="net_Lut-U114_0_0">
					<portRef name="O" instanceRef="Lut-U114_0_0"/>
					<portRef name="ADR0" instanceRef="Lut-U110_0_2"/>
				</net>
				<net name="net_Lut-U142_1">
					<portRef name="O" instanceRef="Lut-U142_1"/>
					<portRef name="ADR1" instanceRef="Lut-U110_0_2"/>
				</net>
				<net name="net_Lut-U113_0">
					<portRef name="O" instanceRef="Lut-U113_0"/>
					<portRef name="ADR2" instanceRef="Lut-U110_0_2"/>
				</net>
				<net name="net_Lut-U111_0">
					<portRef name="O" instanceRef="Lut-U111_0"/>
					<portRef name="ADR3" instanceRef="Lut-U110_0_2"/>
				</net>
				<net name="net_Lut-U171_0_0">
					<portRef name="O" instanceRef="Lut-U171_0_0"/>
					<portRef name="ADR0" instanceRef="Lut-U171_1"/>
				</net>
				<net name="net_Lut-U182_0">
					<portRef name="O" instanceRef="Lut-U182_0"/>
					<portRef name="ADR1" instanceRef="Lut-U171_1"/>
				</net>
				<net name="net_Lut-U172_2">
					<portRef name="O" instanceRef="Lut-U172_2"/>
					<portRef name="ADR2" instanceRef="Lut-U171_1"/>
				</net>
				<net name="net_Lut-U150_0_0">
					<portRef name="O" instanceRef="Lut-U150_0_0"/>
					<portRef name="ADR0" instanceRef="Lut-U150_1"/>
				</net>
				<net name="net_Lut-U150_1_0">
					<portRef name="O" instanceRef="Lut-U150_1_0"/>
					<portRef name="ADR1" instanceRef="Lut-U150_1"/>
				</net>
				<net name="net_Lut-U151_0">
					<portRef name="O" instanceRef="Lut-U151_0"/>
					<portRef name="ADR2" instanceRef="Lut-U150_1"/>
				</net>
				<net name="net_Lut-U181_0_0">
					<portRef name="O" instanceRef="Lut-U181_0_0"/>
					<portRef name="ADR3" instanceRef="Lut-U150_1"/>
					<portRef name="ADR2" instanceRef="Lut-U118_1"/>
					<portRef name="ADR3" instanceRef="Lut-U113_0"/>
					<portRef name="ADR3" instanceRef="Lut-U111_0"/>
					<portRef name="ADR3" instanceRef="Lut-U172_2"/>
					<portRef name="ADR0" instanceRef="Lut-U159_0"/>
					<portRef name="ADR3" instanceRef="Lut-U126_0"/>
				</net>
				<net name="net_Lut-U159_0">
					<portRef name="O" instanceRef="Lut-U159_0"/>
					<portRef name="ADR0" instanceRef="Lut-U159_1"/>
				</net>
				<net name="net_Lut-U160_5">
					<portRef name="O" instanceRef="Lut-U160_5"/>
					<portRef name="ADR1" instanceRef="Lut-U159_1"/>
				</net>
				<net name="net_Lut-U160_7_0">
					<portRef name="O" instanceRef="Lut-U160_7_0"/>
					<portRef name="ADR2" instanceRef="Lut-U159_1"/>
				</net>
				<net name="net_Lut-U160_8_0">
					<portRef name="O" instanceRef="Lut-U160_8_0"/>
					<portRef name="ADR3" instanceRef="Lut-U159_1"/>
				</net>
				<net name="net_Lut-U133_0_1">
					<portRef name="O" instanceRef="Lut-U133_0_1"/>
					<portRef name="ADR0" instanceRef="Lut-U125_0"/>
				</net>
				<net name="net_Lut-U193_0_1">
					<portRef name="O" instanceRef="Lut-U193_0_1"/>
					<portRef name="ADR1" instanceRef="Lut-U125_0"/>
					<portRef name="ADR2" instanceRef="Lut-U192_0"/>
				</net>
				<net name="net_Lut-U187_0_0">
					<portRef name="O" instanceRef="Lut-U187_0_0"/>
					<portRef name="ADR2" instanceRef="Lut-U125_0"/>
					<portRef name="ADR3" instanceRef="Lut-U171_0_0"/>
					<portRef name="ADR2" instanceRef="Lut-U150_0_0"/>
					<portRef name="ADR3" instanceRef="Lut-U124_7_1"/>
					<portRef name="ADR3" instanceRef="Lut-U146_3_1"/>
					<portRef name="ADR3" instanceRef="Lut-U142_0_0"/>
					<portRef name="ADR2" instanceRef="Lut-U111_0_0"/>
					<portRef name="ADR0" instanceRef="Lut-U160_5_0"/>
					<portRef name="ADR2" instanceRef="Lut-U160_6_0"/>
					<portRef name="ADR3" instanceRef="Lut-U124_3_1"/>
					<portRef name="ADR2" instanceRef="Lut-U160_0_0"/>
					<portRef name="ADR3" instanceRef="Lut-U124_2_0"/>
				</net>
				<net name="net_Lut-U126_0">
					<portRef name="O" instanceRef="Lut-U126_0"/>
					<portRef name="ADR3" instanceRef="Lut-U125_0"/>
				</net>
				<net name="net_Lut-U124_4">
					<portRef name="O" instanceRef="Lut-U124_4"/>
					<portRef name="ADR0" instanceRef="Lut-U116_0_0"/>
				</net>
				<net name="net_Lut-U124_6_1">
					<portRef name="O" instanceRef="Lut-U124_6_1"/>
					<portRef name="ADR1" instanceRef="Lut-U116_0_0"/>
				</net>
				<net name="net_Lut-U124_7_1">
					<portRef name="O" instanceRef="Lut-U124_7_1"/>
					<portRef name="ADR2" instanceRef="Lut-U116_0_0"/>
				</net>
				<net name="net_Lut-U148_0_0">
					<portRef name="O" instanceRef="Lut-U148_0_0"/>
					<portRef name="ADR0" instanceRef="Lut-U148_0_1"/>
					<portRef name="ADR1" instanceRef="Lut-U139_0_1"/>
				</net>
				<net name="net_Lut-U158_0">
					<portRef name="O" instanceRef="Lut-U158_0"/>
					<portRef name="ADR0" instanceRef="Lut-U117_0_0"/>
					<portRef name="ADR2" instanceRef="Lut-U111_0"/>
				</net>
				<net name="net_Lut-U122_0_1">
					<portRef name="O" instanceRef="Lut-U122_0_1"/>
					<portRef name="ADR1" instanceRef="Lut-U117_0_0"/>
				</net>
				<net name="net_Lut-U185_0_0">
					<portRef name="O" instanceRef="Lut-U185_0_0"/>
					<portRef name="ADR2" instanceRef="Lut-U117_0_0"/>
					<portRef name="ADR0" instanceRef="Lut-U182_0"/>
					<portRef name="ADR0" instanceRef="Lut-U139_0_0"/>
					<portRef name="ADR1" instanceRef="Lut-U113_0_1"/>
					<portRef name="ADR0" instanceRef="Lut-U146_1_0"/>
				</net>
				<net name="net_Lut-U118_0_0">
					<portRef name="O" instanceRef="Lut-U118_0_0"/>
					<portRef name="ADR0" instanceRef="Lut-U118_1"/>
					<portRef name="ADR1" instanceRef="Lut-U113_0"/>
				</net>
				<net name="net_Lut-U139_0_0">
					<portRef name="O" instanceRef="Lut-U139_0_0"/>
					<portRef name="ADR0" instanceRef="Lut-U139_0_1"/>
				</net>
				<net name="net_Lut-U146_1">
					<portRef name="O" instanceRef="Lut-U146_1"/>
					<portRef name="ADR0" instanceRef="Lut-U140_0"/>
				</net>
				<net name="net_Lut-U146_3_1">
					<portRef name="O" instanceRef="Lut-U146_3_1"/>
					<portRef name="ADR1" instanceRef="Lut-U140_0"/>
				</net>
				<net name="net_Lut-U140_1_0">
					<portRef name="O" instanceRef="Lut-U140_1_0"/>
					<portRef name="ADR3" instanceRef="Lut-U140_0"/>
				</net>
				<net name="net_Lut-U142_0_0">
					<portRef name="O" instanceRef="Lut-U142_0_0"/>
					<portRef name="ADR0" instanceRef="Lut-U142_0"/>
					<portRef name="ADR0" instanceRef="Lut-U142_1"/>
				</net>
				<net name="net_Lut-U144_0_0">
					<portRef name="O" instanceRef="Lut-U144_0_0"/>
					<portRef name="ADR1" instanceRef="Lut-U142_0"/>
					<portRef name="ADR1" instanceRef="Lut-U142_1"/>
				</net>
				<net name="net_Lut-U143_0">
					<portRef name="O" instanceRef="Lut-U143_0"/>
					<portRef name="ADR0" instanceRef="Lut-U143_1"/>
				</net>
				<net name="net_Lut-U180_0_0">
					<portRef name="O" instanceRef="Lut-U180_0_0"/>
					<portRef name="ADR0" instanceRef="Lut-U114_0_0"/>
					<portRef name="ADR0" instanceRef="Lut-U122_0_1"/>
					<portRef name="ADR0" instanceRef="Lut-U179_0_1"/>
					<portRef name="ADR1" instanceRef="Lut-U146_2_0"/>
				</net>
				<net name="net_Lut-U200_0_0">
					<portRef name="O" instanceRef="Lut-U200_0_0"/>
					<portRef name="ADR2" instanceRef="Lut-U142_1"/>
					<portRef name="ADR0" instanceRef="Lut-U151_0"/>
				</net>
				<net name="net_Lut-U113_0_1">
					<portRef name="O" instanceRef="Lut-U113_0_1"/>
					<portRef name="ADR0" instanceRef="Lut-U113_0"/>
				</net>
				<net name="net_Lut-U111_0_0">
					<portRef name="O" instanceRef="Lut-U111_0_0"/>
					<portRef name="ADR0" instanceRef="Lut-U111_0"/>
				</net>
				<net name="net_Lut-U192_0">
					<portRef name="O" instanceRef="Lut-U192_0"/>
					<portRef name="ADR1" instanceRef="Lut-U171_0_0"/>
					<portRef name="ADR2" instanceRef="Lut-U124_6_1"/>
					<portRef name="ADR1" instanceRef="Lut-U124_1"/>
					<portRef name="ADR3" instanceRef="Lut-U124_4_1"/>
				</net>
				<net name="net_Lut-U199_0">
					<portRef name="O" instanceRef="Lut-U199_0"/>
					<portRef name="ADR2" instanceRef="Lut-U171_0_0"/>
					<portRef name="ADR0" instanceRef="Lut-U133_0_1"/>
				</net>
				<net name="net_Lut-U174_0">
					<portRef name="O" instanceRef="Lut-U174_0"/>
					<portRef name="ADR0" instanceRef="Lut-U172_2"/>
				</net>
				<net name="net_Lut-U179_0_1">
					<portRef name="O" instanceRef="Lut-U179_0_1"/>
					<portRef name="ADR1" instanceRef="Lut-U172_2"/>
				</net>
				<net name="net_Lut-U157_0">
					<portRef name="O" instanceRef="Lut-U157_0"/>
					<portRef name="ADR0" instanceRef="Lut-U150_0_0"/>
				</net>
				<net name="net_Lut-U156_0">
					<portRef name="O" instanceRef="Lut-U156_0"/>
					<portRef name="ADR1" instanceRef="Lut-U150_0_0"/>
				</net>
				<net name="net_Lut-U168_0">
					<portRef name="O" instanceRef="Lut-U168_0"/>
					<portRef name="ADR0" instanceRef="Lut-U150_1_0"/>
					<portRef name="ADR2" instanceRef="Lut-U159_0"/>
				</net>
				<net name="net_Lut-U152_0">
					<portRef name="O" instanceRef="Lut-U152_0"/>
					<portRef name="ADR1" instanceRef="Lut-U151_0"/>
				</net>
				<net name="net_Lut-U176_0">
					<portRef name="O" instanceRef="Lut-U176_0"/>
					<portRef name="ADR2" instanceRef="Lut-U151_0"/>
					<portRef name="ADR1" instanceRef="Lut-U126_0"/>
					<portRef name="ADR1" instanceRef="Lut-U174_0"/>
				</net>
				<net name="net_Lut-U170_0_0">
					<portRef name="O" instanceRef="Lut-U170_0_0"/>
					<portRef name="ADR1" instanceRef="Lut-U159_0"/>
					<portRef name="ADR3" instanceRef="Lut-U131_1"/>
					<portRef name="ADR0" instanceRef="Lut-U135_0_0"/>
				</net>
				<net name="net_Lut-U165_0_1">
					<portRef name="O" instanceRef="Lut-U165_0_1"/>
					<portRef name="ADR3" instanceRef="Lut-U159_0"/>
					<portRef name="ADR1" instanceRef="Lut-U142_0_0"/>
					<portRef name="ADR1" instanceRef="Lut-U135_3_1"/>
					<portRef name="ADR0" instanceRef="Lut-U136_0"/>
				</net>
				<net name="net_Lut-U160_2">
					<portRef name="O" instanceRef="Lut-U160_2"/>
					<portRef name="ADR0" instanceRef="Lut-U160_5"/>
				</net>
				<net name="net_Lut-U160_4_0">
					<portRef name="O" instanceRef="Lut-U160_4_0"/>
					<portRef name="ADR1" instanceRef="Lut-U160_5"/>
				</net>
				<net name="net_Lut-U160_5_0">
					<portRef name="O" instanceRef="Lut-U160_5_0"/>
					<portRef name="ADR2" instanceRef="Lut-U160_5"/>
				</net>
				<net name="net_Lut-U160_6_0">
					<portRef name="O" instanceRef="Lut-U160_6_0"/>
					<portRef name="ADR3" instanceRef="Lut-U160_5"/>
				</net>
				<net name="net_Lut-U135_1">
					<portRef name="O" instanceRef="Lut-U135_1"/>
					<portRef name="ADR1" instanceRef="Lut-U133_0_1"/>
				</net>
				<net name="net_Lut-U135_3_1">
					<portRef name="O" instanceRef="Lut-U135_3_1"/>
					<portRef name="ADR2" instanceRef="Lut-U133_0_1"/>
				</net>
				<net name="net_Lut-U134_0_1">
					<portRef name="O" instanceRef="Lut-U134_0_1"/>
					<portRef name="ADR3" instanceRef="Lut-U133_0_1"/>
				</net>
				<net name="net_Lut-U131_1">
					<portRef name="O" instanceRef="Lut-U131_1"/>
					<portRef name="ADR0" instanceRef="Lut-U126_0"/>
				</net>
				<net name="net_Lut-U127_0">
					<portRef name="O" instanceRef="Lut-U127_0"/>
					<portRef name="ADR2" instanceRef="Lut-U126_0"/>
				</net>
				<net name="net_Lut-U124_1">
					<portRef name="O" instanceRef="Lut-U124_1"/>
					<portRef name="ADR0" instanceRef="Lut-U124_4"/>
				</net>
				<net name="net_Lut-U124_3_1">
					<portRef name="O" instanceRef="Lut-U124_3_1"/>
					<portRef name="ADR1" instanceRef="Lut-U124_4"/>
				</net>
				<net name="net_Lut-U124_4_1">
					<portRef name="O" instanceRef="Lut-U124_4_1"/>
					<portRef name="ADR2" instanceRef="Lut-U124_4"/>
				</net>
				<net name="net_Lut-U124_5_1">
					<portRef name="O" instanceRef="Lut-U124_5_1"/>
					<portRef name="ADR3" instanceRef="Lut-U124_4"/>
				</net>
				<net name="net_Lut-U149_0_1">
					<portRef name="O" instanceRef="Lut-U149_0_1"/>
					<portRef name="ADR0" instanceRef="Lut-U124_6_1"/>
				</net>
				<net name="net_Lut-U147_0_1">
					<portRef name="O" instanceRef="Lut-U147_0_1"/>
					<portRef name="ADR1" instanceRef="Lut-U124_6_1"/>
					<portRef name="ADR1" instanceRef="Lut-U146_1"/>
				</net>
				<net name="net_Lut-U149_0_0">
					<portRef name="O" instanceRef="Lut-U149_0_0"/>
					<portRef name="ADR0" instanceRef="Lut-U124_7_1"/>
					<portRef name="ADR2" instanceRef="Lut-U139_0_0"/>
					<portRef name="ADR0" instanceRef="Lut-U124_4_1"/>
					<portRef name="ADR0" instanceRef="Lut-U149_0_1"/>
				</net>
				<net name="net_Lut-U167_0_0">
					<portRef name="O" instanceRef="Lut-U167_0_0"/>
					<portRef name="ADR1" instanceRef="Lut-U124_7_1"/>
					<portRef name="ADR3" instanceRef="Lut-U139_0_0"/>
					<portRef name="ADR3" instanceRef="Lut-U124_5_1"/>
				</net>
				<net name="net_Lut-U147_0_0">
					<portRef name="O" instanceRef="Lut-U147_0_0"/>
					<portRef name="ADR2" instanceRef="Lut-U124_7_1"/>
					<portRef name="ADR3" instanceRef="Lut-U144_0_0"/>
					<portRef name="ADR0" instanceRef="Lut-U147_0_1"/>
				</net>
				<net name="net_Lut-U183_0_1">
					<portRef name="O" instanceRef="Lut-U183_0_1"/>
					<portRef name="ADR1" instanceRef="Lut-U139_0_0"/>
					<portRef name="ADR0" instanceRef="Lut-U160_0_0"/>
					<portRef name="ADR0" instanceRef="Lut-U160_2_0"/>
				</net>
				<net name="net_Lut-U146_0_0">
					<portRef name="O" instanceRef="Lut-U146_0_0"/>
					<portRef name="ADR0" instanceRef="Lut-U146_1"/>
				</net>
				<net name="net_Lut-U146_1_0">
					<portRef name="O" instanceRef="Lut-U146_1_0"/>
					<portRef name="ADR2" instanceRef="Lut-U146_1"/>
				</net>
				<net name="net_Lut-U146_2_0">
					<portRef name="O" instanceRef="Lut-U146_2_0"/>
					<portRef name="ADR3" instanceRef="Lut-U146_1"/>
				</net>
				<net name="net_Lut-U177_0">
					<portRef name="O" instanceRef="Lut-U177_0"/>
					<portRef name="ADR0" instanceRef="Lut-U140_1_0"/>
					<portRef name="ADR2" instanceRef="Lut-U174_0"/>
				</net>
				<net name="net_Lut-U194_0_0">
					<portRef name="O" instanceRef="Lut-U194_0_0"/>
					<portRef name="ADR2" instanceRef="Lut-U142_0_0"/>
				</net>
				<net name="net_Lut-U188_0_0">
					<portRef name="O" instanceRef="Lut-U188_0_0"/>
					<portRef name="ADR1" instanceRef="Lut-U144_0_0"/>
					<portRef name="ADR0" instanceRef="Lut-U124_5_1"/>
					<portRef name="ADR0" instanceRef="Lut-U160_3_0"/>
					<portRef name="I" instanceRef="Buf-pad-lcd_en"/>
				</net>
				<net name="net_Lut-U113_0_0">
					<portRef name="O" instanceRef="Lut-U113_0_0"/>
					<portRef name="ADR0" instanceRef="Lut-U113_0_1"/>
				</net>
				<net name="net_Lut-U196_0_0">
					<portRef name="O" instanceRef="Lut-U196_0_0"/>
					<portRef name="ADR1" instanceRef="Lut-U192_0"/>
				</net>
				<net name="net_Lut-U197_0_1">
					<portRef name="O" instanceRef="Lut-U197_0_1"/>
					<portRef name="ADR3" instanceRef="Lut-U192_0"/>
				</net>
				<net name="net_Lut-U160_0_0">
					<portRef name="O" instanceRef="Lut-U160_0_0"/>
					<portRef name="ADR0" instanceRef="Lut-U160_2"/>
				</net>
				<net name="net_Lut-U160_1_0">
					<portRef name="O" instanceRef="Lut-U160_1_0"/>
					<portRef name="ADR1" instanceRef="Lut-U160_2"/>
				</net>
				<net name="net_Lut-U160_2_0">
					<portRef name="O" instanceRef="Lut-U160_2_0"/>
					<portRef name="ADR2" instanceRef="Lut-U160_2"/>
				</net>
				<net name="net_Lut-U160_3_0">
					<portRef name="O" instanceRef="Lut-U160_3_0"/>
					<portRef name="ADR3" instanceRef="Lut-U160_2"/>
				</net>
				<net name="net_Lut-U163_0_0">
					<portRef name="O" instanceRef="Lut-U163_0_0"/>
					<portRef name="ADR0" instanceRef="Lut-U160_6_0"/>
				</net>
				<net name="net_Lut-U178_0">
					<portRef name="O" instanceRef="Lut-U178_0"/>
					<portRef name="ADR1" instanceRef="Lut-U160_6_0"/>
					<portRef name="ADR1" instanceRef="Lut-U160_0_0"/>
				</net>
				<net name="net_Lut-U162_0">
					<portRef name="O" instanceRef="Lut-U162_0"/>
					<portRef name="ADR3" instanceRef="Lut-U160_6_0"/>
					<portRef name="ADR3" instanceRef="Lut-U160_0_0"/>
				</net>
				<net name="net_Lut-U135_0_0">
					<portRef name="O" instanceRef="Lut-U135_0_0"/>
					<portRef name="ADR0" instanceRef="Lut-U135_1"/>
				</net>
				<net name="net_Lut-U136_0">
					<portRef name="O" instanceRef="Lut-U136_0"/>
					<portRef name="ADR1" instanceRef="Lut-U135_1"/>
				</net>
				<net name="net_Lut-U135_1_0">
					<portRef name="O" instanceRef="Lut-U135_1_0"/>
					<portRef name="ADR2" instanceRef="Lut-U135_1"/>
				</net>
				<net name="net_Lut-U135_2_0">
					<portRef name="O" instanceRef="Lut-U135_2_0"/>
					<portRef name="ADR3" instanceRef="Lut-U135_1"/>
				</net>
				<net name="net_Lut-U135_3_0">
					<portRef name="O" instanceRef="Lut-U135_3_0"/>
					<portRef name="ADR0" instanceRef="Lut-U135_3_1"/>
				</net>
				<net name="net_Lut-U137_0_0">
					<portRef name="O" instanceRef="Lut-U137_0_0"/>
					<portRef name="ADR3" instanceRef="Lut-U135_3_1"/>
					<portRef name="ADR2" instanceRef="Lut-U136_0"/>
				</net>
				<net name="net_Lut-U130_0_0">
					<portRef name="O" instanceRef="Lut-U130_0_0"/>
					<portRef name="ADR0" instanceRef="Lut-U127_0"/>
				</net>
				<net name="net_Lut-U128_0">
					<portRef name="O" instanceRef="Lut-U128_0"/>
					<portRef name="ADR2" instanceRef="Lut-U127_0"/>
				</net>
				<net name="net_Lut-U124_0_0">
					<portRef name="O" instanceRef="Lut-U124_0_0"/>
					<portRef name="ADR0" instanceRef="Lut-U124_1"/>
				</net>
				<net name="net_Lut-U124_1_1">
					<portRef name="O" instanceRef="Lut-U124_1_1"/>
					<portRef name="ADR2" instanceRef="Lut-U124_1"/>
				</net>
				<net name="net_Lut-U124_2_0">
					<portRef name="O" instanceRef="Lut-U124_2_0"/>
					<portRef name="ADR3" instanceRef="Lut-U124_1"/>
				</net>
				<net name="net_Lut-U124_1_0">
					<portRef name="O" instanceRef="Lut-U124_1_0"/>
					<portRef name="ADR0" instanceRef="Lut-U124_1_1"/>
				</net>
				<net name="net_U100">
					<portRef name="LOGIC_1_PIN" instanceRef="U100"/>
					<portRef name="ADR1" instanceRef="Q_cnt_lcd_reg[0]InvLut"/>
					<portRef name="ADR1" instanceRef="rst_nInvLut"/>
					<portRef name="ADR1" instanceRef="Lut-U101_0InvLut"/>
					<portRef name="ADR1" instanceRef="Lut-U102_0InvLut"/>
					<portRef name="ADR1" instanceRef="Lut-U103_0InvLut"/>
					<portRef name="ADR1" instanceRef="Lut-U104_0InvLut"/>
					<portRef name="ADR1" instanceRef="Lut-U105_0InvLut"/>
					<portRef name="ADR1" instanceRef="Lut-U106_0InvLut"/>
					<portRef name="ADR1" instanceRef="Lut-U107_0InvLut"/>
					<portRef name="ADR1" instanceRef="Lut-U116_0_2InvLut"/>
					<portRef name="ADR1" instanceRef="Lut-U139_0_2InvLut"/>
					<portRef name="ADR1" instanceRef="Lut-U110_0_2InvLut"/>
					<portRef name="ADR1" instanceRef="Lut-U171_1InvLut"/>
					<portRef name="ADR1" instanceRef="Lut-U150_1InvLut"/>
					<portRef name="ADR1" instanceRef="Lut-U159_1InvLut"/>
					<portRef name="ADR1" instanceRef="Lut-U125_0InvLut"/>
					<portRef name="I" instanceRef="Buf-pad-lcd_rs"/>
				</net>
				<net name="net_Buf-pad-rst_n">
					<portRef name="O" instanceRef="Buf-pad-rst_n"/>
					<portRef name="ADR0" instanceRef="rst_nInvLut"/>
					<portRef name="I" instanceRef="Buf-pad-lcd_rst"/>
				</net>
				<net name="net_Lut-U101_0">
					<portRef name="O" instanceRef="Lut-U101_0"/>
					<portRef name="ADR0" instanceRef="Lut-U101_0InvLut"/>
				</net>
				<net name="net_Lut-U102_0">
					<portRef name="O" instanceRef="Lut-U102_0"/>
					<portRef name="ADR0" instanceRef="Lut-U102_0InvLut"/>
				</net>
				<net name="net_Lut-U103_0">
					<portRef name="O" instanceRef="Lut-U103_0"/>
					<portRef name="ADR0" instanceRef="Lut-U103_0InvLut"/>
				</net>
				<net name="net_Lut-U104_0">
					<portRef name="O" instanceRef="Lut-U104_0"/>
					<portRef name="ADR0" instanceRef="Lut-U104_0InvLut"/>
				</net>
				<net name="net_Lut-U105_0">
					<portRef name="O" instanceRef="Lut-U105_0"/>
					<portRef name="ADR0" instanceRef="Lut-U105_0InvLut"/>
				</net>
				<net name="net_Lut-U106_0">
					<portRef name="O" instanceRef="Lut-U106_0"/>
					<portRef name="ADR0" instanceRef="Lut-U106_0InvLut"/>
				</net>
				<net name="net_Lut-U107_0">
					<portRef name="O" instanceRef="Lut-U107_0"/>
					<portRef name="ADR0" instanceRef="Lut-U107_0InvLut"/>
				</net>
				<net name="net_Lut-U116_0_2">
					<portRef name="O" instanceRef="Lut-U116_0_2"/>
					<portRef name="ADR0" instanceRef="Lut-U116_0_2InvLut"/>
				</net>
				<net name="net_Lut-U139_0_2">
					<portRef name="O" instanceRef="Lut-U139_0_2"/>
					<portRef name="ADR0" instanceRef="Lut-U139_0_2InvLut"/>
				</net>
				<net name="net_Lut-U110_0_2">
					<portRef name="O" instanceRef="Lut-U110_0_2"/>
					<portRef name="ADR0" instanceRef="Lut-U110_0_2InvLut"/>
				</net>
				<net name="net_Lut-U171_1">
					<portRef name="O" instanceRef="Lut-U171_1"/>
					<portRef name="ADR0" instanceRef="Lut-U171_1InvLut"/>
				</net>
				<net name="net_Lut-U150_1">
					<portRef name="O" instanceRef="Lut-U150_1"/>
					<portRef name="ADR0" instanceRef="Lut-U150_1InvLut"/>
				</net>
				<net name="net_Lut-U159_1">
					<portRef name="O" instanceRef="Lut-U159_1"/>
					<portRef name="ADR0" instanceRef="Lut-U159_1InvLut"/>
				</net>
				<net name="net_Lut-U125_0">
					<portRef name="O" instanceRef="Lut-U125_0"/>
					<portRef name="ADR0" instanceRef="Lut-U125_0InvLut"/>
				</net>
				<net name="net_Buf-pad-clk">
					<portRef name="O" instanceRef="Buf-pad-clk"/>
					<portRef name="I" instanceRef="IBuf-clkpad-clk"/>
				</net>
				<net name="net_U93">
					<portRef name="LOGIC_0_PIN" instanceRef="U93"/>
					<portRef name="I" instanceRef="Buf-pad-lcd_db[7]"/>
					<portRef name="I" instanceRef="Buf-pad-lcd_rw"/>
				</net>
				<net name="net_lcd_db_reg[6]">
					<portRef name="Q" instanceRef="lcd_db_reg[6]"/>
					<portRef name="I" instanceRef="Buf-pad-lcd_db[6]"/>
				</net>
				<net name="net_lcd_db_reg[5]">
					<portRef name="Q" instanceRef="lcd_db_reg[5]"/>
					<portRef name="I" instanceRef="Buf-pad-lcd_db[5]"/>
				</net>
				<net name="net_lcd_db_reg[4]">
					<portRef name="Q" instanceRef="lcd_db_reg[4]"/>
					<portRef name="I" instanceRef="Buf-pad-lcd_db[4]"/>
				</net>
				<net name="net_lcd_db_reg[3]">
					<portRef name="Q" instanceRef="lcd_db_reg[3]"/>
					<portRef name="I" instanceRef="Buf-pad-lcd_db[3]"/>
				</net>
				<net name="net_lcd_db_reg[2]">
					<portRef name="Q" instanceRef="lcd_db_reg[2]"/>
					<portRef name="I" instanceRef="Buf-pad-lcd_db[2]"/>
				</net>
				<net name="net_lcd_db_reg[1]">
					<portRef name="Q" instanceRef="lcd_db_reg[1]"/>
					<portRef name="I" instanceRef="Buf-pad-lcd_db[1]"/>
				</net>
				<net name="net_lcd_db_reg[0]">
					<portRef name="Q" instanceRef="lcd_db_reg[0]"/>
					<portRef name="I" instanceRef="Buf-pad-lcd_db[0]"/>
				</net>
				<net name="net_Q_cnt_lcd_reg[0]InvLut">
					<portRef name="O" instanceRef="Q_cnt_lcd_reg[0]InvLut"/>
					<portRef name="D" instanceRef="cnt_lcd_reg[0]"/>
				</net>
				<net name="net_IBuf-clkpad-clk" type="clock">
					<portRef name="O" instanceRef="IBuf-clkpad-clk"/>
					<portRef name="CK" instanceRef="cnt_lcd_reg[0]"/>
					<portRef name="CK" instanceRef="cnt_lcd_reg[1]"/>
					<portRef name="CK" instanceRef="cnt_lcd_reg[2]"/>
					<portRef name="CK" instanceRef="cnt_lcd_reg[3]"/>
					<portRef name="CK" instanceRef="cnt_lcd_reg[4]"/>
					<portRef name="CK" instanceRef="cnt_lcd_reg[5]"/>
					<portRef name="CK" instanceRef="cnt_lcd_reg[6]"/>
					<portRef name="CK" instanceRef="cnt_lcd_reg[7]"/>
					<portRef name="CK" instanceRef="lcd_db_reg[0]"/>
					<portRef name="CK" instanceRef="lcd_db_reg[6]"/>
					<portRef name="CK" instanceRef="lcd_db_reg[2]"/>
					<portRef name="CK" instanceRef="lcd_db_reg[3]"/>
					<portRef name="CK" instanceRef="lcd_db_reg[5]"/>
					<portRef name="CK" instanceRef="lcd_db_reg[4]"/>
					<portRef name="CK" instanceRef="lcd_db_reg[1]"/>
				</net>
				<net name="net_rst_nInvLut" type="reset">
					<portRef name="O" instanceRef="rst_nInvLut"/>
					<portRef name="RN" instanceRef="cnt_lcd_reg[0]"/>
					<portRef name="RN" instanceRef="cnt_lcd_reg[1]"/>
					<portRef name="RN" instanceRef="cnt_lcd_reg[2]"/>
					<portRef name="RN" instanceRef="cnt_lcd_reg[3]"/>
					<portRef name="RN" instanceRef="cnt_lcd_reg[4]"/>
					<portRef name="RN" instanceRef="cnt_lcd_reg[5]"/>
					<portRef name="RN" instanceRef="cnt_lcd_reg[6]"/>
					<portRef name="RN" instanceRef="cnt_lcd_reg[7]"/>
					<portRef name="RN" instanceRef="lcd_db_reg[0]"/>
					<portRef name="RN" instanceRef="lcd_db_reg[6]"/>
					<portRef name="RN" instanceRef="lcd_db_reg[2]"/>
					<portRef name="RN" instanceRef="lcd_db_reg[3]"/>
					<portRef name="RN" instanceRef="lcd_db_reg[5]"/>
					<portRef name="RN" instanceRef="lcd_db_reg[4]"/>
					<portRef name="RN" instanceRef="lcd_db_reg[1]"/>
				</net>
				<net name="net_Lut-U101_0InvLut">
					<portRef name="O" instanceRef="Lut-U101_0InvLut"/>
					<portRef name="D" instanceRef="cnt_lcd_reg[1]"/>
				</net>
				<net name="net_Lut-U102_0InvLut">
					<portRef name="O" instanceRef="Lut-U102_0InvLut"/>
					<portRef name="D" instanceRef="cnt_lcd_reg[2]"/>
				</net>
				<net name="net_Lut-U103_0InvLut">
					<portRef name="O" instanceRef="Lut-U103_0InvLut"/>
					<portRef name="D" instanceRef="cnt_lcd_reg[3]"/>
				</net>
				<net name="net_Lut-U104_0InvLut">
					<portRef name="O" instanceRef="Lut-U104_0InvLut"/>
					<portRef name="D" instanceRef="cnt_lcd_reg[4]"/>
				</net>
				<net name="net_Lut-U105_0InvLut">
					<portRef name="O" instanceRef="Lut-U105_0InvLut"/>
					<portRef name="D" instanceRef="cnt_lcd_reg[5]"/>
				</net>
				<net name="net_Lut-U106_0InvLut">
					<portRef name="O" instanceRef="Lut-U106_0InvLut"/>
					<portRef name="D" instanceRef="cnt_lcd_reg[6]"/>
				</net>
				<net name="net_Lut-U107_0InvLut">
					<portRef name="O" instanceRef="Lut-U107_0InvLut"/>
					<portRef name="D" instanceRef="cnt_lcd_reg[7]"/>
				</net>
				<net name="net_Lut-U116_0_2InvLut">
					<portRef name="O" instanceRef="Lut-U116_0_2InvLut"/>
					<portRef name="D" instanceRef="lcd_db_reg[0]"/>
				</net>
				<net name="net_Lut-U139_0_2InvLut">
					<portRef name="O" instanceRef="Lut-U139_0_2InvLut"/>
					<portRef name="D" instanceRef="lcd_db_reg[6]"/>
				</net>
				<net name="net_Lut-U110_0_2InvLut">
					<portRef name="O" instanceRef="Lut-U110_0_2InvLut"/>
					<portRef name="D" instanceRef="lcd_db_reg[2]"/>
				</net>
				<net name="net_Lut-U171_1InvLut">
					<portRef name="O" instanceRef="Lut-U171_1InvLut"/>
					<portRef name="D" instanceRef="lcd_db_reg[3]"/>
				</net>
				<net name="net_Lut-U150_1InvLut">
					<portRef name="O" instanceRef="Lut-U150_1InvLut"/>
					<portRef name="D" instanceRef="lcd_db_reg[5]"/>
				</net>
				<net name="net_Lut-U159_1InvLut">
					<portRef name="O" instanceRef="Lut-U159_1InvLut"/>
					<portRef name="D" instanceRef="lcd_db_reg[4]"/>
				</net>
				<net name="net_Lut-U125_0InvLut">
					<portRef name="O" instanceRef="Lut-U125_0InvLut"/>
					<portRef name="D" instanceRef="lcd_db_reg[1]"/>
				</net>
				<net name="lcd_db[7]">
					<portRef name="PAD" instanceRef="lcd_db[7]_opad"/>
					<portRef name="O" instanceRef="Buf-pad-lcd_db[7]"/>
					<portRef name="lcd_db[7]"/>
				</net>
				<net name="lcd_db[6]">
					<portRef name="PAD" instanceRef="lcd_db[6]_opad"/>
					<portRef name="O" instanceRef="Buf-pad-lcd_db[6]"/>
					<portRef name="lcd_db[6]"/>
				</net>
				<net name="lcd_db[5]">
					<portRef name="PAD" instanceRef="lcd_db[5]_opad"/>
					<portRef name="O" instanceRef="Buf-pad-lcd_db[5]"/>
					<portRef name="lcd_db[5]"/>
				</net>
				<net name="lcd_db[4]">
					<portRef name="PAD" instanceRef="lcd_db[4]_opad"/>
					<portRef name="O" instanceRef="Buf-pad-lcd_db[4]"/>
					<portRef name="lcd_db[4]"/>
				</net>
				<net name="lcd_db[3]">
					<portRef name="PAD" instanceRef="lcd_db[3]_opad"/>
					<portRef name="O" instanceRef="Buf-pad-lcd_db[3]"/>
					<portRef name="lcd_db[3]"/>
				</net>
				<net name="lcd_db[2]">
					<portRef name="PAD" instanceRef="lcd_db[2]_opad"/>
					<portRef name="O" instanceRef="Buf-pad-lcd_db[2]"/>
					<portRef name="lcd_db[2]"/>
				</net>
				<net name="lcd_db[1]">
					<portRef name="PAD" instanceRef="lcd_db[1]_opad"/>
					<portRef name="O" instanceRef="Buf-pad-lcd_db[1]"/>
					<portRef name="lcd_db[1]"/>
				</net>
				<net name="lcd_db[0]">
					<portRef name="PAD" instanceRef="lcd_db[0]_opad"/>
					<portRef name="O" instanceRef="Buf-pad-lcd_db[0]"/>
					<portRef name="lcd_db[0]"/>
				</net>
				<net name="lcd_en">
					<portRef name="PAD" instanceRef="lcd_en_opad"/>
					<portRef name="O" instanceRef="Buf-pad-lcd_en"/>
					<portRef name="lcd_en"/>
				</net>
				<net name="lcd_rs">
					<portRef name="PAD" instanceRef="lcd_rs_opad"/>
					<portRef name="O" instanceRef="Buf-pad-lcd_rs"/>
					<portRef name="lcd_rs"/>
				</net>
				<net name="lcd_rw">
					<portRef name="PAD" instanceRef="lcd_rw_opad"/>
					<portRef name="O" instanceRef="Buf-pad-lcd_rw"/>
					<portRef name="lcd_rw"/>
				</net>
				<net name="lcd_rst">
					<portRef name="PAD" instanceRef="lcd_rst_opad"/>
					<portRef name="O" instanceRef="Buf-pad-lcd_rst"/>
					<portRef name="lcd_rst"/>
				</net>
			</contents>
		</module>
	</library>
	<topModule name="display" libraryRef="work_lib"/>
</design>

