<design name="lab6">
	<external name="cell_lib">
		<module name="IPAD" type="MACRO">
			<port name="PAD" direction="input"/>
		</module>
		<module name="LOGIC_1" type="MACRO">
			<property name="truthtable" value="|1"/>
			<port name="LOGIC_1_PIN" direction="output"/>
		</module>
		<module name="LOGIC_0" type="MACRO">
			<property name="truthtable" value="|0"/>
			<port name="LOGIC_0_PIN" direction="output"/>
		</module>
		<module name="LUT4" type="LUT">
			<port name="ADR0" direction="input"/>
			<port name="ADR1" direction="input"/>
			<port name="ADR2" direction="input"/>
			<port name="ADR3" direction="input"/>
			<port name="O" direction="output"/>
		</module>
		<module name="LUT3" type="LUT">
			<port name="ADR0" direction="input"/>
			<port name="ADR1" direction="input"/>
			<port name="ADR2" direction="input"/>
			<port name="O" direction="output"/>
		</module>
		<module name="LUT2" type="LUT">
			<port name="ADR0" direction="input"/>
			<port name="ADR1" direction="input"/>
			<port name="O" direction="output"/>
		</module>
		<module name="IBUF" type="COMB">
			<property name="truthtable" value="1"/>
			<port name="I" direction="input"/>
			<port name="O" direction="output"/>
		</module>
		<module name="CLKBUF" type="COMB">
			<property name="truthtable" value="1"/>
			<port name="I" direction="input"/>
			<port name="O" direction="output"/>
		</module>
		<module name="OBUF" type="COMB">
			<property name="truthtable" value="1"/>
			<port name="I" direction="input"/>
			<port name="O" direction="output"/>
		</module>
		<module name="DFFHQ" type="FFLATCH">
			<property name="edge" value="rise"/>
			<port name="D" direction="input"/>
			<port name="CK" direction="input" type="clock"/>
			<port name="Q" direction="output"/>
		</module>
		<module name="OPAD" type="MACRO">
			<port name="PAD" direction="output"/>
		</module>
	</external>
	<library name="work_lib">
		<module name="lab6">
			<port name="RPB" msb="10" lsb="0" direction="input"/>
			<port name="clk" direction="input"/>
			<port name="LED1" msb="7" lsb="0" direction="output"/>
			<port name="LED0" msb="7" lsb="0" direction="output"/>
			<contents>
				<instance name="RPB[10]_ipad" moduleRef="IPAD" libraryRef="cell_lib"/>
				<instance name="RPB[9]_ipad" moduleRef="IPAD" libraryRef="cell_lib"/>
				<instance name="RPB[8]_ipad" moduleRef="IPAD" libraryRef="cell_lib"/>
				<instance name="RPB[7]_ipad" moduleRef="IPAD" libraryRef="cell_lib"/>
				<instance name="RPB[6]_ipad" moduleRef="IPAD" libraryRef="cell_lib"/>
				<instance name="RPB[5]_ipad" moduleRef="IPAD" libraryRef="cell_lib"/>
				<instance name="RPB[4]_ipad" moduleRef="IPAD" libraryRef="cell_lib"/>
				<instance name="RPB[3]_ipad" moduleRef="IPAD" libraryRef="cell_lib"/>
				<instance name="RPB[2]_ipad" moduleRef="IPAD" libraryRef="cell_lib"/>
				<instance name="RPB[1]_ipad" moduleRef="IPAD" libraryRef="cell_lib"/>
				<instance name="RPB[0]_ipad" moduleRef="IPAD" libraryRef="cell_lib"/>
				<instance name="clk_ipad" moduleRef="IPAD" libraryRef="cell_lib"/>
				<instance name="U48" moduleRef="LOGIC_1" libraryRef="cell_lib"/>
				<instance name="U49" moduleRef="LOGIC_0" libraryRef="cell_lib"/>
				<instance name="Lut-U56_2" moduleRef="LUT4" libraryRef="cell_lib">
					<property name="INIT" value="2202"/>
				</instance>
				<instance name="Lut-U58_0" moduleRef="LUT4" libraryRef="cell_lib">
					<property name="INIT" value="0004"/>
				</instance>
				<instance name="Lut-U53_0_2" moduleRef="LUT4" libraryRef="cell_lib">
					<property name="INIT" value="0008"/>
				</instance>
				<instance name="Lut-U83_0_2" moduleRef="LUT3" libraryRef="cell_lib">
					<property name="INIT" value="80"/>
				</instance>
				<instance name="Lut-U59_2" moduleRef="LUT4" libraryRef="cell_lib">
					<property name="INIT" value="0002"/>
				</instance>
				<instance name="Lut-U60_1" moduleRef="LUT4" libraryRef="cell_lib">
					<property name="INIT" value="0004"/>
				</instance>
				<instance name="Lut-U51_0_1" moduleRef="LUT4" libraryRef="cell_lib">
					<property name="INIT" value="2202"/>
				</instance>
				<instance name="Lut-U64_0_2" moduleRef="LUT4" libraryRef="cell_lib">
					<property name="INIT" value="00A2"/>
				</instance>
				<instance name="Lut-U56_0" moduleRef="LUT4" libraryRef="cell_lib">
					<property name="INIT" value="0002"/>
				</instance>
				<instance name="Lut-U62_0_2" moduleRef="LUT4" libraryRef="cell_lib">
					<property name="INIT" value="8A2A"/>
				</instance>
				<instance name="Lut-U79_0_1" moduleRef="LUT4" libraryRef="cell_lib">
					<property name="INIT" value="0020"/>
				</instance>
				<instance name="Lut-U79_0_2" moduleRef="LUT3" libraryRef="cell_lib">
					<property name="INIT" value="02"/>
				</instance>
				<instance name="Lut-U59_0" moduleRef="LUT4" libraryRef="cell_lib">
					<property name="INIT" value="0004"/>
				</instance>
				<instance name="Lut-U65_0_2" moduleRef="LUT3" libraryRef="cell_lib">
					<property name="INIT" value="80"/>
				</instance>
				<instance name="Lut-U70_0_2" moduleRef="LUT3" libraryRef="cell_lib">
					<property name="INIT" value="80"/>
				</instance>
				<instance name="Lut-U55_0_1" moduleRef="LUT4" libraryRef="cell_lib">
					<property name="INIT" value="1101"/>
				</instance>
				<instance name="Lut-U54_0_1" moduleRef="LUT4" libraryRef="cell_lib">
					<property name="INIT" value="0002"/>
				</instance>
				<instance name="Lut-U73_0_2" moduleRef="LUT3" libraryRef="cell_lib">
					<property name="INIT" value="02"/>
				</instance>
				<instance name="Lut-U83_0_0" moduleRef="LUT4" libraryRef="cell_lib">
					<property name="INIT" value="0100"/>
				</instance>
				<instance name="Lut-U85_1" moduleRef="LUT3" libraryRef="cell_lib">
					<property name="INIT" value="01"/>
				</instance>
				<instance name="Lut-U84_2" moduleRef="LUT4" libraryRef="cell_lib">
					<property name="INIT" value="0001"/>
				</instance>
				<instance name="Lut-U67_0_2" moduleRef="LUT3" libraryRef="cell_lib">
					<property name="INIT" value="02"/>
				</instance>
				<instance name="Lut-U78_0_2" moduleRef="LUT3" libraryRef="cell_lib">
					<property name="INIT" value="02"/>
				</instance>
				<instance name="Lut-U61_0_0" moduleRef="LUT4" libraryRef="cell_lib">
					<property name="INIT" value="DD0D"/>
				</instance>
				<instance name="Lut-U78_0_1" moduleRef="LUT4" libraryRef="cell_lib">
					<property name="INIT" value="0008"/>
				</instance>
				<instance name="Lut-U64_0_0" moduleRef="LUT4" libraryRef="cell_lib">
					<property name="INIT" value="0002"/>
				</instance>
				<instance name="Lut-U67_0_1" moduleRef="LUT4" libraryRef="cell_lib">
					<property name="INIT" value="0020"/>
				</instance>
				<instance name="Lut-U62_0_0" moduleRef="LUT4" libraryRef="cell_lib">
					<property name="INIT" value="0008"/>
				</instance>
				<instance name="Lut-U76_1" moduleRef="LUT3" libraryRef="cell_lib">
					<property name="INIT" value="08"/>
				</instance>
				<instance name="Lut-U80_0_0" moduleRef="LUT4" libraryRef="cell_lib">
					<property name="INIT" value="0100"/>
				</instance>
				<instance name="Lut-U79_0_0" moduleRef="LUT4" libraryRef="cell_lib">
					<property name="INIT" value="0800"/>
				</instance>
				<instance name="Lut-U61_0_1" moduleRef="LUT4" libraryRef="cell_lib">
					<property name="INIT" value="1101"/>
				</instance>
				<instance name="Lut-U65_0_0" moduleRef="LUT4" libraryRef="cell_lib">
					<property name="INIT" value="0002"/>
				</instance>
				<instance name="Lut-U81_2" moduleRef="LUT4" libraryRef="cell_lib">
					<property name="INIT" value="0001"/>
				</instance>
				<instance name="Lut-U70_0_0" moduleRef="LUT3" libraryRef="cell_lib">
					<property name="INIT" value="02"/>
				</instance>
				<instance name="Lut-U63_0_0" moduleRef="LUT4" libraryRef="cell_lib">
					<property name="INIT" value="0080"/>
				</instance>
				<instance name="Lut-U69_0_2" moduleRef="LUT3" libraryRef="cell_lib">
					<property name="INIT" value="02"/>
				</instance>
				<instance name="Lut-U73_0_0" moduleRef="LUT4" libraryRef="cell_lib">
					<property name="INIT" value="0800"/>
				</instance>
				<instance name="Lut-U67_0_0" moduleRef="LUT4" libraryRef="cell_lib">
					<property name="INIT" value="0800"/>
				</instance>
				<instance name="Lut-U78_0_0" moduleRef="LUT4" libraryRef="cell_lib">
					<property name="INIT" value="0080"/>
				</instance>
				<instance name="Lut-U77_0_1" moduleRef="LUT4" libraryRef="cell_lib">
					<property name="INIT" value="0020"/>
				</instance>
				<instance name="Lut-U75_0_0" moduleRef="LUT4" libraryRef="cell_lib">
					<property name="INIT" value="0080"/>
				</instance>
				<instance name="Lut-U68_0_0" moduleRef="LUT4" libraryRef="cell_lib">
					<property name="INIT" value="5551"/>
				</instance>
				<instance name="Lut-U77_0_2" moduleRef="LUT3" libraryRef="cell_lib">
					<property name="INIT" value="02"/>
				</instance>
				<instance name="Lut-U74_0_0" moduleRef="LUT4" libraryRef="cell_lib">
					<property name="INIT" value="0002"/>
				</instance>
				<instance name="Lut-U72_0_0" moduleRef="LUT4" libraryRef="cell_lib">
					<property name="INIT" value="DD0D"/>
				</instance>
				<instance name="Lut-U75_0_1" moduleRef="LUT2" libraryRef="cell_lib">
					<property name="INIT" value="2"/>
				</instance>
				<instance name="Lut-U63_0_1" moduleRef="LUT2" libraryRef="cell_lib">
					<property name="INIT" value="2"/>
				</instance>
				<instance name="Lut-U69_0_0" moduleRef="LUT4" libraryRef="cell_lib">
					<property name="INIT" value="0080"/>
				</instance>
				<instance name="Lut-U77_0_0" moduleRef="LUT4" libraryRef="cell_lib">
					<property name="INIT" value="0800"/>
				</instance>
				<instance name="Lut-U73_0_1" moduleRef="LUT4" libraryRef="cell_lib">
					<property name="INIT" value="0020"/>
				</instance>
				<instance name="Lut-U56_2InvLut" moduleRef="LUT2" libraryRef="cell_lib">
					<property name="INIT" value="5"/>
				</instance>
				<instance name="Lut-U58_0InvLut" moduleRef="LUT2" libraryRef="cell_lib">
					<property name="INIT" value="5"/>
				</instance>
				<instance name="Lut-U53_0_2InvLut" moduleRef="LUT2" libraryRef="cell_lib">
					<property name="INIT" value="5"/>
				</instance>
				<instance name="Lut-U83_0_2InvLut" moduleRef="LUT2" libraryRef="cell_lib">
					<property name="INIT" value="5"/>
				</instance>
				<instance name="Lut-U59_2InvLut" moduleRef="LUT2" libraryRef="cell_lib">
					<property name="INIT" value="5"/>
				</instance>
				<instance name="Lut-U60_1InvLut" moduleRef="LUT2" libraryRef="cell_lib">
					<property name="INIT" value="5"/>
				</instance>
				<instance name="Lut-U51_0_1InvLut" moduleRef="LUT2" libraryRef="cell_lib">
					<property name="INIT" value="5"/>
				</instance>
				<instance name="Lut-U64_0_2InvLut" moduleRef="LUT2" libraryRef="cell_lib">
					<property name="INIT" value="5"/>
				</instance>
				<instance name="Buf-pad-RPB[10]" moduleRef="IBUF" libraryRef="cell_lib"/>
				<instance name="Buf-pad-RPB[9]" moduleRef="IBUF" libraryRef="cell_lib"/>
				<instance name="Buf-pad-RPB[8]" moduleRef="IBUF" libraryRef="cell_lib"/>
				<instance name="Buf-pad-RPB[7]" moduleRef="IBUF" libraryRef="cell_lib"/>
				<instance name="Buf-pad-RPB[6]" moduleRef="IBUF" libraryRef="cell_lib"/>
				<instance name="Buf-pad-RPB[5]" moduleRef="IBUF" libraryRef="cell_lib"/>
				<instance name="Buf-pad-RPB[4]" moduleRef="IBUF" libraryRef="cell_lib"/>
				<instance name="Buf-pad-RPB[3]" moduleRef="IBUF" libraryRef="cell_lib"/>
				<instance name="Buf-pad-RPB[2]" moduleRef="IBUF" libraryRef="cell_lib"/>
				<instance name="Buf-pad-RPB[1]" moduleRef="IBUF" libraryRef="cell_lib"/>
				<instance name="Buf-pad-RPB[0]" moduleRef="IBUF" libraryRef="cell_lib"/>
				<instance name="Buf-pad-clk" moduleRef="CLKBUF" libraryRef="cell_lib"/>
				<instance name="IBuf-clkpad-clk" moduleRef="CLKBUF" libraryRef="cell_lib"/>
				<instance name="Buf-pad-LED1[7]" moduleRef="OBUF" libraryRef="cell_lib"/>
				<instance name="Buf-pad-LED1[6]" moduleRef="OBUF" libraryRef="cell_lib"/>
				<instance name="Buf-pad-LED1[5]" moduleRef="OBUF" libraryRef="cell_lib"/>
				<instance name="Buf-pad-LED1[4]" moduleRef="OBUF" libraryRef="cell_lib"/>
				<instance name="Buf-pad-LED1[3]" moduleRef="OBUF" libraryRef="cell_lib"/>
				<instance name="Buf-pad-LED1[2]" moduleRef="OBUF" libraryRef="cell_lib"/>
				<instance name="Buf-pad-LED1[1]" moduleRef="OBUF" libraryRef="cell_lib"/>
				<instance name="Buf-pad-LED1[0]" moduleRef="OBUF" libraryRef="cell_lib"/>
				<instance name="Buf-pad-LED0[7]" moduleRef="OBUF" libraryRef="cell_lib"/>
				<instance name="Buf-pad-LED0[6]" moduleRef="OBUF" libraryRef="cell_lib"/>
				<instance name="Buf-pad-LED0[5]" moduleRef="OBUF" libraryRef="cell_lib"/>
				<instance name="Buf-pad-LED0[4]" moduleRef="OBUF" libraryRef="cell_lib"/>
				<instance name="Buf-pad-LED0[3]" moduleRef="OBUF" libraryRef="cell_lib"/>
				<instance name="Buf-pad-LED0[2]" moduleRef="OBUF" libraryRef="cell_lib"/>
				<instance name="Buf-pad-LED0[1]" moduleRef="OBUF" libraryRef="cell_lib"/>
				<instance name="Buf-pad-LED0[0]" moduleRef="OBUF" libraryRef="cell_lib"/>
				<instance name="LED1_reg[2]" moduleRef="DFFHQ" libraryRef="cell_lib"/>
				<instance name="LED0_reg[7]" moduleRef="DFFHQ" libraryRef="cell_lib"/>
				<instance name="LED0_reg[6]" moduleRef="DFFHQ" libraryRef="cell_lib"/>
				<instance name="LED0_reg[5]" moduleRef="DFFHQ" libraryRef="cell_lib"/>
				<instance name="LED0_reg[4]" moduleRef="DFFHQ" libraryRef="cell_lib"/>
				<instance name="LED0_reg[3]" moduleRef="DFFHQ" libraryRef="cell_lib"/>
				<instance name="LED0_reg[2]" moduleRef="DFFHQ" libraryRef="cell_lib"/>
				<instance name="LED0_reg[1]" moduleRef="DFFHQ" libraryRef="cell_lib"/>
				<instance name="LED1[7]_opad" moduleRef="OPAD" libraryRef="cell_lib"/>
				<instance name="LED1[6]_opad" moduleRef="OPAD" libraryRef="cell_lib"/>
				<instance name="LED1[5]_opad" moduleRef="OPAD" libraryRef="cell_lib"/>
				<instance name="LED1[4]_opad" moduleRef="OPAD" libraryRef="cell_lib"/>
				<instance name="LED1[3]_opad" moduleRef="OPAD" libraryRef="cell_lib"/>
				<instance name="LED1[2]_opad" moduleRef="OPAD" libraryRef="cell_lib"/>
				<instance name="LED1[1]_opad" moduleRef="OPAD" libraryRef="cell_lib"/>
				<instance name="LED1[0]_opad" moduleRef="OPAD" libraryRef="cell_lib"/>
				<instance name="LED0[7]_opad" moduleRef="OPAD" libraryRef="cell_lib"/>
				<instance name="LED0[6]_opad" moduleRef="OPAD" libraryRef="cell_lib"/>
				<instance name="LED0[5]_opad" moduleRef="OPAD" libraryRef="cell_lib"/>
				<instance name="LED0[4]_opad" moduleRef="OPAD" libraryRef="cell_lib"/>
				<instance name="LED0[3]_opad" moduleRef="OPAD" libraryRef="cell_lib"/>
				<instance name="LED0[2]_opad" moduleRef="OPAD" libraryRef="cell_lib"/>
				<instance name="LED0[1]_opad" moduleRef="OPAD" libraryRef="cell_lib"/>
				<instance name="LED0[0]_opad" moduleRef="OPAD" libraryRef="cell_lib"/>
				<net name="RPB[10]">
					<portRef name="RPB[10]"/>
					<portRef name="PAD" instanceRef="RPB[10]_ipad"/>
					<portRef name="I" instanceRef="Buf-pad-RPB[10]"/>
				</net>
				<net name="RPB[9]">
					<portRef name="RPB[9]"/>
					<portRef name="PAD" instanceRef="RPB[9]_ipad"/>
					<portRef name="I" instanceRef="Buf-pad-RPB[9]"/>
				</net>
				<net name="RPB[8]">
					<portRef name="RPB[8]"/>
					<portRef name="PAD" instanceRef="RPB[8]_ipad"/>
					<portRef name="I" instanceRef="Buf-pad-RPB[8]"/>
				</net>
				<net name="RPB[7]">
					<portRef name="RPB[7]"/>
					<portRef name="PAD" instanceRef="RPB[7]_ipad"/>
					<portRef name="I" instanceRef="Buf-pad-RPB[7]"/>
				</net>
				<net name="RPB[6]">
					<portRef name="RPB[6]"/>
					<portRef name="PAD" instanceRef="RPB[6]_ipad"/>
					<portRef name="I" instanceRef="Buf-pad-RPB[6]"/>
				</net>
				<net name="RPB[5]">
					<portRef name="RPB[5]"/>
					<portRef name="PAD" instanceRef="RPB[5]_ipad"/>
					<portRef name="I" instanceRef="Buf-pad-RPB[5]"/>
				</net>
				<net name="RPB[4]">
					<portRef name="RPB[4]"/>
					<portRef name="PAD" instanceRef="RPB[4]_ipad"/>
					<portRef name="I" instanceRef="Buf-pad-RPB[4]"/>
				</net>
				<net name="RPB[3]">
					<portRef name="RPB[3]"/>
					<portRef name="PAD" instanceRef="RPB[3]_ipad"/>
					<portRef name="I" instanceRef="Buf-pad-RPB[3]"/>
				</net>
				<net name="RPB[2]">
					<portRef name="RPB[2]"/>
					<portRef name="PAD" instanceRef="RPB[2]_ipad"/>
					<portRef name="I" instanceRef="Buf-pad-RPB[2]"/>
				</net>
				<net name="RPB[1]">
					<portRef name="RPB[1]"/>
					<portRef name="PAD" instanceRef="RPB[1]_ipad"/>
					<portRef name="I" instanceRef="Buf-pad-RPB[1]"/>
				</net>
				<net name="RPB[0]">
					<portRef name="RPB[0]"/>
					<portRef name="PAD" instanceRef="RPB[0]_ipad"/>
					<portRef name="I" instanceRef="Buf-pad-RPB[0]"/>
				</net>
				<net name="clk">
					<portRef name="clk"/>
					<portRef name="PAD" instanceRef="clk_ipad"/>
					<portRef name="I" instanceRef="Buf-pad-clk"/>
				</net>
				<net name="net_Lut-U56_0">
					<portRef name="O" instanceRef="Lut-U56_0"/>
					<portRef name="ADR0" instanceRef="Lut-U56_2"/>
				</net>
				<net name="net_Lut-U62_0_2">
					<portRef name="O" instanceRef="Lut-U62_0_2"/>
					<portRef name="ADR1" instanceRef="Lut-U56_2"/>
					<portRef name="ADR2" instanceRef="Lut-U60_1"/>
					<portRef name="ADR1" instanceRef="Lut-U54_0_1"/>
				</net>
				<net name="net_Lut-U79_0_1">
					<portRef name="O" instanceRef="Lut-U79_0_1"/>
					<portRef name="ADR2" instanceRef="Lut-U56_2"/>
					<portRef name="ADR0" instanceRef="Lut-U72_0_0"/>
				</net>
				<net name="net_Buf-pad-RPB[3]">
					<portRef name="O" instanceRef="Buf-pad-RPB[3]"/>
					<portRef name="ADR3" instanceRef="Lut-U56_2"/>
					<portRef name="ADR3" instanceRef="Lut-U51_0_1"/>
					<portRef name="ADR2" instanceRef="Lut-U79_0_2"/>
					<portRef name="ADR1" instanceRef="Lut-U84_2"/>
					<portRef name="ADR2" instanceRef="Lut-U78_0_2"/>
					<portRef name="ADR2" instanceRef="Lut-U65_0_0"/>
					<portRef name="ADR2" instanceRef="Lut-U77_0_1"/>
					<portRef name="ADR3" instanceRef="Lut-U68_0_0"/>
					<portRef name="ADR1" instanceRef="Lut-U72_0_0"/>
					<portRef name="ADR3" instanceRef="Lut-U77_0_0"/>
				</net>
				<net name="net_Lut-U79_0_2">
					<portRef name="O" instanceRef="Lut-U79_0_2"/>
					<portRef name="ADR0" instanceRef="Lut-U58_0"/>
					<portRef name="ADR0" instanceRef="Lut-U55_0_1"/>
				</net>
				<net name="net_Lut-U59_0">
					<portRef name="O" instanceRef="Lut-U59_0"/>
					<portRef name="ADR1" instanceRef="Lut-U58_0"/>
				</net>
				<net name="net_Lut-U65_0_2">
					<portRef name="O" instanceRef="Lut-U65_0_2"/>
					<portRef name="ADR2" instanceRef="Lut-U58_0"/>
					<portRef name="ADR2" instanceRef="Lut-U59_2"/>
					<portRef name="ADR1" instanceRef="Lut-U51_0_1"/>
					<portRef name="ADR3" instanceRef="Lut-U64_0_2"/>
					<portRef name="ADR2" instanceRef="Lut-U56_0"/>
					<portRef name="ADR3" instanceRef="Lut-U62_0_0"/>
				</net>
				<net name="net_Lut-U70_0_2">
					<portRef name="O" instanceRef="Lut-U70_0_2"/>
					<portRef name="ADR3" instanceRef="Lut-U58_0"/>
					<portRef name="ADR3" instanceRef="Lut-U59_2"/>
					<portRef name="ADR2" instanceRef="Lut-U54_0_1"/>
					<portRef name="ADR0" instanceRef="Lut-U68_0_0"/>
				</net>
				<net name="net_Lut-U55_0_1">
					<portRef name="O" instanceRef="Lut-U55_0_1"/>
					<portRef name="ADR0" instanceRef="Lut-U53_0_2"/>
				</net>
				<net name="net_Lut-U54_0_1">
					<portRef name="O" instanceRef="Lut-U54_0_1"/>
					<portRef name="ADR1" instanceRef="Lut-U53_0_2"/>
					<portRef name="ADR0" instanceRef="Lut-U51_0_1"/>
				</net>
				<net name="net_Lut-U83_0_2">
					<portRef name="O" instanceRef="Lut-U83_0_2"/>
					<portRef name="ADR2" instanceRef="Lut-U53_0_2"/>
					<portRef name="ADR3" instanceRef="Lut-U60_1"/>
					<portRef name="ADR2" instanceRef="Lut-U59_0"/>
					<portRef name="ADR3" instanceRef="Lut-U64_0_0"/>
					<portRef name="ADR0" instanceRef="Lut-U83_0_2InvLut"/>
				</net>
				<net name="net_Lut-U73_0_2">
					<portRef name="O" instanceRef="Lut-U73_0_2"/>
					<portRef name="ADR3" instanceRef="Lut-U53_0_2"/>
					<portRef name="ADR3" instanceRef="Lut-U56_0"/>
				</net>
				<net name="net_Lut-U83_0_0">
					<portRef name="O" instanceRef="Lut-U83_0_0"/>
					<portRef name="ADR0" instanceRef="Lut-U83_0_2"/>
				</net>
				<net name="net_Lut-U85_1">
					<portRef name="O" instanceRef="Lut-U85_1"/>
					<portRef name="ADR1" instanceRef="Lut-U83_0_2"/>
					<portRef name="ADR2" instanceRef="Lut-U65_0_2"/>
					<portRef name="ADR0" instanceRef="Lut-U79_0_0"/>
					<portRef name="ADR1" instanceRef="Lut-U73_0_0"/>
					<portRef name="ADR1" instanceRef="Lut-U67_0_0"/>
					<portRef name="ADR1" instanceRef="Lut-U78_0_0"/>
					<portRef name="ADR2" instanceRef="Lut-U69_0_0"/>
					<portRef name="ADR0" instanceRef="Lut-U77_0_0"/>
				</net>
				<net name="net_Lut-U84_2">
					<portRef name="O" instanceRef="Lut-U84_2"/>
					<portRef name="ADR2" instanceRef="Lut-U83_0_2"/>
					<portRef name="ADR2" instanceRef="Lut-U70_0_2"/>
					<portRef name="ADR0" instanceRef="Lut-U76_1"/>
					<portRef name="ADR1" instanceRef="Lut-U63_0_0"/>
					<portRef name="ADR0" instanceRef="Lut-U73_0_0"/>
					<portRef name="ADR0" instanceRef="Lut-U67_0_0"/>
					<portRef name="ADR1" instanceRef="Lut-U75_0_0"/>
					<portRef name="ADR0" instanceRef="Lut-U74_0_0"/>
					<portRef name="ADR1" instanceRef="Lut-U69_0_0"/>
				</net>
				<net name="net_Lut-U60_1">
					<portRef name="O" instanceRef="Lut-U60_1"/>
					<portRef name="ADR0" instanceRef="Lut-U59_2"/>
					<portRef name="ADR0" instanceRef="Lut-U60_1InvLut"/>
				</net>
				<net name="net_Lut-U67_0_2">
					<portRef name="O" instanceRef="Lut-U67_0_2"/>
					<portRef name="ADR1" instanceRef="Lut-U59_2"/>
					<portRef name="ADR1" instanceRef="Lut-U56_0"/>
					<portRef name="ADR3" instanceRef="Lut-U59_0"/>
					<portRef name="ADR1" instanceRef="Lut-U55_0_1"/>
					<portRef name="ADR2" instanceRef="Lut-U62_0_0"/>
				</net>
				<net name="net_Lut-U78_0_2">
					<portRef name="O" instanceRef="Lut-U78_0_2"/>
					<portRef name="ADR0" instanceRef="Lut-U60_1"/>
					<portRef name="ADR0" instanceRef="Lut-U59_0"/>
				</net>
				<net name="net_Lut-U61_0_0">
					<portRef name="O" instanceRef="Lut-U61_0_0"/>
					<portRef name="ADR1" instanceRef="Lut-U60_1"/>
					<portRef name="ADR0" instanceRef="Lut-U54_0_1"/>
				</net>
				<net name="net_Lut-U78_0_1">
					<portRef name="O" instanceRef="Lut-U78_0_1"/>
					<portRef name="ADR2" instanceRef="Lut-U51_0_1"/>
				</net>
				<net name="net_Lut-U64_0_0">
					<portRef name="O" instanceRef="Lut-U64_0_0"/>
					<portRef name="ADR0" instanceRef="Lut-U64_0_2"/>
					<portRef name="ADR0" instanceRef="Lut-U56_0"/>
					<portRef name="ADR1" instanceRef="Lut-U62_0_0"/>
				</net>
				<net name="net_Lut-U67_0_1">
					<portRef name="O" instanceRef="Lut-U67_0_1"/>
					<portRef name="ADR1" instanceRef="Lut-U64_0_2"/>
				</net>
				<net name="net_Buf-pad-RPB[10]">
					<portRef name="O" instanceRef="Buf-pad-RPB[10]"/>
					<portRef name="ADR2" instanceRef="Lut-U64_0_2"/>
					<portRef name="ADR0" instanceRef="Lut-U83_0_0"/>
					<portRef name="ADR2" instanceRef="Lut-U67_0_2"/>
					<portRef name="ADR1" instanceRef="Lut-U81_2"/>
					<portRef name="ADR2" instanceRef="Lut-U69_0_2"/>
					<portRef name="ADR3" instanceRef="Lut-U73_0_0"/>
					<portRef name="ADR2" instanceRef="Lut-U73_0_1"/>
				</net>
				<net name="net_Lut-U62_0_0">
					<portRef name="O" instanceRef="Lut-U62_0_0"/>
					<portRef name="ADR0" instanceRef="Lut-U62_0_2"/>
					<portRef name="ADR2" instanceRef="Lut-U61_0_1"/>
				</net>
				<net name="net_Buf-pad-RPB[1]">
					<portRef name="O" instanceRef="Buf-pad-RPB[1]"/>
					<portRef name="ADR1" instanceRef="Lut-U62_0_2"/>
					<portRef name="ADR3" instanceRef="Lut-U55_0_1"/>
					<portRef name="ADR1" instanceRef="Lut-U85_1"/>
					<portRef name="ADR1" instanceRef="Lut-U80_0_0"/>
					<portRef name="ADR2" instanceRef="Lut-U70_0_0"/>
					<portRef name="ADR0" instanceRef="Lut-U75_0_0"/>
					<portRef name="ADR2" instanceRef="Lut-U74_0_0"/>
					<portRef name="ADR1" instanceRef="Lut-U63_0_1"/>
				</net>
				<net name="net_Lut-U76_1">
					<portRef name="O" instanceRef="Lut-U76_1"/>
					<portRef name="ADR2" instanceRef="Lut-U62_0_2"/>
				</net>
				<net name="net_Buf-pad-RPB[0]">
					<portRef name="O" instanceRef="Buf-pad-RPB[0]"/>
					<portRef name="ADR3" instanceRef="Lut-U62_0_2"/>
					<portRef name="ADR0" instanceRef="Lut-U85_1"/>
					<portRef name="ADR3" instanceRef="Lut-U61_0_0"/>
					<portRef name="ADR0" instanceRef="Lut-U80_0_0"/>
					<portRef name="ADR1" instanceRef="Lut-U70_0_0"/>
					<portRef name="ADR0" instanceRef="Lut-U63_0_0"/>
					<portRef name="ADR1" instanceRef="Lut-U74_0_0"/>
					<portRef name="ADR1" instanceRef="Lut-U75_0_1"/>
				</net>
				<net name="net_Lut-U80_0_0">
					<portRef name="O" instanceRef="Lut-U80_0_0"/>
					<portRef name="ADR0" instanceRef="Lut-U79_0_1"/>
					<portRef name="ADR1" instanceRef="Lut-U78_0_1"/>
					<portRef name="ADR0" instanceRef="Lut-U77_0_1"/>
				</net>
				<net name="net_Buf-pad-RPB[6]">
					<portRef name="O" instanceRef="Buf-pad-RPB[6]"/>
					<portRef name="ADR1" instanceRef="Lut-U79_0_1"/>
					<portRef name="ADR2" instanceRef="Lut-U84_2"/>
					<portRef name="ADR2" instanceRef="Lut-U78_0_1"/>
					<portRef name="ADR2" instanceRef="Lut-U79_0_0"/>
					<portRef name="ADR0" instanceRef="Lut-U65_0_0"/>
					<portRef name="ADR3" instanceRef="Lut-U78_0_0"/>
					<portRef name="ADR1" instanceRef="Lut-U77_0_1"/>
					<portRef name="ADR2" instanceRef="Lut-U77_0_0"/>
				</net>
				<net name="net_Buf-pad-RPB[4]">
					<portRef name="O" instanceRef="Buf-pad-RPB[4]"/>
					<portRef name="ADR2" instanceRef="Lut-U79_0_1"/>
					<portRef name="ADR0" instanceRef="Lut-U84_2"/>
					<portRef name="ADR1" instanceRef="Lut-U78_0_2"/>
					<portRef name="ADR3" instanceRef="Lut-U78_0_1"/>
					<portRef name="ADR3" instanceRef="Lut-U79_0_0"/>
					<portRef name="ADR1" instanceRef="Lut-U65_0_0"/>
					<portRef name="ADR3" instanceRef="Lut-U77_0_1"/>
					<portRef name="ADR2" instanceRef="Lut-U68_0_0"/>
					<portRef name="ADR1" instanceRef="Lut-U77_0_2"/>
				</net>
				<net name="net_Buf-pad-RPB[5]">
					<portRef name="O" instanceRef="Buf-pad-RPB[5]"/>
					<portRef name="ADR3" instanceRef="Lut-U79_0_1"/>
					<portRef name="ADR1" instanceRef="Lut-U79_0_2"/>
					<portRef name="ADR3" instanceRef="Lut-U84_2"/>
					<portRef name="ADR1" instanceRef="Lut-U61_0_0"/>
					<portRef name="ADR0" instanceRef="Lut-U78_0_1"/>
					<portRef name="ADR3" instanceRef="Lut-U65_0_0"/>
					<portRef name="ADR0" instanceRef="Lut-U78_0_0"/>
					<portRef name="ADR2" instanceRef="Lut-U77_0_2"/>
				</net>
				<net name="net_Lut-U79_0_0">
					<portRef name="O" instanceRef="Lut-U79_0_0"/>
					<portRef name="ADR0" instanceRef="Lut-U79_0_2"/>
				</net>
				<net name="net_Lut-U61_0_1">
					<portRef name="O" instanceRef="Lut-U61_0_1"/>
					<portRef name="ADR1" instanceRef="Lut-U59_0"/>
				</net>
				<net name="net_Lut-U65_0_0">
					<portRef name="O" instanceRef="Lut-U65_0_0"/>
					<portRef name="ADR0" instanceRef="Lut-U65_0_2"/>
				</net>
				<net name="net_Lut-U81_2">
					<portRef name="O" instanceRef="Lut-U81_2"/>
					<portRef name="ADR1" instanceRef="Lut-U65_0_2"/>
					<portRef name="ADR1" instanceRef="Lut-U70_0_2"/>
					<portRef name="ADR1" instanceRef="Lut-U76_1"/>
					<portRef name="ADR3" instanceRef="Lut-U80_0_0"/>
					<portRef name="ADR1" instanceRef="Lut-U79_0_0"/>
					<portRef name="ADR2" instanceRef="Lut-U63_0_0"/>
					<portRef name="ADR2" instanceRef="Lut-U78_0_0"/>
					<portRef name="ADR2" instanceRef="Lut-U75_0_0"/>
					<portRef name="ADR1" instanceRef="Lut-U77_0_0"/>
				</net>
				<net name="net_Lut-U70_0_0">
					<portRef name="O" instanceRef="Lut-U70_0_0"/>
					<portRef name="ADR0" instanceRef="Lut-U70_0_2"/>
				</net>
				<net name="net_Lut-U63_0_0">
					<portRef name="O" instanceRef="Lut-U63_0_0"/>
					<portRef name="ADR2" instanceRef="Lut-U55_0_1"/>
					<portRef name="ADR0" instanceRef="Lut-U63_0_1"/>
				</net>
				<net name="net_Lut-U69_0_2">
					<portRef name="O" instanceRef="Lut-U69_0_2"/>
					<portRef name="ADR3" instanceRef="Lut-U54_0_1"/>
					<portRef name="ADR1" instanceRef="Lut-U64_0_0"/>
				</net>
				<net name="net_Lut-U73_0_0">
					<portRef name="O" instanceRef="Lut-U73_0_0"/>
					<portRef name="ADR0" instanceRef="Lut-U73_0_2"/>
				</net>
				<net name="net_Buf-pad-RPB[8]">
					<portRef name="O" instanceRef="Buf-pad-RPB[8]"/>
					<portRef name="ADR1" instanceRef="Lut-U73_0_2"/>
					<portRef name="ADR1" instanceRef="Lut-U83_0_0"/>
					<portRef name="ADR2" instanceRef="Lut-U67_0_1"/>
					<portRef name="ADR3" instanceRef="Lut-U81_2"/>
					<portRef name="ADR1" instanceRef="Lut-U69_0_2"/>
					<portRef name="ADR3" instanceRef="Lut-U67_0_0"/>
					<portRef name="ADR3" instanceRef="Lut-U73_0_1"/>
				</net>
				<net name="net_Buf-pad-RPB[7]">
					<portRef name="O" instanceRef="Buf-pad-RPB[7]"/>
					<portRef name="ADR2" instanceRef="Lut-U73_0_2"/>
					<portRef name="ADR2" instanceRef="Lut-U83_0_0"/>
					<portRef name="ADR1" instanceRef="Lut-U67_0_2"/>
					<portRef name="ADR3" instanceRef="Lut-U67_0_1"/>
					<portRef name="ADR0" instanceRef="Lut-U81_2"/>
					<portRef name="ADR3" instanceRef="Lut-U72_0_0"/>
					<portRef name="ADR0" instanceRef="Lut-U69_0_0"/>
				</net>
				<net name="net_Buf-pad-RPB[9]">
					<portRef name="O" instanceRef="Buf-pad-RPB[9]"/>
					<portRef name="ADR3" instanceRef="Lut-U83_0_0"/>
					<portRef name="ADR1" instanceRef="Lut-U67_0_1"/>
					<portRef name="ADR2" instanceRef="Lut-U81_2"/>
					<portRef name="ADR2" instanceRef="Lut-U73_0_0"/>
					<portRef name="ADR2" instanceRef="Lut-U67_0_0"/>
					<portRef name="ADR3" instanceRef="Lut-U69_0_0"/>
					<portRef name="ADR1" instanceRef="Lut-U73_0_1"/>
				</net>
				<net name="net_Buf-pad-RPB[2]">
					<portRef name="O" instanceRef="Buf-pad-RPB[2]"/>
					<portRef name="ADR2" instanceRef="Lut-U85_1"/>
					<portRef name="ADR2" instanceRef="Lut-U76_1"/>
					<portRef name="ADR2" instanceRef="Lut-U80_0_0"/>
					<portRef name="ADR0" instanceRef="Lut-U70_0_0"/>
					<portRef name="ADR3" instanceRef="Lut-U63_0_0"/>
					<portRef name="ADR3" instanceRef="Lut-U75_0_0"/>
					<portRef name="ADR3" instanceRef="Lut-U74_0_0"/>
				</net>
				<net name="net_Lut-U67_0_0">
					<portRef name="O" instanceRef="Lut-U67_0_0"/>
					<portRef name="ADR0" instanceRef="Lut-U67_0_2"/>
				</net>
				<net name="net_Lut-U78_0_0">
					<portRef name="O" instanceRef="Lut-U78_0_0"/>
					<portRef name="ADR0" instanceRef="Lut-U78_0_2"/>
					<portRef name="ADR1" instanceRef="Lut-U68_0_0"/>
				</net>
				<net name="net_Lut-U77_0_1">
					<portRef name="O" instanceRef="Lut-U77_0_1"/>
					<portRef name="ADR0" instanceRef="Lut-U61_0_0"/>
				</net>
				<net name="net_Lut-U75_0_0">
					<portRef name="O" instanceRef="Lut-U75_0_0"/>
					<portRef name="ADR2" instanceRef="Lut-U61_0_0"/>
					<portRef name="ADR0" instanceRef="Lut-U75_0_1"/>
				</net>
				<net name="net_Lut-U68_0_0">
					<portRef name="O" instanceRef="Lut-U68_0_0"/>
					<portRef name="ADR0" instanceRef="Lut-U64_0_0"/>
				</net>
				<net name="net_Lut-U77_0_2">
					<portRef name="O" instanceRef="Lut-U77_0_2"/>
					<portRef name="ADR2" instanceRef="Lut-U64_0_0"/>
					<portRef name="ADR0" instanceRef="Lut-U61_0_1"/>
				</net>
				<net name="net_Lut-U74_0_0">
					<portRef name="O" instanceRef="Lut-U74_0_0"/>
					<portRef name="ADR0" instanceRef="Lut-U67_0_1"/>
					<portRef name="ADR0" instanceRef="Lut-U73_0_1"/>
				</net>
				<net name="net_Lut-U72_0_0">
					<portRef name="O" instanceRef="Lut-U72_0_0"/>
					<portRef name="ADR0" instanceRef="Lut-U62_0_0"/>
				</net>
				<net name="net_Lut-U75_0_1">
					<portRef name="O" instanceRef="Lut-U75_0_1"/>
					<portRef name="ADR1" instanceRef="Lut-U61_0_1"/>
				</net>
				<net name="net_Lut-U63_0_1">
					<portRef name="O" instanceRef="Lut-U63_0_1"/>
					<portRef name="ADR3" instanceRef="Lut-U61_0_1"/>
				</net>
				<net name="net_Lut-U69_0_0">
					<portRef name="O" instanceRef="Lut-U69_0_0"/>
					<portRef name="ADR0" instanceRef="Lut-U69_0_2"/>
				</net>
				<net name="net_Lut-U77_0_0">
					<portRef name="O" instanceRef="Lut-U77_0_0"/>
					<portRef name="ADR0" instanceRef="Lut-U77_0_2"/>
				</net>
				<net name="net_Lut-U73_0_1">
					<portRef name="O" instanceRef="Lut-U73_0_1"/>
					<portRef name="ADR2" instanceRef="Lut-U72_0_0"/>
				</net>
				<net name="net_Lut-U56_2">
					<portRef name="O" instanceRef="Lut-U56_2"/>
					<portRef name="ADR0" instanceRef="Lut-U56_2InvLut"/>
				</net>
				<net name="net_U48">
					<portRef name="LOGIC_1_PIN" instanceRef="U48"/>
					<portRef name="ADR1" instanceRef="Lut-U56_2InvLut"/>
					<portRef name="ADR1" instanceRef="Lut-U58_0InvLut"/>
					<portRef name="ADR1" instanceRef="Lut-U53_0_2InvLut"/>
					<portRef name="ADR1" instanceRef="Lut-U83_0_2InvLut"/>
					<portRef name="ADR1" instanceRef="Lut-U59_2InvLut"/>
					<portRef name="ADR1" instanceRef="Lut-U60_1InvLut"/>
					<portRef name="ADR1" instanceRef="Lut-U51_0_1InvLut"/>
					<portRef name="ADR1" instanceRef="Lut-U64_0_2InvLut"/>
					<portRef name="I" instanceRef="Buf-pad-LED1[6]"/>
					<portRef name="I" instanceRef="Buf-pad-LED1[5]"/>
				</net>
				<net name="net_Lut-U58_0">
					<portRef name="O" instanceRef="Lut-U58_0"/>
					<portRef name="ADR0" instanceRef="Lut-U58_0InvLut"/>
				</net>
				<net name="net_Lut-U53_0_2">
					<portRef name="O" instanceRef="Lut-U53_0_2"/>
					<portRef name="ADR0" instanceRef="Lut-U53_0_2InvLut"/>
				</net>
				<net name="net_Lut-U59_2">
					<portRef name="O" instanceRef="Lut-U59_2"/>
					<portRef name="ADR0" instanceRef="Lut-U59_2InvLut"/>
				</net>
				<net name="net_Lut-U51_0_1">
					<portRef name="O" instanceRef="Lut-U51_0_1"/>
					<portRef name="ADR0" instanceRef="Lut-U51_0_1InvLut"/>
				</net>
				<net name="net_Lut-U64_0_2">
					<portRef name="O" instanceRef="Lut-U64_0_2"/>
					<portRef name="ADR0" instanceRef="Lut-U64_0_2InvLut"/>
				</net>
				<net name="net_Buf-pad-clk">
					<portRef name="O" instanceRef="Buf-pad-clk"/>
					<portRef name="I" instanceRef="IBuf-clkpad-clk"/>
				</net>
				<net name="net_LED1_reg[2]">
					<portRef name="Q" instanceRef="LED1_reg[2]"/>
					<portRef name="I" instanceRef="Buf-pad-LED1[7]"/>
					<portRef name="I" instanceRef="Buf-pad-LED1[4]"/>
					<portRef name="I" instanceRef="Buf-pad-LED1[3]"/>
					<portRef name="I" instanceRef="Buf-pad-LED1[2]"/>
				</net>
				<net name="net_U49">
					<portRef name="LOGIC_0_PIN" instanceRef="U49"/>
					<portRef name="I" instanceRef="Buf-pad-LED1[1]"/>
					<portRef name="I" instanceRef="Buf-pad-LED1[0]"/>
					<portRef name="I" instanceRef="Buf-pad-LED0[0]"/>
				</net>
				<net name="net_LED0_reg[7]">
					<portRef name="Q" instanceRef="LED0_reg[7]"/>
					<portRef name="I" instanceRef="Buf-pad-LED0[7]"/>
				</net>
				<net name="net_LED0_reg[6]">
					<portRef name="Q" instanceRef="LED0_reg[6]"/>
					<portRef name="I" instanceRef="Buf-pad-LED0[6]"/>
				</net>
				<net name="net_LED0_reg[5]">
					<portRef name="Q" instanceRef="LED0_reg[5]"/>
					<portRef name="I" instanceRef="Buf-pad-LED0[5]"/>
				</net>
				<net name="net_LED0_reg[4]">
					<portRef name="Q" instanceRef="LED0_reg[4]"/>
					<portRef name="I" instanceRef="Buf-pad-LED0[4]"/>
				</net>
				<net name="net_LED0_reg[3]">
					<portRef name="Q" instanceRef="LED0_reg[3]"/>
					<portRef name="I" instanceRef="Buf-pad-LED0[3]"/>
				</net>
				<net name="net_LED0_reg[2]">
					<portRef name="Q" instanceRef="LED0_reg[2]"/>
					<portRef name="I" instanceRef="Buf-pad-LED0[2]"/>
				</net>
				<net name="net_LED0_reg[1]">
					<portRef name="Q" instanceRef="LED0_reg[1]"/>
					<portRef name="I" instanceRef="Buf-pad-LED0[1]"/>
				</net>
				<net name="net_Lut-U56_2InvLut">
					<portRef name="O" instanceRef="Lut-U56_2InvLut"/>
					<portRef name="D" instanceRef="LED1_reg[2]"/>
				</net>
				<net name="net_IBuf-clkpad-clk" type="clock">
					<portRef name="O" instanceRef="IBuf-clkpad-clk"/>
					<portRef name="CK" instanceRef="LED1_reg[2]"/>
					<portRef name="CK" instanceRef="LED0_reg[7]"/>
					<portRef name="CK" instanceRef="LED0_reg[6]"/>
					<portRef name="CK" instanceRef="LED0_reg[5]"/>
					<portRef name="CK" instanceRef="LED0_reg[4]"/>
					<portRef name="CK" instanceRef="LED0_reg[3]"/>
					<portRef name="CK" instanceRef="LED0_reg[2]"/>
					<portRef name="CK" instanceRef="LED0_reg[1]"/>
				</net>
				<net name="net_Lut-U58_0InvLut">
					<portRef name="O" instanceRef="Lut-U58_0InvLut"/>
					<portRef name="D" instanceRef="LED0_reg[7]"/>
				</net>
				<net name="net_Lut-U53_0_2InvLut">
					<portRef name="O" instanceRef="Lut-U53_0_2InvLut"/>
					<portRef name="D" instanceRef="LED0_reg[6]"/>
				</net>
				<net name="net_Lut-U83_0_2InvLut">
					<portRef name="O" instanceRef="Lut-U83_0_2InvLut"/>
					<portRef name="D" instanceRef="LED0_reg[5]"/>
				</net>
				<net name="net_Lut-U59_2InvLut">
					<portRef name="O" instanceRef="Lut-U59_2InvLut"/>
					<portRef name="D" instanceRef="LED0_reg[4]"/>
				</net>
				<net name="net_Lut-U60_1InvLut">
					<portRef name="O" instanceRef="Lut-U60_1InvLut"/>
					<portRef name="D" instanceRef="LED0_reg[3]"/>
				</net>
				<net name="net_Lut-U51_0_1InvLut">
					<portRef name="O" instanceRef="Lut-U51_0_1InvLut"/>
					<portRef name="D" instanceRef="LED0_reg[2]"/>
				</net>
				<net name="net_Lut-U64_0_2InvLut">
					<portRef name="O" instanceRef="Lut-U64_0_2InvLut"/>
					<portRef name="D" instanceRef="LED0_reg[1]"/>
				</net>
				<net name="LED1[7]">
					<portRef name="PAD" instanceRef="LED1[7]_opad"/>
					<portRef name="O" instanceRef="Buf-pad-LED1[7]"/>
					<portRef name="LED1[7]"/>
				</net>
				<net name="LED1[6]">
					<portRef name="PAD" instanceRef="LED1[6]_opad"/>
					<portRef name="O" instanceRef="Buf-pad-LED1[6]"/>
					<portRef name="LED1[6]"/>
				</net>
				<net name="LED1[5]">
					<portRef name="PAD" instanceRef="LED1[5]_opad"/>
					<portRef name="O" instanceRef="Buf-pad-LED1[5]"/>
					<portRef name="LED1[5]"/>
				</net>
				<net name="LED1[4]">
					<portRef name="PAD" instanceRef="LED1[4]_opad"/>
					<portRef name="O" instanceRef="Buf-pad-LED1[4]"/>
					<portRef name="LED1[4]"/>
				</net>
				<net name="LED1[3]">
					<portRef name="PAD" instanceRef="LED1[3]_opad"/>
					<portRef name="O" instanceRef="Buf-pad-LED1[3]"/>
					<portRef name="LED1[3]"/>
				</net>
				<net name="LED1[2]">
					<portRef name="PAD" instanceRef="LED1[2]_opad"/>
					<portRef name="O" instanceRef="Buf-pad-LED1[2]"/>
					<portRef name="LED1[2]"/>
				</net>
				<net name="LED1[1]">
					<portRef name="PAD" instanceRef="LED1[1]_opad"/>
					<portRef name="O" instanceRef="Buf-pad-LED1[1]"/>
					<portRef name="LED1[1]"/>
				</net>
				<net name="LED1[0]">
					<portRef name="PAD" instanceRef="LED1[0]_opad"/>
					<portRef name="O" instanceRef="Buf-pad-LED1[0]"/>
					<portRef name="LED1[0]"/>
				</net>
				<net name="LED0[7]">
					<portRef name="PAD" instanceRef="LED0[7]_opad"/>
					<portRef name="O" instanceRef="Buf-pad-LED0[7]"/>
					<portRef name="LED0[7]"/>
				</net>
				<net name="LED0[6]">
					<portRef name="PAD" instanceRef="LED0[6]_opad"/>
					<portRef name="O" instanceRef="Buf-pad-LED0[6]"/>
					<portRef name="LED0[6]"/>
				</net>
				<net name="LED0[5]">
					<portRef name="PAD" instanceRef="LED0[5]_opad"/>
					<portRef name="O" instanceRef="Buf-pad-LED0[5]"/>
					<portRef name="LED0[5]"/>
				</net>
				<net name="LED0[4]">
					<portRef name="PAD" instanceRef="LED0[4]_opad"/>
					<portRef name="O" instanceRef="Buf-pad-LED0[4]"/>
					<portRef name="LED0[4]"/>
				</net>
				<net name="LED0[3]">
					<portRef name="PAD" instanceRef="LED0[3]_opad"/>
					<portRef name="O" instanceRef="Buf-pad-LED0[3]"/>
					<portRef name="LED0[3]"/>
				</net>
				<net name="LED0[2]">
					<portRef name="PAD" instanceRef="LED0[2]_opad"/>
					<portRef name="O" instanceRef="Buf-pad-LED0[2]"/>
					<portRef name="LED0[2]"/>
				</net>
				<net name="LED0[1]">
					<portRef name="PAD" instanceRef="LED0[1]_opad"/>
					<portRef name="O" instanceRef="Buf-pad-LED0[1]"/>
					<portRef name="LED0[1]"/>
				</net>
				<net name="LED0[0]">
					<portRef name="PAD" instanceRef="LED0[0]_opad"/>
					<portRef name="O" instanceRef="Buf-pad-LED0[0]"/>
					<portRef name="LED0[0]"/>
				</net>
			</contents>
		</module>
	</library>
	<topModule name="lab6" libraryRef="work_lib"/>
</design>

