<design name="lab6">
	<external name="cell_lib">
		<module name="DFFHQ" type="FFLATCH">
			<property name="edge" value="rise"/>
			<port name="D" direction="input"/>
			<port name="CK" direction="input" type="clock"/>
			<port name="Q" direction="output"/>
		</module>
		<module name="LOGIC_1" type="MACRO">
			<property name="truthtable" value="|1"/>
			<port name="LOGIC_1_PIN" direction="output"/>
		</module>
		<module name="LOGIC_0" type="MACRO">
			<property name="truthtable" value="|0"/>
			<port name="LOGIC_0_PIN" direction="output"/>
		</module>
		<module name="INV" type="COMB">
			<property name="truthtable" value="0"/>
			<port name="A" direction="input"/>
			<port name="Y" direction="output"/>
		</module>
		<module name="NOR3B" type="COMB">
			<property name="truthtable" value="100"/>
			<port name="AN" direction="input"/>
			<port name="B" direction="input"/>
			<port name="C" direction="input"/>
			<port name="Y" direction="output"/>
		</module>
		<module name="NOR4BB" type="COMB">
			<property name="truthtable" value="1100"/>
			<port name="AN" direction="input"/>
			<port name="BN" direction="input"/>
			<port name="C" direction="input"/>
			<port name="D" direction="input"/>
			<port name="Y" direction="output"/>
		</module>
		<module name="NOR3" type="COMB">
			<property name="truthtable" value="000"/>
			<port name="A" direction="input"/>
			<port name="B" direction="input"/>
			<port name="C" direction="input"/>
			<port name="Y" direction="output"/>
		</module>
		<module name="OR4" type="COMB">
			<property name="truthtable" value="1---|-1--|--1-|---1"/>
			<port name="A" direction="input"/>
			<port name="B" direction="input"/>
			<port name="C" direction="input"/>
			<port name="D" direction="input"/>
			<port name="Y" direction="output"/>
		</module>
		<module name="OR2" type="COMB">
			<property name="truthtable" value="1-|-1"/>
			<port name="A" direction="input"/>
			<port name="B" direction="input"/>
			<port name="Y" direction="output"/>
		</module>
		<module name="NAND3B" type="COMB">
			<property name="truthtable" value="1--|-0-|--0"/>
			<port name="AN" direction="input"/>
			<port name="B" direction="input"/>
			<port name="C" direction="input"/>
			<port name="Y" direction="output"/>
		</module>
		<module name="NOR4" type="COMB">
			<property name="truthtable" value="0000"/>
			<port name="A" direction="input"/>
			<port name="B" direction="input"/>
			<port name="C" direction="input"/>
			<port name="D" direction="input"/>
			<port name="Y" direction="output"/>
		</module>
		<module name="NOR2" type="COMB">
			<property name="truthtable" value="00"/>
			<port name="A" direction="input"/>
			<port name="B" direction="input"/>
			<port name="Y" direction="output"/>
		</module>
		<module name="OR3" type="COMB">
			<property name="truthtable" value="1--|-1-|--1"/>
			<port name="A" direction="input"/>
			<port name="B" direction="input"/>
			<port name="C" direction="input"/>
			<port name="Y" direction="output"/>
		</module>
	</external>
	<library name="work_lib">
		<module name="lab6" type="GENERIC">
			<port name="RPB" msb="10" lsb="0" direction="input"/>
			<port name="LED1" msb="7" lsb="0" direction="output"/>
			<port name="LED0" msb="7" lsb="0" direction="output"/>
			<port name="clk" direction="input"/>
			<contents>
				<instance name="LED1_reg[2]" moduleRef="DFFHQ" libraryRef="cell_lib"/>
				<instance name="LED0_reg[7]" moduleRef="DFFHQ" libraryRef="cell_lib"/>
				<instance name="LED0_reg[6]" moduleRef="DFFHQ" libraryRef="cell_lib"/>
				<instance name="LED0_reg[5]" moduleRef="DFFHQ" libraryRef="cell_lib"/>
				<instance name="LED0_reg[4]" moduleRef="DFFHQ" libraryRef="cell_lib"/>
				<instance name="LED0_reg[3]" moduleRef="DFFHQ" libraryRef="cell_lib"/>
				<instance name="LED0_reg[2]" moduleRef="DFFHQ" libraryRef="cell_lib"/>
				<instance name="LED0_reg[1]" moduleRef="DFFHQ" libraryRef="cell_lib"/>
				<instance name="U48" moduleRef="LOGIC_1" libraryRef="cell_lib"/>
				<instance name="U49" moduleRef="LOGIC_0" libraryRef="cell_lib"/>
				<instance name="U50" moduleRef="INV" libraryRef="cell_lib"/>
				<instance name="U51" moduleRef="NOR3B" libraryRef="cell_lib"/>
				<instance name="U52" moduleRef="INV" libraryRef="cell_lib"/>
				<instance name="U53" moduleRef="NOR4BB" libraryRef="cell_lib"/>
				<instance name="U54" moduleRef="NOR3B" libraryRef="cell_lib"/>
				<instance name="U55" moduleRef="NOR3" libraryRef="cell_lib"/>
				<instance name="U56" moduleRef="OR4" libraryRef="cell_lib"/>
				<instance name="U57" moduleRef="INV" libraryRef="cell_lib"/>
				<instance name="U58" moduleRef="OR2" libraryRef="cell_lib"/>
				<instance name="U59" moduleRef="OR4" libraryRef="cell_lib"/>
				<instance name="U60" moduleRef="NAND3B" libraryRef="cell_lib"/>
				<instance name="U61" moduleRef="NOR3" libraryRef="cell_lib"/>
				<instance name="U62" moduleRef="NOR4BB" libraryRef="cell_lib"/>
				<instance name="U63" moduleRef="NOR3B" libraryRef="cell_lib"/>
				<instance name="U64" moduleRef="NOR4BB" libraryRef="cell_lib"/>
				<instance name="U65" moduleRef="NOR4BB" libraryRef="cell_lib"/>
				<instance name="U66" moduleRef="NOR3" libraryRef="cell_lib"/>
				<instance name="U67" moduleRef="NOR4BB" libraryRef="cell_lib"/>
				<instance name="U68" moduleRef="NOR4" libraryRef="cell_lib"/>
				<instance name="U69" moduleRef="NOR4BB" libraryRef="cell_lib"/>
				<instance name="U70" moduleRef="NOR4BB" libraryRef="cell_lib"/>
				<instance name="U71" moduleRef="NOR2" libraryRef="cell_lib"/>
				<instance name="U72" moduleRef="NOR2" libraryRef="cell_lib"/>
				<instance name="U73" moduleRef="NOR4BB" libraryRef="cell_lib"/>
				<instance name="U74" moduleRef="NOR3" libraryRef="cell_lib"/>
				<instance name="U75" moduleRef="NOR3B" libraryRef="cell_lib"/>
				<instance name="U76" moduleRef="OR3" libraryRef="cell_lib"/>
				<instance name="U77" moduleRef="NOR4BB" libraryRef="cell_lib"/>
				<instance name="U78" moduleRef="NOR4BB" libraryRef="cell_lib"/>
				<instance name="U79" moduleRef="NOR4BB" libraryRef="cell_lib"/>
				<instance name="U80" moduleRef="NOR3" libraryRef="cell_lib"/>
				<instance name="U81" moduleRef="OR4" libraryRef="cell_lib"/>
				<instance name="U82" moduleRef="INV" libraryRef="cell_lib"/>
				<instance name="U83" moduleRef="NOR4BB" libraryRef="cell_lib"/>
				<instance name="U84" moduleRef="OR4" libraryRef="cell_lib"/>
				<instance name="U85" moduleRef="OR3" libraryRef="cell_lib"/>
				<instance name="U86" moduleRef="NOR3" libraryRef="cell_lib"/>
				<net name="RPB[10]">
					<portRef name="RPB[10]"/>
					<portRef name="D" instanceRef="U67"/>
					<portRef name="D" instanceRef="U69"/>
					<portRef name="BN" instanceRef="U73"/>
					<portRef name="B" instanceRef="U81"/>
					<portRef name="A" instanceRef="U86"/>
				</net>
				<net name="RPB[9]">
					<portRef name="RPB[9]"/>
					<portRef name="C" instanceRef="U74"/>
					<portRef name="C" instanceRef="U81"/>
					<portRef name="BN" instanceRef="U83"/>
				</net>
				<net name="RPB[8]">
					<portRef name="RPB[8]"/>
					<portRef name="BN" instanceRef="U67"/>
					<portRef name="C" instanceRef="U69"/>
					<portRef name="C" instanceRef="U73"/>
					<portRef name="D" instanceRef="U81"/>
					<portRef name="B" instanceRef="U86"/>
				</net>
				<net name="RPB[7]">
					<portRef name="RPB[7]"/>
					<portRef name="C" instanceRef="U67"/>
					<portRef name="AN" instanceRef="U69"/>
					<portRef name="D" instanceRef="U73"/>
					<portRef name="A" instanceRef="U81"/>
					<portRef name="C" instanceRef="U86"/>
				</net>
				<net name="RPB[6]">
					<portRef name="RPB[6]"/>
					<portRef name="AN" instanceRef="U65"/>
					<portRef name="C" instanceRef="U80"/>
					<portRef name="C" instanceRef="U84"/>
				</net>
				<net name="RPB[5]">
					<portRef name="RPB[5]"/>
					<portRef name="C" instanceRef="U66"/>
					<portRef name="D" instanceRef="U77"/>
					<portRef name="AN" instanceRef="U78"/>
					<portRef name="C" instanceRef="U79"/>
					<portRef name="D" instanceRef="U84"/>
				</net>
				<net name="RPB[4]">
					<portRef name="RPB[4]"/>
					<portRef name="A" instanceRef="U66"/>
					<portRef name="C" instanceRef="U77"/>
					<portRef name="C" instanceRef="U78"/>
					<portRef name="BN" instanceRef="U79"/>
					<portRef name="A" instanceRef="U84"/>
				</net>
				<net name="RPB[3]">
					<portRef name="RPB[3]"/>
					<portRef name="B" instanceRef="U66"/>
					<portRef name="BN" instanceRef="U77"/>
					<portRef name="D" instanceRef="U78"/>
					<portRef name="D" instanceRef="U79"/>
					<portRef name="B" instanceRef="U84"/>
				</net>
				<net name="RPB[2]">
					<portRef name="RPB[2]"/>
					<portRef name="AN" instanceRef="U70"/>
					<portRef name="C" instanceRef="U76"/>
					<portRef name="C" instanceRef="U85"/>
				</net>
				<net name="RPB[1]">
					<portRef name="RPB[1]"/>
					<portRef name="C" instanceRef="U63"/>
					<portRef name="B" instanceRef="U71"/>
					<portRef name="AN" instanceRef="U75"/>
					<portRef name="B" instanceRef="U85"/>
				</net>
				<net name="RPB[0]">
					<portRef name="RPB[0]"/>
					<portRef name="AN" instanceRef="U63"/>
					<portRef name="A" instanceRef="U71"/>
					<portRef name="C" instanceRef="U75"/>
					<portRef name="A" instanceRef="U85"/>
				</net>
				<net name="LED0[7]">
					<portRef name="Q" instanceRef="LED0_reg[7]"/>
					<portRef name="LED0[7]"/>
				</net>
				<net name="LED0[6]">
					<portRef name="Q" instanceRef="LED0_reg[6]"/>
					<portRef name="LED0[6]"/>
				</net>
				<net name="LED0[5]">
					<portRef name="Q" instanceRef="LED0_reg[5]"/>
					<portRef name="LED0[5]"/>
				</net>
				<net name="LED0[4]">
					<portRef name="Q" instanceRef="LED0_reg[4]"/>
					<portRef name="LED0[4]"/>
				</net>
				<net name="LED0[3]">
					<portRef name="Q" instanceRef="LED0_reg[3]"/>
					<portRef name="LED0[3]"/>
				</net>
				<net name="LED0[2]">
					<portRef name="Q" instanceRef="LED0_reg[2]"/>
					<portRef name="LED0[2]"/>
				</net>
				<net name="LED0[1]">
					<portRef name="Q" instanceRef="LED0_reg[1]"/>
					<portRef name="LED0[1]"/>
				</net>
				<net name="clk">
					<portRef name="clk"/>
					<portRef name="CK" instanceRef="LED1_reg[2]"/>
					<portRef name="CK" instanceRef="LED0_reg[7]"/>
					<portRef name="CK" instanceRef="LED0_reg[6]"/>
					<portRef name="CK" instanceRef="LED0_reg[5]"/>
					<portRef name="CK" instanceRef="LED0_reg[4]"/>
					<portRef name="CK" instanceRef="LED0_reg[3]"/>
					<portRef name="CK" instanceRef="LED0_reg[2]"/>
					<portRef name="CK" instanceRef="LED0_reg[1]"/>
				</net>
				<net name="N95">
					<portRef name="Y" instanceRef="U56"/>
					<portRef name="D" instanceRef="LED1_reg[2]"/>
				</net>
				<net name="N98">
					<portRef name="Y" instanceRef="U60"/>
					<portRef name="D" instanceRef="LED0_reg[3]"/>
					<portRef name="A" instanceRef="U59"/>
				</net>
				<net name="N99">
					<portRef name="Y" instanceRef="U59"/>
					<portRef name="D" instanceRef="LED0_reg[4]"/>
					<portRef name="B" instanceRef="U58"/>
				</net>
				<net name="N100">
					<portRef name="Y" instanceRef="U82"/>
					<portRef name="D" instanceRef="LED0_reg[5]"/>
					<portRef name="C" instanceRef="U60"/>
					<portRef name="BN" instanceRef="U64"/>
				</net>
				<net name="N102">
					<portRef name="Y" instanceRef="U58"/>
					<portRef name="D" instanceRef="LED0_reg[7]"/>
				</net>
				<net name="n1">
					<portRef name="Y" instanceRef="U52"/>
					<portRef name="D" instanceRef="LED0_reg[6]"/>
				</net>
				<net name="n2">
					<portRef name="Y" instanceRef="U50"/>
					<portRef name="D" instanceRef="LED0_reg[2]"/>
				</net>
				<net name="n3">
					<portRef name="Y" instanceRef="U57"/>
					<portRef name="D" instanceRef="LED0_reg[1]"/>
					<portRef name="A" instanceRef="U56"/>
				</net>
				<net name="n38">
					<portRef name="Y" instanceRef="U51"/>
					<portRef name="A" instanceRef="U50"/>
				</net>
				<net name="n39">
					<portRef name="Y" instanceRef="U54"/>
					<portRef name="AN" instanceRef="U51"/>
					<portRef name="BN" instanceRef="U53"/>
				</net>
				<net name="n40">
					<portRef name="Y" instanceRef="U65"/>
					<portRef name="B" instanceRef="U51"/>
					<portRef name="C" instanceRef="U59"/>
					<portRef name="D" instanceRef="U64"/>
				</net>
				<net name="n41">
					<portRef name="Y" instanceRef="U78"/>
					<portRef name="C" instanceRef="U51"/>
					<portRef name="AN" instanceRef="U60"/>
					<portRef name="B" instanceRef="U68"/>
				</net>
				<net name="n42">
					<portRef name="Y" instanceRef="U53"/>
					<portRef name="A" instanceRef="U52"/>
				</net>
				<net name="n43">
					<portRef name="Y" instanceRef="U55"/>
					<portRef name="AN" instanceRef="U53"/>
				</net>
				<net name="n44">
					<portRef name="Y" instanceRef="U83"/>
					<portRef name="C" instanceRef="U53"/>
					<portRef name="A" instanceRef="U82"/>
				</net>
				<net name="n45">
					<portRef name="Y" instanceRef="U73"/>
					<portRef name="D" instanceRef="U53"/>
					<portRef name="B" instanceRef="U56"/>
					<portRef name="B" instanceRef="U72"/>
				</net>
				<net name="n46">
					<portRef name="Y" instanceRef="U61"/>
					<portRef name="AN" instanceRef="U54"/>
					<portRef name="B" instanceRef="U60"/>
				</net>
				<net name="n47">
					<portRef name="Y" instanceRef="U70"/>
					<portRef name="B" instanceRef="U54"/>
					<portRef name="D" instanceRef="U59"/>
					<portRef name="A" instanceRef="U68"/>
				</net>
				<net name="n48">
					<portRef name="Y" instanceRef="U69"/>
					<portRef name="C" instanceRef="U54"/>
					<portRef name="C" instanceRef="U68"/>
				</net>
				<net name="n49">
					<portRef name="Y" instanceRef="U79"/>
					<portRef name="A" instanceRef="U55"/>
					<portRef name="D" instanceRef="U56"/>
					<portRef name="A" instanceRef="U58"/>
					<portRef name="A" instanceRef="U72"/>
				</net>
				<net name="n50">
					<portRef name="Y" instanceRef="U67"/>
					<portRef name="B" instanceRef="U55"/>
					<portRef name="B" instanceRef="U59"/>
					<portRef name="C" instanceRef="U64"/>
				</net>
				<net name="n51">
					<portRef name="Y" instanceRef="U63"/>
					<portRef name="C" instanceRef="U55"/>
					<portRef name="D" instanceRef="U62"/>
				</net>
				<net name="n52">
					<portRef name="Y" instanceRef="U62"/>
					<portRef name="C" instanceRef="U56"/>
					<portRef name="C" instanceRef="U61"/>
				</net>
				<net name="n53">
					<portRef name="Y" instanceRef="U64"/>
					<portRef name="A" instanceRef="U57"/>
					<portRef name="BN" instanceRef="U62"/>
				</net>
				<net name="n54">
					<portRef name="Y" instanceRef="U77"/>
					<portRef name="A" instanceRef="U61"/>
					<portRef name="D" instanceRef="U68"/>
				</net>
				<net name="n55">
					<portRef name="Y" instanceRef="U75"/>
					<portRef name="B" instanceRef="U61"/>
					<portRef name="C" instanceRef="U62"/>
				</net>
				<net name="n56">
					<portRef name="Y" instanceRef="U72"/>
					<portRef name="AN" instanceRef="U62"/>
				</net>
				<net name="n57">
					<portRef name="Y" instanceRef="U76"/>
					<portRef name="B" instanceRef="U63"/>
					<portRef name="B" instanceRef="U75"/>
				</net>
				<net name="n58">
					<portRef name="Y" instanceRef="U68"/>
					<portRef name="AN" instanceRef="U64"/>
				</net>
				<net name="n59">
					<portRef name="Y" instanceRef="U66"/>
					<portRef name="BN" instanceRef="U65"/>
				</net>
				<net name="n60">
					<portRef name="Y" instanceRef="U81"/>
					<portRef name="C" instanceRef="U65"/>
					<portRef name="C" instanceRef="U70"/>
					<portRef name="B" instanceRef="U76"/>
					<portRef name="B" instanceRef="U80"/>
				</net>
				<net name="n61">
					<portRef name="Y" instanceRef="U85"/>
					<portRef name="D" instanceRef="U65"/>
					<portRef name="B" instanceRef="U74"/>
					<portRef name="A" instanceRef="U80"/>
					<portRef name="C" instanceRef="U83"/>
				</net>
				<net name="n62">
					<portRef name="Y" instanceRef="U74"/>
					<portRef name="AN" instanceRef="U67"/>
					<portRef name="BN" instanceRef="U69"/>
					<portRef name="AN" instanceRef="U73"/>
				</net>
				<net name="n63">
					<portRef name="Y" instanceRef="U71"/>
					<portRef name="BN" instanceRef="U70"/>
				</net>
				<net name="n64">
					<portRef name="Y" instanceRef="U84"/>
					<portRef name="D" instanceRef="U70"/>
					<portRef name="A" instanceRef="U74"/>
					<portRef name="A" instanceRef="U76"/>
					<portRef name="D" instanceRef="U83"/>
				</net>
				<net name="n65">
					<portRef name="Y" instanceRef="U80"/>
					<portRef name="AN" instanceRef="U77"/>
					<portRef name="BN" instanceRef="U78"/>
					<portRef name="AN" instanceRef="U79"/>
				</net>
				<net name="n66">
					<portRef name="Y" instanceRef="U86"/>
					<portRef name="AN" instanceRef="U83"/>
				</net>
				<net name="">
					<portRef name="Q" instanceRef="LED1_reg[2]"/>
					<portRef name="LED1[2]"/>
					<portRef name="LED1[3]"/>
					<portRef name="LED1[4]"/>
					<portRef name="LED1[7]"/>
				</net>
				<net name="">
					<portRef name="LOGIC_1_PIN" instanceRef="U48"/>
					<portRef name="LED1[5]"/>
					<portRef name="LED1[6]"/>
				</net>
				<net name="">
					<portRef name="LOGIC_0_PIN" instanceRef="U49"/>
					<portRef name="LED0[0]"/>
					<portRef name="LED1[0]"/>
					<portRef name="LED1[1]"/>
				</net>
			</contents>
		</module>
	</library>
	<topModule name="lab6" libraryRef="work_lib"/>
</design>

